MX2 Graphics Demo - Shader Compilation Failures
Generated: 2026-07-17T05:44:12.034Z
Failed shaders: 273

================================================================================
[1] 4ac_rand.glsl
3D program: FAILED
2D program: FAILED

Compiler output:
[stderr] Error on Fragment compile
[stderr] Shader: ERROR: 0:2: '
[stderr] ' : #version directive must occur on the first line of the shader
[stderr] ERROR: 0:6: 'in' : storage qualifier supported in GLSL ES 3.00 and above only
[stderr] ERROR: 0:8: 'out' : storage qualifier supported in GLSL ES 3.00 and above only
[stderr] ERROR: 0:17: 'texture' : no matching overloaded function found
[stderr] ERROR: 0:17: '=' : dimension mismatch
[stderr] ERROR: 0:17: '=' : cannot convert from 'const mediump float' to 'highp 4-component vector of float'
[stderr] ERROR: 0:18: 'texture' : no matching overloaded function found
[stderr] ERROR: 0:18: '=' : dimension mismatch
[stderr] ERROR: 0:18: '=' : cannot convert from 'const mediump float' to 'highp 4-component vector of float'
[stderr] ERROR: 0:19: 'texture' : no matching overloaded function found
[stderr] ERROR: 0:19: '=' : dimension mismatch
[stderr] ERROR: 0:19: '=' : cannot convert from 'const mediump float' to 'highp 4-component vector of float'
[stderr] ERROR: 0:32: 'texture' : no matching overloaded function found
[stderr] ERROR: 0:32: '=' : dimension mismatch
[stderr] ERROR: 0:32: '=' : cannot convert from 'const mediump float' to 'highp 4-component vector of float'
[stderr] Error on Fragment compile
[stderr] Shader: ERROR: 0:2: '
[stderr] ' : #version directive must occur on the first line of the shader
[stderr] ERROR: 0:6: 'in' : storage qualifier supported in GLSL ES 3.00 and above only
[stderr] ERROR: 0:8: 'out' : storage qualifier supported in GLSL ES 3.00 and above only
[stderr] ERROR: 0:17: 'texture' : no matching overloaded function found
[stderr] ERROR: 0:17: '=' : dimension mismatch
[stderr] ERROR: 0:17: '=' : cannot convert from 'const mediump float' to 'highp 4-component vector of float'
[stderr] ERROR: 0:18: 'texture' : no matching overloaded function found
[stderr] ERROR: 0:18: '=' : dimension mismatch
[stderr] ERROR: 0:18: '=' : cannot convert from 'const mediump float' to 'highp 4-component vector of float'
[stderr] ERROR: 0:19: 'texture' : no matching overloaded function found
[stderr] ERROR: 0:19: '=' : dimension mismatch
[stderr] ERROR: 0:19: '=' : cannot convert from 'const mediump float' to 'highp 4-component vector of float'
[stderr] ERROR: 0:32: 'texture' : no matching overloaded function found
[stderr] ERROR: 0:32: '=' : dimension mismatch
[stderr] ERROR: 0:32: '=' : cannot convert from 'const mediump float' to 'highp 4-component vector of float'

Converted GLSL source:

#version 300 es
precision highp float;
precision highp int;

in vec2 TexCoord;
#define tc TexCoord
out vec4 color;

uniform sampler2D samp;
uniform float time_f;

vec4 multiLevelBlend(vec2 tc, sampler2D tex) {
    vec2 cord1 = vec2(tc.x / 2.0, tc.y / 2.0);
    vec2 cord2 = vec2(tc.x / 4.0, tc.y / 4.0);
    vec2 cord3 = vec2(tc.x / 8.0, tc.y / 8.0);
    vec4 col1 = texture(tex, cord1);
    vec4 col2 = texture(tex, cord2);
    vec4 col3 = texture(tex, cord3);
    return vec4(col1.r + col2.r, col1.g + col2.g, col1.b + col3.b, 1.0);
}

void main(void) {
    vec2 normCoord = tc;

    float distortionStrength = 0.02;
    float distortionFrequency = 15.0;
    float distortion1 = sin(normCoord.y * distortionFrequency + time_f) * distortionStrength;
    float distortion2 = cos((normCoord.x + normCoord.y) * distortionFrequency + time_f) * distortionStrength;
    vec2 distortedTC = normCoord + vec2(distortion1, distortion2);

    vec4 baseColor = texture(samp, distortedTC);
    vec4 blendedColor = multiLevelBlend(distortedTC, samp);

    float val = (blendedColor.r + blendedColor.g + blendedColor.b) * 0.5;
    for (int q = 0; q < 3; ++q) {
        blendedColor[q] *= sin(val * blendedColor[q] / 0.3);
    }

    color = (0.5 * blendedColor) + (0.5 * baseColor);
}



================================================================================
[2] 4rand.glsl
3D program: FAILED
2D program: FAILED

Compiler output:
[stderr] Error on Fragment compile
[stderr] Shader: ERROR: 0:2: '
[stderr] ' : #version directive must occur on the first line of the shader
[stderr] ERROR: 0:6: 'in' : storage qualifier supported in GLSL ES 3.00 and above only
[stderr] ERROR: 0:8: 'out' : storage qualifier supported in GLSL ES 3.00 and above only
[stderr] ERROR: 0:16: 'first-class array' : not supported
[stderr] ERROR: 0:16: '[]' : array constructor supported in GLSL ES 3.00 and above only
[stderr] ERROR: 0:16: '=' : array / non-array mismatch
[stderr] ERROR: 0:16: '=' : cannot convert from 'const array[16] of float' to 'highp float'
[stderr] ERROR: 0:17: 'first-class array' : not supported
[stderr] ERROR: 0:17: '[]' : array constructor supported in GLSL ES 3.00 and above only
[stderr] ERROR: 0:17: '=' : array / non-array mismatch
[stderr] ERROR: 0:17: '=' : cannot convert from 'const array[16] of float' to 'highp float'
[stderr] ERROR: 0:18: 'first-class array' : not supported
[stderr] ERROR: 0:18: '[]' : array constructor supported in GLSL ES 3.00 and above only
[stderr] ERROR: 0:18: '=' : array / non-array mismatch
[stderr] ERROR: 0:18: '=' : cannot convert from 'const array[16] of float' to 'highp float'
[stderr] ERROR: 0:22: 'rVals' :  left of '[' is not of type array, matrix, or vector
[stderr] ERROR: 0:22: 'gVals' :  left of '[' is not of type array, matrix, or vector
[stderr] ERROR: 0:22: 'bVals' :  left of '[' is not of type array, matrix, or vector
[stderr] ERROR: 0:28: 'i' : Loop index cannot be compared with non-constant expression
[stderr] ERROR: 0:29: '*' : wrong operand types - no operation '*' exists that takes a left-hand operand of type 'highp int' and a right operand of type 'highp float' (or there is no acceptable conversion)
[stderr] ERROR: 0:29: '/' : wrong operand types - no operation '/' exists that takes a left-hand operand of type 'in highp 2-component vector of float' and a right operand of type 'highp int' (or there is no acceptable conversion)
[stderr] ERROR: 0:29: 'texture' : no matching overloaded function found
[stderr] ERROR: 0:29: '=' : dimension mismatch
[stderr] ERROR: 0:29: '=' : cannot convert from 'const mediump float' to 'highp 4-component vector of float'
[stderr] ERROR: 0:48: 'texture' : no matching overloaded function found
[stderr] ERROR: 0:48: '=' : dimension mismatch
[stderr] ERROR: 0:48: '=' : cannot convert from 'const mediump float' to 'highp 4-component vector of float'
[stderr] Error on Fragment compile
[stderr] Shader: ERROR: 0:2: '
[stderr] ' : #version directive must occur on the first line of the shader
[stderr] ERROR: 0:6: 'in' : storage qualifier supported in GLSL ES 3.00 and above only
[stderr] ERROR: 0:8: 'out' : storage qualifier supported in GLSL ES 3.00 and above only
[stderr] ERROR: 0:16: 'first-class array' : not supported
[stderr] ERROR: 0:16: '[]' : array constructor supported in GLSL ES 3.00 and above only
[stderr] ERROR: 0:16: '=' : array / non-array mismatch
[stderr] ERROR: 0:16: '=' : cannot convert from 'const array[16] of float' to 'highp float'
[stderr] ERROR: 0:17: 'first-class array' : not supported
[stderr] ERROR: 0:17: '[]' : array constructor supported in GLSL ES 3.00 and above only
[stderr] ERROR: 0:17: '=' : array / non-array mismatch
[stderr] ERROR: 0:17: '=' : cannot convert from 'const array[16] of float' to 'highp float'
[stderr] ERROR: 0:18: 'first-class array' : not supported
[stderr] ERROR: 0:18: '[]' : array constructor supported in GLSL ES 3.00 and above only
[stderr] ERROR: 0:18: '=' : array / non-array mismatch
[stderr] ERROR: 0:18: '=' : cannot convert from 'const array[16] of float' to 'highp float'
[stderr] ERROR: 0:22: 'rVals' :  left of '[' is not of type array, matrix, or vector
[stderr] ERROR: 0:22: 'gVals' :  left of '[' is not of type array, matrix, or vector
[stderr] ERROR: 0:22: 'bVals' :  left of '[' is not of type array, matrix, or vector
[stderr] ERROR: 0:28: 'i' : Loop index cannot be compared with non-constant expression
[stderr] ERROR: 0:29: '*' : wrong operand types - no operation '*' exists that takes a left-hand operand of type 'highp int' and a right operand of type 'highp float' (or there is no acceptable conversion)
[stderr] ERROR: 0:29: '/' : wrong operand types - no operation '/' exists that takes a left-hand operand of type 'in highp 2-component vector of float' and a right operand of type 'highp int' (or there is no acceptable conversion)
[stderr] ERROR: 0:29: 'texture' : no matching overloaded function found
[stderr] ERROR: 0:29: '=' : dimension mismatch
[stderr] ERROR: 0:29: '=' : cannot convert from 'const mediump float' to 'highp 4-component vector of float'
[stderr] ERROR: 0:48: 'texture' : no matching overloaded function found
[stderr] ERROR: 0:48: '=' : dimension mismatch
[stderr] ERROR: 0:48: '=' : cannot convert from 'const mediump float' to 'highp 4-component vector of float'

Converted GLSL source:

#version 300 es
precision highp float;
precision highp int;

in vec2 TexCoord;
#define tc TexCoord
out vec4 color;

uniform sampler2D samp;
uniform float time_f;
uniform vec2 iResolution;

// Function to quantize colors to an 8-bit palette
vec3 NESPalette(vec3 col) {
    float[16] rVals = float[16](0.0, 0.26, 0.5, 0.74, 1.0, 0.88, 0.62, 0.38, 0.14, 0.08, 0.22, 0.54, 0.78, 0.92, 0.96, 0.1);
    float[16] gVals = float[16](0.0, 0.13, 0.25, 0.37, 0.5, 0.44, 0.31, 0.19, 0.08, 0.13, 0.37, 0.44, 0.56, 0.69, 0.82, 0.96);
    float[16] bVals = float[16](0.0, 0.06, 0.13, 0.25, 0.38, 0.44, 0.56, 0.69, 0.82, 0.96, 0.74, 0.5, 0.25, 0.13, 0.06, 0.0);
    int idxR = int(floor(col.r * 15.0 + 0.5));
    int idxG = int(floor(col.g * 15.0 + 0.5));
    int idxB = int(floor(col.b * 15.0 + 0.5));
    return vec3(rVals[idxR], gVals[idxG], bVals[idxB]);
}

// Function to apply a feedback loop
vec4 echo_loop(vec4 baseColor, int count) {
    vec4 col = baseColor;
    for (int i = 2; i < count; i += 2) {
        vec4 pos = texture(samp, tc / (i * fract(time_f)));
        col = (0.6 * col) + (0.3 * pos);
    }
    return col;
}

// Main function
void main(void) {
    vec2 normCoord = tc;

    // Apply deformation effect
    float warpAmount = tan(time_f);
    vec2 warp = vec2(
        sin(normCoord.y * 10.0 + time_f) * warpAmount,
        cos(normCoord.x * 10.0 + time_f) * warpAmount
    );
    vec2 warpedCoord = normCoord + warp;

    // Sample texture with deformation
    vec4 texColor = texture(samp, warpedCoord);

    // Apply 8-bit palette quantization
    vec3 quantizedColor = NESPalette(texColor.rgb);
    vec4 quantizedTexColor = vec4(quantizedColor, texColor.a);

    // Apply echo loop effect
    vec4 echoedColor = echo_loop(quantizedTexColor, 14);

    // Apply negative effect
    color = vec4(1.0 - echoedColor.rgb, echoedColor.a);
}



================================================================================
[3] acid_color2.glsl
3D program: FAILED
2D program: FAILED

Compiler output:
[stderr] Error on Fragment compile
[stderr] Shader: ERROR: 0:17: '[' : array indexes for fragment outputs must be constant integral expressions
[stderr] ERROR: 0:17: '*' : wrong operand types - no operation '*' exists that takes a left-hand operand of type 'const int' and a right operand of type 'highp float' (or there is no acceptable conversion)
[stderr] ERROR: 0:19: '/' : wrong operand types - no operation '/' exists that takes a left-hand operand of type 'highp float' and a right operand of type 'const int' (or there is no acceptable conversion)
[stderr] ERROR: 0:19: '/' : wrong operand types - no operation '/' exists that takes a left-hand operand of type 'highp float' and a right operand of type 'const int' (or there is no acceptable conversion)
[stderr] ERROR: 0:20: '/' : wrong operand types - no operation '/' exists that takes a left-hand operand of type 'highp float' and a right operand of type 'const int' (or there is no acceptable conversion)
[stderr] ERROR: 0:20: '/' : wrong operand types - no operation '/' exists that takes a left-hand operand of type 'highp float' and a right operand of type 'const int' (or there is no acceptable conversion)
[stderr] ERROR: 0:21: '/' : wrong operand types - no operation '/' exists that takes a left-hand operand of type 'highp float' and a right operand of type 'const int' (or there is no acceptable conversion)
[stderr] ERROR: 0:21: '/' : wrong operand types - no operation '/' exists that takes a left-hand operand of type 'highp float' and a right operand of type 'const int' (or there is no acceptable conversion)
[stderr] ERROR: 0:30: '[' : array indexes for fragment outputs must be constant integral expressions
[stderr] ERROR: 0:30: '*' : wrong operand types - no operation '*' exists that takes a left-hand operand of type 'const int' and a right operand of type 'highp float' (or there is no acceptable conversion)
[stderr] ERROR: 0:34: '[' : array indexes for fragment outputs must be constant integral expressions
[stderr] ERROR: 0:34: '/' : wrong operand types - no operation '/' exists that takes a left-hand operand of type 'highp float' and a right operand of type 'const int' (or there is no acceptable conversion)
[stderr] Error on Fragment compile
[stderr] Shader: ERROR: 0:17: '[' : array indexes for fragment outputs must be constant integral expressions
[stderr] ERROR: 0:17: '*' : wrong operand types - no operation '*' exists that takes a left-hand operand of type 'const int' and a right operand of type 'highp float' (or there is no acceptable conversion)
[stderr] ERROR: 0:19: '/' : wrong operand types - no operation '/' exists that takes a left-hand operand of type 'highp float' and a right operand of type 'const int' (or there is no acceptable conversion)
[stderr] ERROR: 0:19: '/' : wrong operand types - no operation '/' exists that takes a left-hand operand of type 'highp float' and a right operand of type 'const int' (or there is no acceptable conversion)
[stderr] ERROR: 0:20: '/' : wrong operand types - no operation '/' exists that takes a left-hand operand of type 'highp float' and a right operand of type 'const int' (or there is no acceptable conversion)
[stderr] ERROR: 0:20: '/' : wrong operand types - no operation '/' exists that takes a left-hand operand of type 'highp float' and a right operand of type 'const int' (or there is no acceptable conversion)
[stderr] ERROR: 0:21: '/' : wrong operand types - no operation '/' exists that takes a left-hand operand of type 'highp float' and a right operand of type 'const int' (or there is no acceptable conversion)
[stderr] ERROR: 0:21: '/' : wrong operand types - no operation '/' exists that takes a left-hand operand of type 'highp float' and a right operand of type 'const int' (or there is no acceptable conversion)
[stderr] ERROR: 0:30: '[' : array indexes for fragment outputs must be constant integral expressions
[stderr] ERROR: 0:30: '*' : wrong operand types - no operation '*' exists that takes a left-hand operand of type 'const int' and a right operand of type 'highp float' (or there is no acceptable conversion)
[stderr] ERROR: 0:34: '[' : array indexes for fragment outputs must be constant integral expressions
[stderr] ERROR: 0:34: '/' : wrong operand types - no operation '/' exists that takes a left-hand operand of type 'highp float' and a right operand of type 'const int' (or there is no acceptable conversion)

Converted GLSL source:
#version 300 es
precision highp float;
precision highp int;
in vec2 TexCoord;
#define tc TexCoord
out vec4 color;
uniform float alpha_value;
uniform sampler2D samp;
uniform float time_f;


void main(void)
{
    color = texture(samp, tc);
    ivec3 source;
    for(int i = 0; i < 3; ++i) {
        source[i] = int(255 * color[i]);
    }
    vec2 cord1 = vec2(tc[0]/2, tc[1]/2);
    vec2 cord2 = vec2(tc[0]/4, tc[1]/4);
    vec2 cord3 = vec2(tc[0]/8, tc[1]/8);
    vec4 col1 = texture(samp, cord1);
    vec4 col2 = texture(samp, cord2);
    vec4 col3 = texture(samp, cord3);
    color[0] = color[0] * col1[0];
    color[1] = color[1] * col2[1];
    color[2] = color[2] * col3[2];
    ivec3 int_color;
    for(int i = 0; i < 3; ++i) {
        int_color[i] = int(255 * color[i]);
        int_color[i] = int_color[i]^source[i];
        if(int_color[i] > 255)
            int_color[i] = int_color[i]%255;
        color[i] = float(int_color[i])/255;
    }
}




================================================================================
[4] acidcolor.glsl
3D program: FAILED
2D program: FAILED

Compiler output:
[stderr] Error on Fragment compile
[stderr] Shader: ERROR: 0:2: '
[stderr] ' : #version directive must occur on the first line of the shader
[stderr] ERROR: 0:5: 'in' : storage qualifier supported in GLSL ES 3.00 and above only
[stderr] ERROR: 0:7: 'out' : storage qualifier supported in GLSL ES 3.00 and above only
[stderr] ERROR: 0:26: 'texture' : no matching overloaded function found
[stderr] ERROR: 0:26: '=' : dimension mismatch
[stderr] ERROR: 0:26: 'assign' : cannot convert from 'const mediump float' to 'out highp 4-component vector of float'
[stderr] ERROR: 0:27: '/' : wrong operand types - no operation '/' exists that takes a left-hand operand of type 'highp float' and a right operand of type 'const int' (or there is no acceptable conversion)
[stderr] ERROR: 0:27: '/' : wrong operand types - no operation '/' exists that takes a left-hand operand of type 'highp float' and a right operand of type 'const int' (or there is no acceptable conversion)
[stderr] ERROR: 0:28: '/' : wrong operand types - no operation '/' exists that takes a left-hand operand of type 'highp float' and a right operand of type 'const int' (or there is no acceptable conversion)
[stderr] ERROR: 0:28: '/' : wrong operand types - no operation '/' exists that takes a left-hand operand of type 'highp float' and a right operand of type 'const int' (or there is no acceptable conversion)
[stderr] ERROR: 0:29: '/' : wrong operand types - no operation '/' exists that takes a left-hand operand of type 'highp float' and a right operand of type 'const int' (or there is no acceptable conversion)
[stderr] ERROR: 0:29: '/' : wrong operand types - no operation '/' exists that takes a left-hand operand of type 'highp float' and a right operand of type 'const int' (or there is no acceptable conversion)
[stderr] ERROR: 0:30: 'texture' : no matching overloaded function found
[stderr] ERROR: 0:30: '=' : dimension mismatch
[stderr] ERROR: 0:30: '=' : cannot convert from 'const mediump float' to 'highp 4-component vector of float'
[stderr] ERROR: 0:31: 'texture' : no matching overloaded function found
[stderr] ERROR: 0:31: '=' : dimension mismatch
[stderr] ERROR: 0:31: '=' : cannot convert from 'const mediump float' to 'highp 4-component vector of float'
[stderr] ERROR: 0:32: 'texture' : no matching overloaded function found
[stderr] ERROR: 0:32: '=' : dimension mismatch
[stderr] ERROR: 0:32: '=' : cannot convert from 'const mediump float' to 'highp 4-component vector of float'
[stderr] Error on Fragment compile
[stderr] Shader: ERROR: 0:2: '
[stderr] ' : #version directive must occur on the first line of the shader
[stderr] ERROR: 0:5: 'in' : storage qualifier supported in GLSL ES 3.00 and above only
[stderr] ERROR: 0:7: 'out' : storage qualifier supported in GLSL ES 3.00 and above only
[stderr] ERROR: 0:26: 'texture' : no matching overloaded function found
[stderr] ERROR: 0:26: '=' : dimension mismatch
[stderr] ERROR: 0:26: 'assign' : cannot convert from 'const mediump float' to 'out highp 4-component vector of float'
[stderr] ERROR: 0:27: '/' : wrong operand types - no operation '/' exists that takes a left-hand operand of type 'highp float' and a right operand of type 'const int' (or there is no acceptable conversion)
[stderr] ERROR: 0:27: '/' : wrong operand types - no operation '/' exists that takes a left-hand operand of type 'highp float' and a right operand of type 'const int' (or there is no acceptable conversion)
[stderr] ERROR: 0:28: '/' : wrong operand types - no operation '/' exists that takes a left-hand operand of type 'highp float' and a right operand of type 'const int' (or there is no acceptable conversion)
[stderr] ERROR: 0:28: '/' : wrong operand types - no operation '/' exists that takes a left-hand operand of type 'highp float' and a right operand of type 'const int' (or there is no acceptable conversion)
[stderr] ERROR: 0:29: '/' : wrong operand types - no operation '/' exists that takes a left-hand operand of type 'highp float' and a right operand of type 'const int' (or there is no acceptable conversion)
[stderr] ERROR: 0:29: '/' : wrong operand types - no operation '/' exists that takes a left-hand operand of type 'highp float' and a right operand of type 'const int' (or there is no acceptable conversion)
[stderr] ERROR: 0:30: 'texture' : no matching overloaded function found
[stderr] ERROR: 0:30: '=' : dimension mismatch
[stderr] ERROR: 0:30: '=' : cannot convert from 'const mediump float' to 'highp 4-component vector of float'
[stderr] ERROR: 0:31: 'texture' : no matching overloaded function found
[stderr] ERROR: 0:31: '=' : dimension mismatch
[stderr] ERROR: 0:31: '=' : cannot convert from 'const mediump float' to 'highp 4-component vector of float'
[stderr] ERROR: 0:32: 'texture' : no matching overloaded function found
[stderr] ERROR: 0:32: '=' : dimension mismatch
[stderr] ERROR: 0:32: '=' : cannot convert from 'const mediump float' to 'highp 4-component vector of float'

Converted GLSL source:

#version 300 es
precision highp float;
precision highp int;
in vec2 TexCoord;
#define tc TexCoord
out vec4 color;
uniform float alpha_r;
uniform float alpha_g;
uniform float alpha_b;
uniform float alpha;
uniform vec4 optx;
uniform vec4 random_var;
uniform float alpha_value;
uniform mat4 mv_matrix;
uniform mat4 proj_matrix;
uniform sampler2D samp;
uniform float value_alpha_r, value_alpha_g, value_alpha_b;
uniform float index_value;
uniform float time_f;

uniform float restore_black;

void main(void)
{
    color = texture(samp, tc);
    vec2 cord1 = vec2(tc[0]/2, tc[1]/2);
    vec2 cord2 = vec2(tc[0]/4, tc[1]/4);
    vec2 cord3 = vec2(tc[0]/8, tc[1]/8);
    vec4 col1 = texture(samp, cord1);
    vec4 col2 = texture(samp, cord2);
    vec4 col3 = texture(samp, cord3);
    color[0] = color[0]+col1[0];
    color[1] = color[1]+col2[1];
    color[2] = color[2]+col3[2];
}



================================================================================
[5] acidcolorrand.glsl
3D program: FAILED
2D program: FAILED

Compiler output:
[stderr] Error on Fragment compile
[stderr] Shader: ERROR: 0:25: '>=' : wrong operand types - no operation '>=' exists that takes a left-hand operand of type 'in highp float' and a right operand of type 'const int' (or there is no acceptable conversion)
[stderr] ERROR: 0:25: '<=' : wrong operand types - no operation '<=' exists that takes a left-hand operand of type 'in highp float' and a right operand of type 'const int' (or there is no acceptable conversion)
[stderr] ERROR: 0:27: '>=' : wrong operand types - no operation '>=' exists that takes a left-hand operand of type 'in highp float' and a right operand of type 'const int' (or there is no acceptable conversion)
[stderr] ERROR: 0:27: '<=' : wrong operand types - no operation '<=' exists that takes a left-hand operand of type 'in highp float' and a right operand of type 'const int' (or there is no acceptable conversion)
[stderr] ERROR: 0:29: '>=' : wrong operand types - no operation '>=' exists that takes a left-hand operand of type 'in highp float' and a right operand of type 'const int' (or there is no acceptable conversion)
[stderr] ERROR: 0:29: '<=' : wrong operand types - no operation '<=' exists that takes a left-hand operand of type 'in highp float' and a right operand of type 'const int' (or there is no acceptable conversion)
[stderr] ERROR: 0:36: '/' : wrong operand types - no operation '/' exists that takes a left-hand operand of type 'highp float' and a right operand of type 'const int' (or there is no acceptable conversion)
[stderr] ERROR: 0:36: '/' : wrong operand types - no operation '/' exists that takes a left-hand operand of type 'highp float' and a right operand of type 'const int' (or there is no acceptable conversion)
[stderr] ERROR: 0:37: '/' : wrong operand types - no operation '/' exists that takes a left-hand operand of type 'highp float' and a right operand of type 'const int' (or there is no acceptable conversion)
[stderr] ERROR: 0:37: '/' : wrong operand types - no operation '/' exists that takes a left-hand operand of type 'highp float' and a right operand of type 'const int' (or there is no acceptable conversion)
[stderr] ERROR: 0:38: '/' : wrong operand types - no operation '/' exists that takes a left-hand operand of type 'highp float' and a right operand of type 'const int' (or there is no acceptable conversion)
[stderr] ERROR: 0:38: '/' : wrong operand types - no operation '/' exists that takes a left-hand operand of type 'highp float' and a right operand of type 'const int' (or there is no acceptable conversion)
[stderr] Error on Fragment compile
[stderr] Shader: ERROR: 0:25: '>=' : wrong operand types - no operation '>=' exists that takes a left-hand operand of type 'in highp float' and a right operand of type 'const int' (or there is no acceptable conversion)
[stderr] ERROR: 0:25: '<=' : wrong operand types - no operation '<=' exists that takes a left-hand operand of type 'in highp float' and a right operand of type 'const int' (or there is no acceptable conversion)
[stderr] ERROR: 0:27: '>=' : wrong operand types - no operation '>=' exists that takes a left-hand operand of type 'in highp float' and a right operand of type 'const int' (or there is no acceptable conversion)
[stderr] ERROR: 0:27: '<=' : wrong operand types - no operation '<=' exists that takes a left-hand operand of type 'in highp float' and a right operand of type 'const int' (or there is no acceptable conversion)
[stderr] ERROR: 0:29: '>=' : wrong operand types - no operation '>=' exists that takes a left-hand operand of type 'in highp float' and a right operand of type 'const int' (or there is no acceptable conversion)
[stderr] ERROR: 0:29: '<=' : wrong operand types - no operation '<=' exists that takes a left-hand operand of type 'in highp float' and a right operand of type 'const int' (or there is no acceptable conversion)
[stderr] ERROR: 0:36: '/' : wrong operand types - no operation '/' exists that takes a left-hand operand of type 'highp float' and a right operand of type 'const int' (or there is no acceptable conversion)
[stderr] ERROR: 0:36: '/' : wrong operand types - no operation '/' exists that takes a left-hand operand of type 'highp float' and a right operand of type 'const int' (or there is no acceptable conversion)
[stderr] ERROR: 0:37: '/' : wrong operand types - no operation '/' exists that takes a left-hand operand of type 'highp float' and a right operand of type 'const int' (or there is no acceptable conversion)
[stderr] ERROR: 0:37: '/' : wrong operand types - no operation '/' exists that takes a left-hand operand of type 'highp float' and a right operand of type 'const int' (or there is no acceptable conversion)
[stderr] ERROR: 0:38: '/' : wrong operand types - no operation '/' exists that takes a left-hand operand of type 'highp float' and a right operand of type 'const int' (or there is no acceptable conversion)
[stderr] ERROR: 0:38: '/' : wrong operand types - no operation '/' exists that takes a left-hand operand of type 'highp float' and a right operand of type 'const int' (or there is no acceptable conversion)

Converted GLSL source:
#version 300 es
precision highp float;
precision highp int;
in vec2 TexCoord;
#define tc TexCoord
out vec4 color;
uniform float alpha_r;
uniform float alpha_g;
uniform float alpha_b;
uniform float alpha;
uniform vec4 optx;
in vec4 random_value;
uniform vec4 random_var;
uniform float alpha_value;
uniform mat4 mv_matrix;
uniform mat4 proj_matrix;
uniform sampler2D samp;
uniform float value_alpha_r, value_alpha_g, value_alpha_b;
uniform float index_value;
uniform float time_f;

uniform float restore_black;

int tosmall(float f) {
    if(f >= 0 && f <= 75)
        return 0;
    if(f >= 76 && f <= 140)
        return 1;
    if(f >= 141 && f <= 255)
        return 2;
}

void main(void)
{
    color = texture(samp, tc);
    vec2 cord1 = vec2(tc[0]/2, tc[1]/2);
    vec2 cord2 = vec2(tc[0]/4, tc[1]/4);
    vec2 cord3 = vec2(tc[0]/8, tc[1]/8);
    vec4 col1 = texture(samp, cord1);
    vec4 col2 = texture(samp, cord2);
    vec4 col3 = texture(samp, cord3);
    color[0] = color[0]+col1[tosmall(random_value[0])];
    color[1] = color[1]+col2[tosmall(random_value[1])];
    color[2] = color[2]+col3[tosmall(random_value[2])];
}



================================================================================
[6] addup_blend.glsl
3D program: FAILED
2D program: FAILED

Compiler output:
[stderr] Error on Fragment compile
[stderr] Shader: ERROR: 0:30: '[' : array indexes for fragment outputs must be constant integral expressions
[stderr] ERROR: 0:30: '[' : array indexes for fragment outputs must be constant integral expressions
[stderr] ERROR: 0:30: '[' : array indexes for fragment outputs must be constant integral expressions
[stderr] Error on Fragment compile
[stderr] Shader: ERROR: 0:30: '[' : array indexes for fragment outputs must be constant integral expressions
[stderr] ERROR: 0:30: '[' : array indexes for fragment outputs must be constant integral expressions
[stderr] ERROR: 0:30: '[' : array indexes for fragment outputs must be constant integral expressions

Converted GLSL source:
#version 300 es
precision highp float;
precision highp int;
in vec2 TexCoord;
#define tc TexCoord
out vec4 color;
uniform float alpha_r;
uniform float alpha_g;
uniform float alpha_b;
uniform float alpha;
uniform vec4 optx;
uniform vec4 random_var;
uniform float alpha_value;
uniform mat4 mv_matrix;
uniform mat4 proj_matrix;
uniform sampler2D samp;
uniform float value_alpha_r, value_alpha_g, value_alpha_b;
uniform float index_value;
uniform float time_f;

uniform float restore_black;

void main(void)
{
    color = texture(samp, tc);
    vec4 source = color;
    float val = (color[0]+color[1]+color[2])*alpha;
    
    for(int q = 0; q < 3; ++q)
    color[q] = color[q] * (sin(val * color[q]/0.3));
    
    color = (0.5 * color) + (0.5 * source);
}



================================================================================
[7] addup_cos.glsl
3D program: FAILED
2D program: FAILED

Compiler output:
[stderr] Error on Fragment compile
[stderr] Shader: ERROR: 0:30: '[' : array indexes for fragment outputs must be constant integral expressions
[stderr] ERROR: 0:30: '[' : array indexes for fragment outputs must be constant integral expressions
[stderr] ERROR: 0:30: '[' : array indexes for fragment outputs must be constant integral expressions
[stderr] Error on Fragment compile
[stderr] Shader: ERROR: 0:30: '[' : array indexes for fragment outputs must be constant integral expressions
[stderr] ERROR: 0:30: '[' : array indexes for fragment outputs must be constant integral expressions
[stderr] ERROR: 0:30: '[' : array indexes for fragment outputs must be constant integral expressions

Converted GLSL source:
#version 300 es
precision highp float;
precision highp int;
in vec2 TexCoord;
#define tc TexCoord
out vec4 color;
uniform float alpha_r;
uniform float alpha_g;
uniform float alpha_b;
uniform float alpha;
uniform vec4 optx;
uniform vec4 random_var;
uniform float alpha_value;
uniform mat4 mv_matrix;
uniform mat4 proj_matrix;
uniform sampler2D samp;
uniform float value_alpha_r, value_alpha_g, value_alpha_b;
uniform float index_value;
uniform float time_f;

uniform float restore_black;

void main(void)
{
    color = texture(samp, tc);
    vec4 source = color;
    float val = cos((color[0]+color[1]+color[2])*alpha);
    
    for(int q = 0; q < 3; ++q)
    color[q] = color[q] * (val * color[q]/0.3);
    
    color = (0.5 * color) + (0.7 * source);
}



================================================================================
[8] af_scale.glsl
3D program: FAILED
2D program: FAILED

Compiler output:
[stderr] Error on Fragment compile
[stderr] Shader: ERROR: 0:53: '*' : wrong operand types - no operation '*' exists that takes a left-hand operand of type 'in highp 4-component vector of float' and a right operand of type 'const int' (or there is no acceptable conversion)
[stderr] ERROR: 0:58: '/' : wrong operand types - no operation '/' exists that takes a left-hand operand of type 'highp 4-component vector of int' and a right operand of type 'const float' (or there is no acceptable conversion)
[stderr] Error on Fragment compile
[stderr] Shader: ERROR: 0:53: '*' : wrong operand types - no operation '*' exists that takes a left-hand operand of type 'in highp 4-component vector of float' and a right operand of type 'const int' (or there is no acceptable conversion)
[stderr] ERROR: 0:58: '/' : wrong operand types - no operation '/' exists that takes a left-hand operand of type 'highp 4-component vector of int' and a right operand of type 'const float' (or there is no acceptable conversion)

Converted GLSL source:
#version 300 es
precision highp float;
precision highp int;
out vec4 color;
in vec2 TexCoord;
#define tc TexCoord

uniform sampler2D samp;
uniform float time_f;
uniform vec2 iResolution;

float pingPong(float x, float length) {
    float modVal = mod(x, length * 2.0);
    return modVal <= length ? modVal : length * 2.0 - modVal;
}

vec4 blur(sampler2D image, vec2 uv, vec2 resolution) {
    vec2 texelSize = 1.0 / resolution;
    vec4 result = vec4(0.0);
    float kernel[100];
    float kernelVals[100] = float[](0.5, 1.0, 1.5, 2.0, 2.5, 2.5, 2.0, 1.5, 1.0, 0.5,
                                    1.0, 2.0, 2.5, 3.0, 3.5, 3.5, 3.0, 2.5, 2.0, 1.0,
                                    1.5, 2.5, 3.0, 3.5, 4.0, 4.0, 3.5, 3.0, 2.5, 1.5,
                                    2.0, 3.0, 3.5, 4.0, 4.5, 4.5, 4.0, 3.5, 3.0, 2.0,
                                    2.5, 3.5, 4.0, 4.5, 5.0, 5.0, 4.5, 4.0, 3.5, 2.5,
                                    2.5, 3.5, 4.0, 4.5, 5.0, 5.0, 4.5, 4.0, 3.5, 2.5,
                                    2.0, 3.0, 3.5, 4.0, 4.5, 4.5, 4.0, 3.5, 3.0, 2.0,
                                    1.5, 2.5, 3.0, 3.5, 4.0, 4.0, 3.5, 3.0, 2.5, 1.5,
                                    1.0, 2.0, 2.5, 3.0, 3.5, 3.5, 3.0, 2.5, 2.0, 1.0,
                                    0.5, 1.0, 1.5, 2.0, 2.5, 2.5, 2.0, 1.5, 1.0, 0.5);
    
    for (int i = 0; i < 100; i++) {
        kernel[i] = kernelVals[i];
    }

    float kernelSum = 0.0;
    for (int i = 0; i < 100; i++) {
        kernelSum += kernel[i];
    }

    for (int x = -5; x <= 4; ++x) {
        for (int y = -5; y <= 4; ++y) {
            vec2 offset = vec2(float(x), float(y)) * texelSize;
            result += texture(image, uv + offset) * kernel[(y + 5) * 10 + (x + 5)];
        }
    }

    return result / kernelSum;
}


vec4 colorShift(vec4 col) {
    ivec4 i_col = ivec4(col * 255);

    for(int i = 0; i < 3; ++i) {
        i_col[i] = i_col[i]%255;
    }
    return vec4(i_col / 255.0);
}

void main(void) {
    float time_t = pingPong(time_f, 10.0) + 1.0;
    vec4 pix = blur(samp, tc, iResolution);
    pix = pix * time_t;
    pix = colorShift(pix);
    pix = cos(sin(pix * length(time_t)));
    color = pix;
}


================================================================================
[9] alpha_xor.glsl
3D program: FAILED
2D program: FAILED

Compiler output:
[stderr] Error on Fragment compile
[stderr] Shader: ERROR: 0:28: '[' : array indexes for fragment outputs must be constant integral expressions
[stderr] ERROR: 0:28: '*' : wrong operand types - no operation '*' exists that takes a left-hand operand of type 'const int' and a right operand of type 'highp float' (or there is no acceptable conversion)
[stderr] ERROR: 0:35: '[' : array indexes for fragment outputs must be constant integral expressions
[stderr] ERROR: 0:35: '*' : wrong operand types - no operation '*' exists that takes a left-hand operand of type 'const int' and a right operand of type 'highp float' (or there is no acceptable conversion)
[stderr] ERROR: 0:39: '[' : array indexes for fragment outputs must be constant integral expressions
[stderr] ERROR: 0:39: '/' : wrong operand types - no operation '/' exists that takes a left-hand operand of type 'highp float' and a right operand of type 'const int' (or there is no acceptable conversion)
[stderr] Error on Fragment compile
[stderr] Shader: ERROR: 0:28: '[' : array indexes for fragment outputs must be constant integral expressions
[stderr] ERROR: 0:28: '*' : wrong operand types - no operation '*' exists that takes a left-hand operand of type 'const int' and a right operand of type 'highp float' (or there is no acceptable conversion)
[stderr] ERROR: 0:35: '[' : array indexes for fragment outputs must be constant integral expressions
[stderr] ERROR: 0:35: '*' : wrong operand types - no operation '*' exists that takes a left-hand operand of type 'const int' and a right operand of type 'highp float' (or there is no acceptable conversion)
[stderr] ERROR: 0:39: '[' : array indexes for fragment outputs must be constant integral expressions
[stderr] ERROR: 0:39: '/' : wrong operand types - no operation '/' exists that takes a left-hand operand of type 'highp float' and a right operand of type 'const int' (or there is no acceptable conversion)

Converted GLSL source:
#version 300 es
precision highp float;
precision highp int;
in vec2 TexCoord;
#define tc TexCoord
out vec4 color;
uniform float alpha_r;
uniform float alpha_g;
uniform float alpha_b;
uniform float alpha;
uniform vec4 optx;
uniform vec4 random_var;
uniform float alpha_value;
uniform mat4 mv_matrix;
uniform mat4 proj_matrix;
uniform sampler2D samp;
uniform float value_alpha_r, value_alpha_g, value_alpha_b;
uniform float index_value;
uniform float time_f;

uniform float restore_black;

void main(void)
{
    color = texture(samp, tc);
    ivec3 source;
    for(int i = 0; i < 3; ++i) {
        source[i] = int(255 * color[i]);
    }
    color[0] = color[0] * alpha_r;
    color[1] = color[1] * alpha_g;
    color[2] = color[2] * alpha_b;
    ivec3 int_color;
    for(int i = 0; i < 3; ++i) {
        int_color[i] = int(255 * color[i]);
        int_color[i] = int_color[i]^source[i];
        if(int_color[i] > 255)
            int_color[i] = int_color[i]%255;
        color[i] = float(int_color[i])/255;
    }
}



================================================================================
[10] aura.glsl
3D program: FAILED
2D program: FAILED

Compiler output:
[stderr] Error on Fragment compile
[stderr] Shader: ERROR: 0:28: 'assign' : cannot convert from 'const int' to 'highp float'
[stderr] Error on Fragment compile
[stderr] Shader: ERROR: 0:28: 'assign' : cannot convert from 'const int' to 'highp float'

Converted GLSL source:
#version 300 es
precision highp float;
precision highp int;
out vec4 color;
in vec2 TexCoord;
#define tc TexCoord

uniform sampler2D samp;
uniform vec2 iResolution;
uniform float time_f;
const float PI = 3.1415926535897932384626433832795;

float pingPong(float x, float length){
    float m = mod(x, length*2.0);
    return m <= length ? m : length*2.0 - m;
}

vec3 hsv2rgb(vec3 c){
    vec4 K=vec4(1.0,2.0/3.0,1.0/3.0,3.0);
    vec3 p=abs(fract(c.xxx+K.xyz)*6.0-K.www);
    return c.z*mix(K.xxx,clamp(p-K.xxx,0.0,1.0),c.y);
}

void main(void){
    vec2 uv = tc * 2.0 - 1.0;
    uv.x *= iResolution.x / iResolution.y;
    float radius = mix(0.8, 1.2, 0.5 + 0.5 * sin(time_f * 1.3));
    radius *= 2;
    float r = length(uv);
    float glow = smoothstep(radius, radius - 0.25, r) * pingPong(time_f, 5.0);
    float ang = atan(uv.y, uv.x);
    vec3 grad = hsv2rgb(vec3(fract(ang / (2.0 * PI) + time_f * 0.05), 0.8, 1.0));
    vec4 base = texture(samp, tc);
    vec3 aura = grad * glow * (0.8 + 0.2 * sin(time_f * 2.0));
    color = vec4(base.rgb + aura * (1.0 - base.rgb), base.a);
}


================================================================================
[11] average_pixels.glsl
3D program: FAILED
2D program: FAILED

Compiler output:
[stderr] Error on Fragment compile
[stderr] Shader: ERROR: 0:34: '/' : wrong operand types - no operation '/' exists that takes a left-hand operand of type 'highp 4-component vector of float' and a right operand of type 'const int' (or there is no acceptable conversion)
[stderr] Error on Fragment compile
[stderr] Shader: ERROR: 0:34: '/' : wrong operand types - no operation '/' exists that takes a left-hand operand of type 'highp 4-component vector of float' and a right operand of type 'const int' (or there is no acceptable conversion)

Converted GLSL source:
#version 300 es
precision highp float;
precision highp int;
in vec2 TexCoord;
#define tc TexCoord
out vec4 color;
uniform float alpha_r;
uniform float alpha_g;
uniform float alpha_b;
uniform float alpha;
uniform vec4 optx;
uniform vec4 random_var;
uniform float alpha_value;
uniform mat4 mv_matrix;
uniform mat4 proj_matrix;
uniform sampler2D samp;
uniform float value_alpha_r, value_alpha_g, value_alpha_b;
uniform float index_value;
uniform float time_f;
uniform float restore_black;

void main(void)
{
    color = texture(samp, tc);
    vec4 color2 = texture(samp, tc+0.01);
    vec4 color3 = texture(samp, tc-0.01);
    vec2 pos = tc;
    pos[0] -= 0.01;
    vec2 pos2 = tc;
    pos2[1] += 0.01;
    vec4 color4 = texture(samp, pos);
    vec4 color5 = texture(samp, pos2);
    
    color = (color + color2 + color3 + color4 + color5) / 5;
}



================================================================================
[12] block_pixels.glsl
3D program: FAILED
2D program: FAILED

Compiler output:
[stderr] Error on Fragment compile
[stderr] Shader: ERROR: 0:13: 'mod' : no matching overloaded function found
[stderr] Error on Fragment compile
[stderr] Shader: ERROR: 0:13: 'mod' : no matching overloaded function found

Converted GLSL source:
#version 300 es
precision highp float;
precision highp int;
out vec4 color;
in vec2 TexCoord;
#define tc TexCoord

uniform sampler2D samp;
uniform vec2 iResolution;
uniform float time_f;

void main() {
    float size = mod(time_f, 30);
    float pixelSize = 1.5 * size;
    vec2 pixelCount = iResolution / pixelSize;
    vec2 pixelatedTC = floor(tc * pixelCount) / pixelCount;
    color = texture(samp, pixelatedTC);
}


================================================================================
[13] blue.glsl
3D program: FAILED
2D program: FAILED

Compiler output:
[stderr] Error on Fragment compile
[stderr] Shader: ERROR: 0:28: '[' : array indexes for fragment outputs must be constant integral expressions
[stderr] ERROR: 0:28: '*' : wrong operand types - no operation '*' exists that takes a left-hand operand of type 'const int' and a right operand of type 'highp float' (or there is no acceptable conversion)
[stderr] ERROR: 0:31: 'assign' : cannot convert from 'const int' to 'highp float'
[stderr] ERROR: 0:32: 'assign' : cannot convert from 'const int' to 'highp float'
[stderr] ERROR: 0:33: 'assign' : cannot convert from 'const int' to 'highp float'
[stderr] ERROR: 0:41: '[' : array indexes for fragment outputs must be constant integral expressions
[stderr] ERROR: 0:41: '*' : wrong operand types - no operation '*' exists that takes a left-hand operand of type 'const int' and a right operand of type 'highp float' (or there is no acceptable conversion)
[stderr] ERROR: 0:45: '[' : array indexes for fragment outputs must be constant integral expressions
[stderr] ERROR: 0:45: '/' : wrong operand types - no operation '/' exists that takes a left-hand operand of type 'highp float' and a right operand of type 'const int' (or there is no acceptable conversion)
[stderr] Error on Fragment compile
[stderr] Shader: ERROR: 0:28: '[' : array indexes for fragment outputs must be constant integral expressions
[stderr] ERROR: 0:28: '*' : wrong operand types - no operation '*' exists that takes a left-hand operand of type 'const int' and a right operand of type 'highp float' (or there is no acceptable conversion)
[stderr] ERROR: 0:31: 'assign' : cannot convert from 'const int' to 'highp float'
[stderr] ERROR: 0:32: 'assign' : cannot convert from 'const int' to 'highp float'
[stderr] ERROR: 0:33: 'assign' : cannot convert from 'const int' to 'highp float'
[stderr] ERROR: 0:41: '[' : array indexes for fragment outputs must be constant integral expressions
[stderr] ERROR: 0:41: '*' : wrong operand types - no operation '*' exists that takes a left-hand operand of type 'const int' and a right operand of type 'highp float' (or there is no acceptable conversion)
[stderr] ERROR: 0:45: '[' : array indexes for fragment outputs must be constant integral expressions
[stderr] ERROR: 0:45: '/' : wrong operand types - no operation '/' exists that takes a left-hand operand of type 'highp float' and a right operand of type 'const int' (or there is no acceptable conversion)

Converted GLSL source:
#version 300 es
precision highp float;
precision highp int;
in vec2 TexCoord;
#define tc TexCoord
out vec4 color;
uniform float alpha_r;
uniform float alpha_g;
uniform float alpha_b;
uniform float alpha;
uniform vec4 optx;
uniform vec4 random_var;
uniform float alpha_value;
uniform mat4 mv_matrix;
uniform mat4 proj_matrix;
uniform sampler2D samp;
uniform float value_alpha_r, value_alpha_g, value_alpha_b;
uniform float index_value;
uniform float time_f;

uniform float restore_black;

void main(void)
{
    color = texture(samp, tc);
    ivec3 source;
    for(int i = 0; i < 3; ++i) {
        source[i] = int(255 * color[i]);
    }

    color[0] /= 2;
    color[1] /= 2;
    color[2] /= 2;
    
    color[0] = sin(color[0]*alpha_b);
    color[1] = (color[1]*alpha_g);
    color[2] = cos(color[2]*alpha_r);

    ivec3 int_color;
    for(int i = 0; i < 3; ++i) {
        int_color[i] = int(255 * color[i]);
        int_color[i] = int_color[i]^source[i];
        if(int_color[i] > 255)
            int_color[i] = int_color[i]%255;
        color[i] = float(int_color[i])/255;
    }
}



================================================================================
[14] blue_shade.glsl
3D program: FAILED
2D program: FAILED

Compiler output:
[stderr] Error on Fragment compile
[stderr] Shader: ERROR: 0:46: '/' : wrong operand types - no operation '/' exists that takes a left-hand operand of type 'highp float' and a right operand of type 'const int' (or there is no acceptable conversion)
[stderr] ERROR: 0:47: '/' : wrong operand types - no operation '/' exists that takes a left-hand operand of type 'highp float' and a right operand of type 'const int' (or there is no acceptable conversion)
[stderr] ERROR: 0:48: '/' : wrong operand types - no operation '/' exists that takes a left-hand operand of type 'highp float' and a right operand of type 'const int' (or there is no acceptable conversion)
[stderr] Error on Fragment compile
[stderr] Shader: ERROR: 0:46: '/' : wrong operand types - no operation '/' exists that takes a left-hand operand of type 'highp float' and a right operand of type 'const int' (or there is no acceptable conversion)
[stderr] ERROR: 0:47: '/' : wrong operand types - no operation '/' exists that takes a left-hand operand of type 'highp float' and a right operand of type 'const int' (or there is no acceptable conversion)
[stderr] ERROR: 0:48: '/' : wrong operand types - no operation '/' exists that takes a left-hand operand of type 'highp float' and a right operand of type 'const int' (or there is no acceptable conversion)

Converted GLSL source:
#version 300 es
precision highp float;
precision highp int;
in vec2 TexCoord;
#define tc TexCoord
out vec4 color;
uniform float alpha_r;
uniform float alpha_g;
uniform float alpha_b;
in float timeval;
uniform float alpha;
uniform vec4 optx;
uniform vec4 random_var;
uniform float alpha_value;
uniform mat4 mv_matrix;
uniform mat4 proj_matrix;
uniform sampler2D samp;
uniform float value_alpha_r, value_alpha_g, value_alpha_b;
uniform float index_value;
uniform float time_f;
uniform vec2 iResolution;

uniform float restore_black;
in vec2 iResolution_;
uniform vec4 inc_valuex;
uniform vec4 inc_value;

float random (vec2 st) {
    return fract(sin(dot(st.xy,
                         vec2(12.9898,78.233)))*
        43758.5453123);
}

void main(void)
{
    color = texture(samp, tc);
    vec2 pos = gl_FragCoord.xy / iResolution_.xy * timeval;

    float value1 = max(color[0], color[2]);
    float value2 = max(color[1], color[2]);
    
    vec4 val = vec4(value1, value2, color[2], 1);
    
    color += 0.01;
    
    color[0] = sin(color[0]) * sin(val[0]/3 * timeval);
    color[1] = sin(color[1]) * sin(val[1]/3 * timeval);
    color[2] = sin(color[2]) * sin(fract(color[2]/3*timeval));

    color = color * 2.0;
    
}



================================================================================
[15] blue_strobe.glsl
3D program: FAILED
2D program: FAILED

Compiler output:
[stderr] Error on Fragment compile
[stderr] Shader: ERROR: 0:2: '
[stderr] ' : #version directive must occur on the first line of the shader
[stderr] ERROR: 0:5: 'in' : storage qualifier supported in GLSL ES 3.00 and above only
[stderr] ERROR: 0:7: 'out' : storage qualifier supported in GLSL ES 3.00 and above only
[stderr] ERROR: 0:11: 'in' : storage qualifier supported in GLSL ES 3.00 and above only
[stderr] ERROR: 0:14: 'in' : storage qualifier supported in GLSL ES 3.00 and above only
[stderr] ERROR: 0:28: 'texture' : no matching overloaded function found
[stderr] ERROR: 0:28: '=' : dimension mismatch
[stderr] ERROR: 0:28: 'assign' : cannot convert from 'const mediump float' to 'out highp 4-component vector of float'
[stderr] ERROR: 0:31: '[' : array indexes for fragment outputs must be constant integral expressions
[stderr] ERROR: 0:31: '*' : wrong operand types - no operation '*' exists that takes a left-hand operand of type 'const int' and a right operand of type 'highp float' (or there is no acceptable conversion)
[stderr] ERROR: 0:34: '/' : wrong operand types - no operation '/' exists that takes a left-hand operand of type 'highp float' and a right operand of type 'const int' (or there is no acceptable conversion)
[stderr] ERROR: 0:36: '/' : wrong operand types - no operation '/' exists that takes a left-hand operand of type 'highp float' and a right operand of type 'const int' (or there is no acceptable conversion)
[stderr] ERROR: 0:40: '[' : array indexes for fragment outputs must be constant integral expressions
[stderr] ERROR: 0:40: '*' : wrong operand types - no operation '*' exists that takes a left-hand operand of type 'const int' and a right operand of type 'highp float' (or there is no acceptable conversion)
[stderr] ERROR: 0:41: '^' : bit-wise operator supported in GLSL ES 3.00 and above only
[stderr] ERROR: 0:43: '%' : integer modulus operator supported in GLSL ES 3.00 and above only
[stderr] ERROR: 0:44: '[' : array indexes for fragment outputs must be constant integral expressions
[stderr] ERROR: 0:44: '/' : wrong operand types - no operation '/' exists that takes a left-hand operand of type 'highp float' and a right operand of type 'const int' (or there is no acceptable conversion)
[stderr] Error on Fragment compile
[stderr] Shader: ERROR: 0:2: '
[stderr] ' : #version directive must occur on the first line of the shader
[stderr] ERROR: 0:5: 'in' : storage qualifier supported in GLSL ES 3.00 and above only
[stderr] ERROR: 0:7: 'out' : storage qualifier supported in GLSL ES 3.00 and above only
[stderr] ERROR: 0:11: 'in' : storage qualifier supported in GLSL ES 3.00 and above only
[stderr] ERROR: 0:14: 'in' : storage qualifier supported in GLSL ES 3.00 and above only
[stderr] ERROR: 0:28: 'texture' : no matching overloaded function found
[stderr] ERROR: 0:28: '=' : dimension mismatch
[stderr] ERROR: 0:28: 'assign' : cannot convert from 'const mediump float' to 'out highp 4-component vector of float'
[stderr] ERROR: 0:31: '[' : array indexes for fragment outputs must be constant integral expressions
[stderr] ERROR: 0:31: '*' : wrong operand types - no operation '*' exists that takes a left-hand operand of type 'const int' and a right operand of type 'highp float' (or there is no acceptable conversion)
[stderr] ERROR: 0:34: '/' : wrong operand types - no operation '/' exists that takes a left-hand operand of type 'highp float' and a right operand of type 'const int' (or there is no acceptable conversion)
[stderr] ERROR: 0:36: '/' : wrong operand types - no operation '/' exists that takes a left-hand operand of type 'highp float' and a right operand of type 'const int' (or there is no acceptable conversion)
[stderr] ERROR: 0:40: '[' : array indexes for fragment outputs must be constant integral expressions
[stderr] ERROR: 0:40: '*' : wrong operand types - no operation '*' exists that takes a left-hand operand of type 'const int' and a right operand of type 'highp float' (or there is no acceptable conversion)
[stderr] ERROR: 0:41: '^' : bit-wise operator supported in GLSL ES 3.00 and above only
[stderr] ERROR: 0:43: '%' : integer modulus operator supported in GLSL ES 3.00 and above only
[stderr] ERROR: 0:44: '[' : array indexes for fragment outputs must be constant integral expressions
[stderr] ERROR: 0:44: '/' : wrong operand types - no operation '/' exists that takes a left-hand operand of type 'highp float' and a right operand of type 'const int' (or there is no acceptable conversion)

Converted GLSL source:

#version 300 es
precision highp float;
precision highp int;
in vec2 TexCoord;
#define tc TexCoord
out vec4 color;
uniform float alpha_r;
uniform float alpha_g;
uniform float alpha_b;
in float timeval;
uniform float alpha;
uniform vec4 optx;
in vec4 random_value;
uniform vec4 random_var;
uniform float alpha_value;
uniform mat4 mv_matrix;
uniform mat4 proj_matrix;
uniform sampler2D samp;
uniform float value_alpha_r, value_alpha_g, value_alpha_b;
uniform float index_value;
uniform float time_f;

uniform float restore_black;

void main(void)
{
    color = texture(samp, tc);
    ivec3 source;
    for(int i = 0; i < 3; ++i) {
        source[i] = int(255 * color[i]);
    }
    
    color[0] = color[0]*(random_value[0]/255);
    color[1] = color[1]*(timeval * 0.05812);
    color[2] = color[2]*(alpha_r * timeval * (random_value[1]/255));
    
    ivec3 int_color;
    for(int i = 0; i < 3; ++i) {
        int_color[i] = int(255 * color[i]);
        int_color[i] = int_color[i]^source[i];
        if(int_color[i] > 255)
            int_color[i] = int_color[i]%255;
        color[i] = float(int_color[i])/255;
    }
}


================================================================================
[16] blur_offset.glsl
3D program: FAILED
2D program: FAILED

Compiler output:
[stderr] Error on Fragment compile
[stderr] Shader: ERROR: 0:35: '/' : wrong operand types - no operation '/' exists that takes a left-hand operand of type 'highp 4-component vector of float' and a right operand of type 'const int' (or there is no acceptable conversion)
[stderr] Error on Fragment compile
[stderr] Shader: ERROR: 0:35: '/' : wrong operand types - no operation '/' exists that takes a left-hand operand of type 'highp 4-component vector of float' and a right operand of type 'const int' (or there is no acceptable conversion)

Converted GLSL source:
#version 300 es
precision highp float;
precision highp int;
in vec2 TexCoord;
#define tc TexCoord
out vec4 color;
uniform float alpha_r;
uniform float alpha_g;
uniform float alpha_b;
uniform float alpha;
uniform vec4 optx;
uniform vec4 random_var;
uniform float alpha_value;
uniform mat4 mv_matrix;
uniform mat4 proj_matrix;
uniform sampler2D samp;
uniform float value_alpha_r, value_alpha_g, value_alpha_b;
uniform float index_value;
uniform float time_f;
uniform vec2 iResolution;

uniform float restore_black;
uniform vec4 inc_valuex;
uniform vec4 inc_value;

void main(void)
{
    color = texture(samp, tc);
    vec4 color_one = texture(samp, tc-0.01);
    vec4 color_two = texture(samp, tc-0.02);
    vec4 color_three = texture(samp, tc-0.03);
    
    vec4 color_off = color_one + color_two + color_three + color;
    
    color_off = color_off / 4;
    
    color = (color * 0.3) + (color_two * 0.5) + (color_one * 0.3);

    color = (0.5 * color) + (0.5 * color_off);
}



================================================================================
[17] blur_offset_color_fade.glsl
3D program: FAILED
2D program: FAILED

Compiler output:
[stderr] Error on Fragment compile
[stderr] Shader: ERROR: 0:28: '*' : wrong operand types - no operation '*' exists that takes a left-hand operand of type 'in highp 4-component vector of float' and a right operand of type 'const int' (or there is no acceptable conversion)
[stderr] ERROR: 0:30: '*' : wrong operand types - no operation '*' exists that takes a left-hand operand of type 'in highp 4-component vector of float' and a right operand of type 'const int' (or there is no acceptable conversion)
[stderr] ERROR: 0:39: '/' : wrong operand types - no operation '/' exists that takes a left-hand operand of type 'highp float' and a right operand of type 'const int' (or there is no acceptable conversion)
[stderr] ERROR: 0:56: '/' : wrong operand types - no operation '/' exists that takes a left-hand operand of type 'highp 4-component vector of float' and a right operand of type 'const int' (or there is no acceptable conversion)
[stderr] Error on Fragment compile
[stderr] Shader: ERROR: 0:28: '*' : wrong operand types - no operation '*' exists that takes a left-hand operand of type 'in highp 4-component vector of float' and a right operand of type 'const int' (or there is no acceptable conversion)
[stderr] ERROR: 0:30: '*' : wrong operand types - no operation '*' exists that takes a left-hand operand of type 'in highp 4-component vector of float' and a right operand of type 'const int' (or there is no acceptable conversion)
[stderr] ERROR: 0:39: '/' : wrong operand types - no operation '/' exists that takes a left-hand operand of type 'highp float' and a right operand of type 'const int' (or there is no acceptable conversion)
[stderr] ERROR: 0:56: '/' : wrong operand types - no operation '/' exists that takes a left-hand operand of type 'highp 4-component vector of float' and a right operand of type 'const int' (or there is no acceptable conversion)

Converted GLSL source:
#version 300 es
precision highp float;
precision highp int;
in vec2 TexCoord;
#define tc TexCoord
out vec4 color;
uniform float alpha_r;
uniform float alpha_g;
uniform float alpha_b;
uniform float alpha;
uniform vec4 optx;
uniform vec4 random_var;
uniform float alpha_value;
uniform mat4 mv_matrix;
uniform mat4 proj_matrix;
uniform sampler2D samp;
uniform float value_alpha_r, value_alpha_g, value_alpha_b;
uniform float index_value;
uniform float time_f;
uniform vec2 iResolution;

uniform float restore_black;
uniform vec4 inc_valuex;
uniform vec4 inc_value;

vec4 color_blend(vec4 color) {
    vec4 color2 = color;
    ivec4 color_source = ivec4(color * 255);
    color = color*alpha;
    ivec4 colori = ivec4(color * 255);
    for(int i = 0; i < 3; ++i) {
        if(colori[i] >= 255)
            colori[i] = colori[i]%255;
        
        if(color_source[i] >= 255)
            color_source[i] = color_source[i]%255;
        
        colori[i] = colori[i] ^ color_source[i];
        color[i] = float(colori[i])/255;
    }
    
    for(int i = 0; i < 3; ++i)
        if(color[i] < 0.2) color[i] = color2[i];
    return color;
}

void main(void)
{
    color = texture(samp, tc);
    vec4 color_one = texture(samp, tc-0.01);
    vec4 color_two = texture(samp, tc-0.02);
    vec4 color_three = texture(samp, tc-0.03);
    
    vec4 color_off = color_one + color_two + color_three + color;
    
    color_off = color_off / 4;
    
    color = (color * 0.3) + (color_two * 0.5) + (color_one * 0.3);

    color = (0.5 * color) + (0.5 * color_off);
    
    color = color_blend(color);
}



================================================================================
[18] color-max.glsl
3D program: FAILED
2D program: FAILED

Compiler output:
[stderr] Error on Fragment compile
[stderr] Shader: ERROR: 0:17: '*' : wrong operand types - no operation '*' exists that takes a left-hand operand of type 'in highp 4-component vector of float' and a right operand of type 'const int' (or there is no acceptable conversion)
[stderr] ERROR: 0:19: '*' : wrong operand types - no operation '*' exists that takes a left-hand operand of type 'const int' and a right operand of type 'highp float' (or there is no acceptable conversion)
[stderr] ERROR: 0:23: '/' : wrong operand types - no operation '/' exists that takes a left-hand operand of type 'highp float' and a right operand of type 'const int' (or there is no acceptable conversion)
[stderr] Error on Fragment compile
[stderr] Shader: ERROR: 0:17: '*' : wrong operand types - no operation '*' exists that takes a left-hand operand of type 'in highp 4-component vector of float' and a right operand of type 'const int' (or there is no acceptable conversion)
[stderr] ERROR: 0:19: '*' : wrong operand types - no operation '*' exists that takes a left-hand operand of type 'const int' and a right operand of type 'highp float' (or there is no acceptable conversion)
[stderr] ERROR: 0:23: '/' : wrong operand types - no operation '/' exists that takes a left-hand operand of type 'highp float' and a right operand of type 'const int' (or there is no acceptable conversion)

Converted GLSL source:
#version 300 es
precision highp float;
precision highp int;
out vec4 color;
in vec2 TexCoord;
#define tc TexCoord

uniform sampler2D samp;
uniform float time_f;
uniform vec2 iResolution;
uniform float alpha_r;
uniform float alpha_g;
uniform float alpha_b;

vec4 xor_RGB(vec4 icolor, vec4 source) {
    ivec3 int_color;
    ivec4 isource = ivec4(source * 255);
    for(int i = 0; i < 3; ++i) {
        int_color[i] = int(255 * icolor[i]);
        int_color[i] = int_color[i]^isource[i];
        if(int_color[i] > 255)
            int_color[i] = int_color[i]%255;
        icolor[i] = float(int_color[i])/255;
    }
    icolor.a = 1.0;
return icolor;
}

vec4 blur(sampler2D image, vec2 uv, vec2 resolution) {
    vec2 texelSize = 1.0 / resolution;
    vec4 result = vec4(0.0);
    float kernel[100];
    float kernelVals[100] = float[](0.5, 1.0, 1.5, 2.0, 2.5, 2.5, 2.0, 1.5, 1.0, 0.5,
                                    1.0, 2.0, 2.5, 3.0, 3.5, 3.5, 3.0, 2.5, 2.0, 1.0,
                                    1.5, 2.5, 3.0, 3.5, 4.0, 4.0, 3.5, 3.0, 2.5, 1.5,
                                    2.0, 3.0, 3.5, 4.0, 4.5, 4.5, 4.0, 3.5, 3.0, 2.0,
                                    2.5, 3.5, 4.0, 4.5, 5.0, 5.0, 4.5, 4.0, 3.5, 2.5,
                                    2.5, 3.5, 4.0, 4.5, 5.0, 5.0, 4.5, 4.0, 3.5, 2.5,
                                    2.0, 3.0, 3.5, 4.0, 4.5, 4.5, 4.0, 3.5, 3.0, 2.0,
                                    1.5, 2.5, 3.0, 3.5, 4.0, 4.0, 3.5, 3.0, 2.5, 1.5,
                                    1.0, 2.0, 2.5, 3.0, 3.5, 3.5, 3.0, 2.5, 2.0, 1.0,
                                    0.5, 1.0, 1.5, 2.0, 2.5, 2.5, 2.0, 1.5, 1.0, 0.5);
    
    for (int i = 0; i < 100; i++) {
        kernel[i] = kernelVals[i];
    }

    float kernelSum = 0.0;
    for (int i = 0; i < 100; i++) {
        kernelSum += kernel[i];
    }

    for (int x = -5; x <= 4; ++x) {
        for (int y = -5; y <= 4; ++y) {
            vec2 offset = vec2(float(x), float(y)) * texelSize;
            result += texture(image, uv + offset) * kernel[(y + 5) * 10 + (x + 5)];
        }
    }

    return result / kernelSum;
}

float pingPong(float x, float length) {
    float modVal = mod(x, length * 2.0);
    return modVal <= length ? modVal : length * 2.0 - modVal;
}


void main(void) {
    vec3 colorValue = blur(samp, tc, iResolution).rgb;

    float time_t = pingPong(time_f, 20.0) + 2.0;
    
    float maxColorValue = 1.0;
    float timeCycle = mod(time_f, 6.0);

    if (timeCycle < 1.0) {
        colorValue.r = mix(0.0, maxColorValue, timeCycle);
    } else if (timeCycle < 2.0) {
        colorValue.r = maxColorValue;
        colorValue.g = mix(0.0, maxColorValue, timeCycle - 1.0);
    } else if (timeCycle < 3.0) {
        colorValue.r = maxColorValue;
        colorValue.g = maxColorValue;
        colorValue.b = mix(0.0, maxColorValue, timeCycle - 2.0);
    } else if (timeCycle < 4.0) {
        colorValue.r = maxColorValue;
        colorValue.g = maxColorValue;
        colorValue.b = maxColorValue;
        colorValue.b = mix(maxColorValue, alpha_b, timeCycle - 3.0);
    } else if (timeCycle < 5.0) {
        colorValue.r = maxColorValue;
        colorValue.g = maxColorValue;
        colorValue.b = alpha_b;
        colorValue.g = mix(maxColorValue, alpha_g, timeCycle - 4.0);
    } else {
        colorValue.r = maxColorValue;
        colorValue.g = alpha_g;
        colorValue.b = alpha_b;
        colorValue.r = mix(maxColorValue, alpha_r, timeCycle - 5.0);
    }

    color = vec4(colorValue, 1.0);
    color = xor_RGB(blur(samp, tc, iResolution), color);
    color = sin(color * time_t);
    color.a = 1.0;
}


================================================================================
[19] color_bars.glsl
3D program: FAILED
2D program: FAILED

Compiler output:
[stderr] Error on Fragment compile
[stderr] Shader: ERROR: 0:2: '
[stderr] ' : #version directive must occur on the first line of the shader
[stderr] ERROR: 0:5: 'in' : storage qualifier supported in GLSL ES 3.00 and above only
[stderr] ERROR: 0:7: 'out' : storage qualifier supported in GLSL ES 3.00 and above only
[stderr] ERROR: 0:11: 'in' : storage qualifier supported in GLSL ES 3.00 and above only
[stderr] ERROR: 0:27: 'texture' : no matching overloaded function found
[stderr] ERROR: 0:27: '=' : dimension mismatch
[stderr] ERROR: 0:27: 'assign' : cannot convert from 'const mediump float' to 'out highp 4-component vector of float'
[stderr] ERROR: 0:30: '[' : array indexes for fragment outputs must be constant integral expressions
[stderr] ERROR: 0:30: '*' : wrong operand types - no operation '*' exists that takes a left-hand operand of type 'const int' and a right operand of type 'highp float' (or there is no acceptable conversion)
[stderr] ERROR: 0:39: '[' : array indexes for fragment outputs must be constant integral expressions
[stderr] ERROR: 0:39: '*' : wrong operand types - no operation '*' exists that takes a left-hand operand of type 'const int' and a right operand of type 'highp float' (or there is no acceptable conversion)
[stderr] ERROR: 0:40: '^' : bit-wise operator supported in GLSL ES 3.00 and above only
[stderr] ERROR: 0:42: '%' : integer modulus operator supported in GLSL ES 3.00 and above only
[stderr] ERROR: 0:43: '[' : array indexes for fragment outputs must be constant integral expressions
[stderr] ERROR: 0:43: '/' : wrong operand types - no operation '/' exists that takes a left-hand operand of type 'highp float' and a right operand of type 'const int' (or there is no acceptable conversion)
[stderr] Error on Fragment compile
[stderr] Shader: ERROR: 0:2: '
[stderr] ' : #version directive must occur on the first line of the shader
[stderr] ERROR: 0:5: 'in' : storage qualifier supported in GLSL ES 3.00 and above only
[stderr] ERROR: 0:7: 'out' : storage qualifier supported in GLSL ES 3.00 and above only
[stderr] ERROR: 0:11: 'in' : storage qualifier supported in GLSL ES 3.00 and above only
[stderr] ERROR: 0:27: 'texture' : no matching overloaded function found
[stderr] ERROR: 0:27: '=' : dimension mismatch
[stderr] ERROR: 0:27: 'assign' : cannot convert from 'const mediump float' to 'out highp 4-component vector of float'
[stderr] ERROR: 0:30: '[' : array indexes for fragment outputs must be constant integral expressions
[stderr] ERROR: 0:30: '*' : wrong operand types - no operation '*' exists that takes a left-hand operand of type 'const int' and a right operand of type 'highp float' (or there is no acceptable conversion)
[stderr] ERROR: 0:39: '[' : array indexes for fragment outputs must be constant integral expressions
[stderr] ERROR: 0:39: '*' : wrong operand types - no operation '*' exists that takes a left-hand operand of type 'const int' and a right operand of type 'highp float' (or there is no acceptable conversion)
[stderr] ERROR: 0:40: '^' : bit-wise operator supported in GLSL ES 3.00 and above only
[stderr] ERROR: 0:42: '%' : integer modulus operator supported in GLSL ES 3.00 and above only
[stderr] ERROR: 0:43: '[' : array indexes for fragment outputs must be constant integral expressions
[stderr] ERROR: 0:43: '/' : wrong operand types - no operation '/' exists that takes a left-hand operand of type 'highp float' and a right operand of type 'const int' (or there is no acceptable conversion)

Converted GLSL source:

#version 300 es
precision highp float;
precision highp int;
in vec2 TexCoord;
#define tc TexCoord
out vec4 color;
uniform float alpha_r;
uniform float alpha_g;
uniform float alpha_b;
in float timeval;
uniform float alpha;
uniform vec4 optx;
uniform vec4 random_var;
uniform float alpha_value;
uniform mat4 mv_matrix;
uniform mat4 proj_matrix;
uniform sampler2D samp;
uniform float value_alpha_r, value_alpha_g, value_alpha_b;
uniform float index_value;
uniform float time_f;

uniform float restore_black;

void main(void)
{
    color = texture(samp, tc);
    ivec3 source;
    for(int i = 0; i < 3; ++i) {
        source[i] = int(255 * color[i]);
    }
    
    color[0] += (tc[0]*(timeval*alpha_r))*0.8;
    color[1] += (tc[0]*(timeval*alpha_g))*0.8;
    color[2] += (tc[0]*(timeval*alpha_b))*0.8;
    
    ivec3 int_color;
    for(int i = 0; i < 3; ++i) {
        int_color[i] = int(255 * color[i]);
        int_color[i] = int_color[i]^source[i];
        if(int_color[i] > 255)
            int_color[i] = int_color[i]%255;
        color[i] = float(int_color[i])/255;
    }
}


================================================================================
[20] color_effect.glsl
3D program: FAILED
2D program: FAILED

Compiler output:
[stderr] Error on Fragment compile
[stderr] Shader: ERROR: 0:16: '*' : wrong operand types - no operation '*' exists that takes a left-hand operand of type 'in highp 4-component vector of float' and a right operand of type 'const int' (or there is no acceptable conversion)
[stderr] ERROR: 0:18: '*' : wrong operand types - no operation '*' exists that takes a left-hand operand of type 'const int' and a right operand of type 'highp float' (or there is no acceptable conversion)
[stderr] ERROR: 0:22: '/' : wrong operand types - no operation '/' exists that takes a left-hand operand of type 'highp float' and a right operand of type 'const int' (or there is no acceptable conversion)
[stderr] ERROR: 0:41: 'mod' : no matching overloaded function found
[stderr] Error on Fragment compile
[stderr] Shader: ERROR: 0:16: '*' : wrong operand types - no operation '*' exists that takes a left-hand operand of type 'in highp 4-component vector of float' and a right operand of type 'const int' (or there is no acceptable conversion)
[stderr] ERROR: 0:18: '*' : wrong operand types - no operation '*' exists that takes a left-hand operand of type 'const int' and a right operand of type 'highp float' (or there is no acceptable conversion)
[stderr] ERROR: 0:22: '/' : wrong operand types - no operation '/' exists that takes a left-hand operand of type 'highp float' and a right operand of type 'const int' (or there is no acceptable conversion)
[stderr] ERROR: 0:41: 'mod' : no matching overloaded function found

Converted GLSL source:
#version 300 es
precision highp float;
precision highp int;
out vec4 color;
in vec2 TexCoord;
#define tc TexCoord
uniform sampler2D samp;
uniform vec2 iResolution;
uniform float time_f;
float rand(vec2 co) {
    return fract(sin(dot(co.xy, vec2(12.9898, 78.233))) * 43758.5453);
}

vec4 xor_RGB(vec4 icolor, vec4 source) {
    ivec3 int_color;
    ivec4 isource = ivec4(source * 255);
    for(int i = 0; i < 3; ++i) {
        int_color[i] = int(255 * icolor[i]);
        int_color[i] = int_color[i]^isource[i];
        if(int_color[i] > 255)
            int_color[i] = int_color[i]%255;
        icolor[i] = float(int_color[i])/255;
    }
    icolor.a = 1.0;
return icolor;
}

void main(void) {
    vec2 uv = tc;
    vec2 warp = uv + vec2(
        sin(uv.y * 10.0 + time_f) * 0.1,
        sin(uv.x * 10.0 + time_f) * 0.1
    );
    vec3 colorShift = vec3(
        0.5 * sin(time_f * 0.5) + 0.5,
        0.5 * sin(time_f * 0.7 + 2.0) + 0.5,
        0.5 * sin(time_f * 0.3 + 4.0) + 0.5
    );
    float feedback = rand(uv + time_f);
    vec2 feedbackUv = tc;//warp /*+ feedback * 0.01*/;
    float time_t = mod(time_f, 50);
    vec4 texColor = texture(samp, feedbackUv);
    vec3 finalColor = texColor.rgb + colorShift;
    color = tan(vec4(finalColor, texColor.a) * time_t);
    color.a = 1.0;

}


================================================================================
[21] color_effect_xor.glsl
3D program: FAILED
2D program: FAILED

Compiler output:
[stderr] Error on Fragment compile
[stderr] Shader: ERROR: 0:16: '*' : wrong operand types - no operation '*' exists that takes a left-hand operand of type 'in highp 4-component vector of float' and a right operand of type 'const int' (or there is no acceptable conversion)
[stderr] ERROR: 0:18: '*' : wrong operand types - no operation '*' exists that takes a left-hand operand of type 'const int' and a right operand of type 'highp float' (or there is no acceptable conversion)
[stderr] ERROR: 0:22: '/' : wrong operand types - no operation '/' exists that takes a left-hand operand of type 'highp float' and a right operand of type 'const int' (or there is no acceptable conversion)
[stderr] ERROR: 0:41: 'mod' : no matching overloaded function found
[stderr] Error on Fragment compile
[stderr] Shader: ERROR: 0:16: '*' : wrong operand types - no operation '*' exists that takes a left-hand operand of type 'in highp 4-component vector of float' and a right operand of type 'const int' (or there is no acceptable conversion)
[stderr] ERROR: 0:18: '*' : wrong operand types - no operation '*' exists that takes a left-hand operand of type 'const int' and a right operand of type 'highp float' (or there is no acceptable conversion)
[stderr] ERROR: 0:22: '/' : wrong operand types - no operation '/' exists that takes a left-hand operand of type 'highp float' and a right operand of type 'const int' (or there is no acceptable conversion)
[stderr] ERROR: 0:41: 'mod' : no matching overloaded function found

Converted GLSL source:
#version 300 es
precision highp float;
precision highp int;
out vec4 color;
in vec2 TexCoord;
#define tc TexCoord
uniform sampler2D samp;
uniform vec2 iResolution;
uniform float time_f;
float rand(vec2 co) {
    return fract(sin(dot(co.xy, vec2(12.9898, 78.233))) * 43758.5453);
}

vec4 xor_RGB(vec4 icolor, vec4 source) {
    ivec3 int_color;
    ivec4 isource = ivec4(source * 255);
    for(int i = 0; i < 3; ++i) {
        int_color[i] = int(255 * icolor[i]);
        int_color[i] = int_color[i]^isource[i];
        if(int_color[i] > 255)
            int_color[i] = int_color[i]%255;
        icolor[i] = float(int_color[i])/255;
    }
    icolor.a = 1.0;
return icolor;
}

void main(void) {
    vec2 uv = tc;
    vec2 warp = uv + vec2(
        sin(uv.y * 10.0 + time_f) * 0.1,
        sin(uv.x * 10.0 + time_f) * 0.1
    );
    vec3 colorShift = vec3(
        0.5 * sin(time_f * 0.5) + 0.5,
        0.5 * sin(time_f * 0.7 + 2.0) + 0.5,
        0.5 * sin(time_f * 0.3 + 4.0) + 0.5
    );
    float feedback = rand(uv + time_f);
    vec2 feedbackUv = tc;//warp /*+ feedback * 0.01*/;
    float time_t = mod(time_f, 10);
    vec4 texColor = texture(samp, feedbackUv);
    vec3 finalColor = texColor.rgb + colorShift;
    color = vec4(finalColor, texColor.a);
    color = xor_RGB(texture(samp, tc), color);
    color.a = 1.0;
}


================================================================================
[22] color_flux_whirl.glsl
3D program: FAILED
2D program: FAILED

Compiler output:
[stderr] Error on Fragment compile
[stderr] Shader: ERROR: 0:14: '*' : wrong operand types - no operation '*' exists that takes a left-hand operand of type 'in highp 4-component vector of float' and a right operand of type 'const int' (or there is no acceptable conversion)
[stderr] ERROR: 0:16: '*' : wrong operand types - no operation '*' exists that takes a left-hand operand of type 'const int' and a right operand of type 'highp float' (or there is no acceptable conversion)
[stderr] ERROR: 0:20: '/' : wrong operand types - no operation '/' exists that takes a left-hand operand of type 'highp float' and a right operand of type 'const int' (or there is no acceptable conversion)
[stderr] Error on Fragment compile
[stderr] Shader: ERROR: 0:14: '*' : wrong operand types - no operation '*' exists that takes a left-hand operand of type 'in highp 4-component vector of float' and a right operand of type 'const int' (or there is no acceptable conversion)
[stderr] ERROR: 0:16: '*' : wrong operand types - no operation '*' exists that takes a left-hand operand of type 'const int' and a right operand of type 'highp float' (or there is no acceptable conversion)
[stderr] ERROR: 0:20: '/' : wrong operand types - no operation '/' exists that takes a left-hand operand of type 'highp float' and a right operand of type 'const int' (or there is no acceptable conversion)

Converted GLSL source:
#version 300 es
precision highp float;
precision highp int;

uniform float time_f;
uniform vec2 iResolution;
uniform sampler2D samp;
in vec2 TexCoord;
#define tc TexCoord
out vec4 color;

vec4 xor_RGB(vec4 icolor, vec4 source) {
    ivec3 int_color;
    ivec4 isource = ivec4(source * 255);
    for (int i = 0; i < 3; ++i) {
        int_color[i] = int(255 * icolor[i]);
        int_color[i] = int_color[i] ^ isource[i];
        if (int_color[i] > 255)
            int_color[i] = int_color[i] % 255;
        icolor[i] = float(int_color[i]) / 255;
    }
    icolor.a = 1.0;
return icolor;
}

float pingPong(float x, float length) {
    float modVal = mod(x, length * 2.0);
    return modVal <= length ? modVal : length * 2.0 - modVal;
}

void main() {
    vec2 uv = tc - 0.5;
    uv.y *= iResolution.y / iResolution.x;
    float intensity = pingPong(time_f, 10.0);
    float angle = atan(uv.y, uv.x);
    float radius = length(uv);
    float swirl = sin(time_f * 0.5) * 0.5 + 0.5;
    angle += intensity * swirl * sin(radius * 10.0 + time_f);
    uv = vec2(cos(angle), sin(angle)) * radius;
    vec4 texColor = texture(samp, uv + 0.5);
    float fluctuation = sin(time_f * 2.0) * 0.5 + 0.5;
    vec4 fluctuatedColor = vec4(mix(vec3(1.0, 0.0, 0.0), vec3(0.0, 0.0, 1.0), fluctuation), 1.0);
    vec4 xorResult = xor_RGB(texColor, fluctuatedColor);
    color = mix(texColor, xorResult, 0.5);
}



================================================================================
[23] color_glitch_dark.glsl
3D program: FAILED
2D program: FAILED

Compiler output:
[stderr] Error on Fragment compile
[stderr] Shader: ERROR: 0:29: '*' : wrong operand types - no operation '*' exists that takes a left-hand operand of type 'in highp 4-component vector of float' and a right operand of type 'const int' (or there is no acceptable conversion)
[stderr] ERROR: 0:31: '*' : wrong operand types - no operation '*' exists that takes a left-hand operand of type 'const int' and a right operand of type 'highp float' (or there is no acceptable conversion)
[stderr] ERROR: 0:35: '/' : wrong operand types - no operation '/' exists that takes a left-hand operand of type 'highp float' and a right operand of type 'const int' (or there is no acceptable conversion)
[stderr] Error on Fragment compile
[stderr] Shader: ERROR: 0:29: '*' : wrong operand types - no operation '*' exists that takes a left-hand operand of type 'in highp 4-component vector of float' and a right operand of type 'const int' (or there is no acceptable conversion)
[stderr] ERROR: 0:31: '*' : wrong operand types - no operation '*' exists that takes a left-hand operand of type 'const int' and a right operand of type 'highp float' (or there is no acceptable conversion)
[stderr] ERROR: 0:35: '/' : wrong operand types - no operation '/' exists that takes a left-hand operand of type 'highp float' and a right operand of type 'const int' (or there is no acceptable conversion)

Converted GLSL source:
#version 300 es
precision highp float;
precision highp int;

in vec2 TexCoord;
#define tc TexCoord
out vec4 color;
uniform sampler2D samp;
uniform float time_f;
uniform vec2 iResolution;

vec3 rgb2hsb(vec3 c) {
    vec4 K = vec4(0.0, -1.0/3.0, 2.0/3.0, -1.0);
    vec4 p = mix(vec4(c.bg, K.wz), vec4(c.gb, K.xy), step(c.b, c.g));
    vec4 q = mix(vec4(p.xyw, c.r), vec4(c.r, p.yzx), step(p.x, c.r));
    float d = q.x - min(q.w, q.y);
    float e = 1.0e-10;
    return vec3(abs(q.z + (q.w - q.y) / (6.0 * d + e)), d / (q.x + e), q.x);
}

vec3 hsb2rgb(vec3 c) {
    vec4 K = vec4(1.0, 2.0/3.0, 1.0/3.0, 3.0);
    vec3 p = abs(fract(c.xxx + K.xyz) * 6.0 - K.www);
    return c.z * mix(K.xxx, clamp(p - K.xxx, 0.0, 1.0), c.y);
}

vec4 xor_RGB(vec4 icolor, vec4 source) {
    ivec3 int_color;
    ivec4 isource = ivec4(source * 255);
    for(int i = 0; i < 3; ++i) {
        int_color[i] = int(255 * icolor[i]);
        int_color[i] = int_color[i]^isource[i];
        if(int_color[i] > 255)
            int_color[i] = int_color[i]%255;
        icolor[i] = float(int_color[i])/255;
    }
    icolor.a = 1.0;
return icolor;
}


void main() {
    vec2 uv = tc;
    vec4 texColor = texture(samp, uv);
    vec2 texelSize = 1.0 / iResolution;
    vec3 result = vec3(0.0);
    float weight[5];
    weight[0] = 0.227027;
    weight[1] = 0.1945946;
    weight[2] = 0.1216216;
    weight[3] = 0.054054;
    weight[4] = 0.016216;
    for (int i = -4; i <= 4; i++) {
        result += texture(samp, uv + vec2(float(i) * texelSize.x, 0.0)).rgb * weight[abs(i)];
    }
    for (int j = -4; j <= 4; j++) {
        result += texture(samp, uv + vec2(0.0, float(j) * texelSize.y)).rgb * weight[abs(j)];
    }
    vec3 hsb = rgb2hsb(result / 2.0);
    hsb.x += time_f * 0.1;
    hsb.y = 0.5;
    hsb.z = 0.9;
    vec3 rgb = hsb2rgb(hsb);
    color = vec4(rgb * 0.8 + 0.2, texColor.a);
    color = xor_RGB(sin(color * time_f) + 0.5, texture(samp, tc));
}


================================================================================
[24] color_grad1.glsl
3D program: FAILED
2D program: FAILED

Compiler output:
[stderr] Error on Fragment compile
[stderr] Shader: ERROR: 0:27: 'pingPong' : no matching overloaded function found
[stderr] Error on Fragment compile
[stderr] Shader: ERROR: 0:27: 'pingPong' : no matching overloaded function found

Converted GLSL source:
#version 300 es
precision highp float;
precision highp int;
in vec2 TexCoord;
#define tc TexCoord
out vec4 color;

uniform sampler2D samp;
uniform float time_f;
uniform vec2 iResolution;
uniform float restore_black;
uniform vec4 inc_valuex;

float pingPong(float x, float length) {
    float modVal = mod(x, length * 2.0);
    return modVal <= length ? modVal : length * 2.0 - modVal;
}

void main(void)
{
    color = texture(samp, tc);
    vec2 pos = gl_FragCoord.xy / iResolution;
    vec4 s = color * sin(inc_valuex / 255.0 * time_f);
    color[0] += s[0] * pos[0];
    color[1] += s[1] * pos[1];
 
    float time_t = pingPong(time_f, 20) + 2.0;
    
    color = sin(color * time_t);
    color.a = 1.0;
}


================================================================================
[25] color_grad_rainbow.glsl
3D program: FAILED
2D program: FAILED

Compiler output:
[stderr] Error on Fragment compile
[stderr] Shader: ERROR: 0:69: 'pingPong' : no matching overloaded function found
[stderr] Error on Fragment compile
[stderr] Shader: ERROR: 0:69: 'pingPong' : no matching overloaded function found

Converted GLSL source:
#version 300 es
precision highp float;
precision highp int;

in vec2 TexCoord;
#define tc TexCoord
out vec4 color;

uniform sampler2D samp;
uniform float time_f;
uniform vec2 iResolution;
uniform float restore_black;
uniform vec4 inc_valuex;

float hash(float n) {
    return fract(sin(n) * 43758.5453123);
}

vec2 random2(vec2 st) {
    st = vec2(dot(st, vec2(127.1, 311.7)),
              dot(st, vec2(269.5, 183.3)));
    return -1.0 + 2.0 * fract(sin(st) * 43758.5453123);
}

vec2 smoothRandom2(float t) {
    float t0 = floor(t);
    float t1 = t0 + 1.0;
    vec2 rand0 = random2(vec2(t0));
    vec2 rand1 = random2(vec2(t1));
    float mix_factor = fract(t);
    return mix(rand0, rand1, smoothstep(0.0, 1.0, mix_factor));
}

vec3 rainbow(float t) {
    t = fract(t);
    float r = abs(t * 6.0 - 3.0) - 1.0;
    float g = 2.0 - abs(t * 6.0 - 2.0);
    float b = 2.0 - abs(t * 6.0 - 4.0);
    return clamp(vec3(r, g, b), 0.0, 1.0);
}

float pingPong(float x, float length) {
    float modVal = mod(x, length * 2.0);
    return modVal <= length ? modVal : length * 2.0 - modVal;
}

void main(void) {

    vec2 uv = tc * 2.0 - 1.0;
    uv.y *= iResolution.y / iResolution.x;
    
    float time_t = pingPong(time_f, 15.0) + 1.0;
    float wave = sin(uv.x * 10.0 + time_t * 2.0) * 0.1;
    vec2 random_direction = smoothRandom2(time_t) * 0.5;
    float expand = 0.5 + 0.5 * sin(time_t * 2.0);
    vec2 spiral_uv = uv * expand + random_direction;
    float angle = atan(spiral_uv.y + wave, spiral_uv.x) + time_t * 2.0;
    vec3 rainbow_color = rainbow(angle / (2.0 * 3.14159));
    vec4 original_color = texture(samp, tc);
    vec3 blended_color = mix(original_color.rgb, rainbow_color, 0.5);

    color = vec4(sin(blended_color * time_t), original_color.a);

    vec2 pos = gl_FragCoord.xy / iResolution;
    vec4 s = color * sin(inc_valuex / 255.0 * time_f);
    color[0] += s[0] * pos[0];
    color[1] += s[1] * pos[1];

    time_t = pingPong(time_f, 20) + 2.0;
    color = sin(color * time_t);
    color.a = 1.0;
}


================================================================================
[26] color_pool.glsl
3D program: FAILED
2D program: FAILED

Compiler output:
[stderr] Error on Fragment compile
[stderr] Shader: ERROR: 0:13: '*' : wrong operand types - no operation '*' exists that takes a left-hand operand of type 'in highp 4-component vector of float' and a right operand of type 'const int' (or there is no acceptable conversion)
[stderr] ERROR: 0:15: '*' : wrong operand types - no operation '*' exists that takes a left-hand operand of type 'const int' and a right operand of type 'highp float' (or there is no acceptable conversion)
[stderr] ERROR: 0:19: '/' : wrong operand types - no operation '/' exists that takes a left-hand operand of type 'highp float' and a right operand of type 'const int' (or there is no acceptable conversion)
[stderr] ERROR: 0:27: 'mod' : no matching overloaded function found
[stderr] Error on Fragment compile
[stderr] Shader: ERROR: 0:13: '*' : wrong operand types - no operation '*' exists that takes a left-hand operand of type 'in highp 4-component vector of float' and a right operand of type 'const int' (or there is no acceptable conversion)
[stderr] ERROR: 0:15: '*' : wrong operand types - no operation '*' exists that takes a left-hand operand of type 'const int' and a right operand of type 'highp float' (or there is no acceptable conversion)
[stderr] ERROR: 0:19: '/' : wrong operand types - no operation '/' exists that takes a left-hand operand of type 'highp float' and a right operand of type 'const int' (or there is no acceptable conversion)
[stderr] ERROR: 0:27: 'mod' : no matching overloaded function found

Converted GLSL source:
#version 300 es
precision highp float;
precision highp int;
out vec4 color;
in vec2 TexCoord;
#define tc TexCoord

uniform sampler2D samp;
uniform float time_f;

vec4 xor_RGB(vec4 icolor, vec4 source) {
    ivec3 int_color;
    ivec4 isource = ivec4(source * 255);
    for(int i = 0; i < 3; ++i) {
        int_color[i] = int(255 * icolor[i]);
        int_color[i] = int_color[i]^isource[i];
        if(int_color[i] > 255)
            int_color[i] = int_color[i]%255;
        icolor[i] = float(int_color[i])/255;
    }
    icolor.a = 1.0;
return icolor;
}


void main(void) {
    float time_t = mod(time_f, 100);
    float scale = time_t;
    float speed = 16.0;
    float offset = sin(time_f * speed + tc.x * scale) * 0.05;
    vec2 tcOffset = vec2(tc.x, tc.y + offset);
   color = texture(samp, tcOffset);
    vec4  color2 = vec4(0.8, 0.2, 0.8, 1.0);
    color = sin(xor_RGB(color, color2) * time_t);
    color.a = 1.0;
}


================================================================================
[27] color_timeval.glsl
3D program: FAILED
2D program: FAILED

Compiler output:
[stderr] Error on Fragment compile
[stderr] Shader: ERROR: 0:29: '[' : array indexes for fragment outputs must be constant integral expressions
[stderr] ERROR: 0:29: '*' : wrong operand types - no operation '*' exists that takes a left-hand operand of type 'const int' and a right operand of type 'highp float' (or there is no acceptable conversion)
[stderr] ERROR: 0:31: '/' : wrong operand types - no operation '/' exists that takes a left-hand operand of type 'highp float' and a right operand of type 'const int' (or there is no acceptable conversion)
[stderr] ERROR: 0:31: '/' : wrong operand types - no operation '/' exists that takes a left-hand operand of type 'highp float' and a right operand of type 'const int' (or there is no acceptable conversion)
[stderr] ERROR: 0:32: '/' : wrong operand types - no operation '/' exists that takes a left-hand operand of type 'highp float' and a right operand of type 'const int' (or there is no acceptable conversion)
[stderr] ERROR: 0:32: '/' : wrong operand types - no operation '/' exists that takes a left-hand operand of type 'highp float' and a right operand of type 'const int' (or there is no acceptable conversion)
[stderr] ERROR: 0:33: '/' : wrong operand types - no operation '/' exists that takes a left-hand operand of type 'highp float' and a right operand of type 'const int' (or there is no acceptable conversion)
[stderr] ERROR: 0:33: '/' : wrong operand types - no operation '/' exists that takes a left-hand operand of type 'highp float' and a right operand of type 'const int' (or there is no acceptable conversion)
[stderr] ERROR: 0:42: '[' : array indexes for fragment outputs must be constant integral expressions
[stderr] ERROR: 0:42: '*' : wrong operand types - no operation '*' exists that takes a left-hand operand of type 'const int' and a right operand of type 'highp float' (or there is no acceptable conversion)
[stderr] ERROR: 0:46: '[' : array indexes for fragment outputs must be constant integral expressions
[stderr] ERROR: 0:46: '/' : wrong operand types - no operation '/' exists that takes a left-hand operand of type 'highp float' and a right operand of type 'const int' (or there is no acceptable conversion)
[stderr] Error on Fragment compile
[stderr] Shader: ERROR: 0:29: '[' : array indexes for fragment outputs must be constant integral expressions
[stderr] ERROR: 0:29: '*' : wrong operand types - no operation '*' exists that takes a left-hand operand of type 'const int' and a right operand of type 'highp float' (or there is no acceptable conversion)
[stderr] ERROR: 0:31: '/' : wrong operand types - no operation '/' exists that takes a left-hand operand of type 'highp float' and a right operand of type 'const int' (or there is no acceptable conversion)
[stderr] ERROR: 0:31: '/' : wrong operand types - no operation '/' exists that takes a left-hand operand of type 'highp float' and a right operand of type 'const int' (or there is no acceptable conversion)
[stderr] ERROR: 0:32: '/' : wrong operand types - no operation '/' exists that takes a left-hand operand of type 'highp float' and a right operand of type 'const int' (or there is no acceptable conversion)
[stderr] ERROR: 0:32: '/' : wrong operand types - no operation '/' exists that takes a left-hand operand of type 'highp float' and a right operand of type 'const int' (or there is no acceptable conversion)
[stderr] ERROR: 0:33: '/' : wrong operand types - no operation '/' exists that takes a left-hand operand of type 'highp float' and a right operand of type 'const int' (or there is no acceptable conversion)
[stderr] ERROR: 0:33: '/' : wrong operand types - no operation '/' exists that takes a left-hand operand of type 'highp float' and a right operand of type 'const int' (or there is no acceptable conversion)
[stderr] ERROR: 0:42: '[' : array indexes for fragment outputs must be constant integral expressions
[stderr] ERROR: 0:42: '*' : wrong operand types - no operation '*' exists that takes a left-hand operand of type 'const int' and a right operand of type 'highp float' (or there is no acceptable conversion)
[stderr] ERROR: 0:46: '[' : array indexes for fragment outputs must be constant integral expressions
[stderr] ERROR: 0:46: '/' : wrong operand types - no operation '/' exists that takes a left-hand operand of type 'highp float' and a right operand of type 'const int' (or there is no acceptable conversion)

Converted GLSL source:
#version 300 es
precision highp float;
precision highp int;
in vec2 TexCoord;
#define tc TexCoord
out vec4 color;
uniform float alpha_r;
uniform float alpha_g;
uniform float alpha_b;
in float timeval;
uniform float alpha;
uniform vec4 optx;
uniform vec4 random_var;
uniform float alpha_value;
uniform mat4 mv_matrix;
uniform mat4 proj_matrix;
uniform sampler2D samp;
uniform float value_alpha_r, value_alpha_g, value_alpha_b;
uniform float index_value;
uniform float time_f;

uniform float restore_black;

void main(void)
{
    color = texture(samp, tc);
    ivec3 source;
    for(int i = 0; i < 3; ++i) {
        source[i] = int(255 * color[i]);
    }
    vec2 cord1 = vec2(tc[0]/2, tc[1]/2);
    vec2 cord2 = vec2(tc[0]/4, tc[1]/4);
    vec2 cord3 = vec2(tc[0]/8, tc[1]/8);
    vec4 col1 = texture(samp, cord1);
    vec4 col2 = texture(samp, cord2);
    vec4 col3 = texture(samp, cord3);
    color[0] = (color[0] * col1[0]) * timeval;
    color[1] = (color[1] * col2[1]) * timeval;
    color[2] = (color[2] * col3[2]) * timeval;
    ivec3 int_color;
    for(int i = 0; i < 3; ++i) {
        int_color[i] = int(255 * color[i]);
        int_color[i] = int_color[i]^source[i];
        if(int_color[i] > 255)
            int_color[i] = int_color[i]%255;
        color[i] = float(int_color[i])/255;
    }
}



================================================================================
[28] color_xor.glsl
3D program: FAILED
2D program: FAILED

Compiler output:
[stderr] Error on Fragment compile
[stderr] Shader: ERROR: 0:29: '[' : array indexes for fragment outputs must be constant integral expressions
[stderr] ERROR: 0:29: '*' : wrong operand types - no operation '*' exists that takes a left-hand operand of type 'const int' and a right operand of type 'highp float' (or there is no acceptable conversion)
[stderr] ERROR: 0:38: '[' : array indexes for fragment outputs must be constant integral expressions
[stderr] ERROR: 0:38: '*' : wrong operand types - no operation '*' exists that takes a left-hand operand of type 'const int' and a right operand of type 'highp float' (or there is no acceptable conversion)
[stderr] ERROR: 0:42: '[' : array indexes for fragment outputs must be constant integral expressions
[stderr] ERROR: 0:42: '/' : wrong operand types - no operation '/' exists that takes a left-hand operand of type 'highp float' and a right operand of type 'const int' (or there is no acceptable conversion)
[stderr] Error on Fragment compile
[stderr] Shader: ERROR: 0:29: '[' : array indexes for fragment outputs must be constant integral expressions
[stderr] ERROR: 0:29: '*' : wrong operand types - no operation '*' exists that takes a left-hand operand of type 'const int' and a right operand of type 'highp float' (or there is no acceptable conversion)
[stderr] ERROR: 0:38: '[' : array indexes for fragment outputs must be constant integral expressions
[stderr] ERROR: 0:38: '*' : wrong operand types - no operation '*' exists that takes a left-hand operand of type 'const int' and a right operand of type 'highp float' (or there is no acceptable conversion)
[stderr] ERROR: 0:42: '[' : array indexes for fragment outputs must be constant integral expressions
[stderr] ERROR: 0:42: '/' : wrong operand types - no operation '/' exists that takes a left-hand operand of type 'highp float' and a right operand of type 'const int' (or there is no acceptable conversion)

Converted GLSL source:
#version 300 es
precision highp float;
precision highp int;
in vec2 TexCoord;
#define tc TexCoord
out vec4 color;
uniform float alpha_r;
uniform float alpha_g;
uniform float alpha_b;
in float timeval;
uniform float alpha;
uniform vec4 optx;
uniform vec4 random_var;
uniform float alpha_value;
uniform mat4 mv_matrix;
uniform mat4 proj_matrix;
uniform sampler2D samp;
uniform float value_alpha_r, value_alpha_g, value_alpha_b;
uniform float index_value;
uniform float time_f;

uniform float restore_black;

void main(void)
{
    color = texture(samp, tc);
    ivec3 source;
    for(int i = 0; i < 3; ++i) {
        source[i] = int(255 * color[i]);
    }

    color[0] = color[0] * fract(alpha_r*timeval);
    color[1] = color[1] * fract(alpha_g*timeval);
    color[2] = color[2] * fract(alpha_b*timeval);
    
    ivec3 int_color;
    for(int i = 0; i < 3; ++i) {
        int_color[i] = int(255 * color[i]);
        int_color[i] = int_color[i]^source[i];
        if(int_color[i] > 255)
            int_color[i] = int_color[i]%255;
        color[i] = float(int_color[i])/255;
    }
}



================================================================================
[29] colordivflash.glsl
3D program: FAILED
2D program: FAILED

Compiler output:
[stderr] Error on Fragment compile
[stderr] Shader: ERROR: 0:26: '/' : wrong operand types - no operation '/' exists that takes a left-hand operand of type 'highp float' and a right operand of type 'const int' (or there is no acceptable conversion)
[stderr] ERROR: 0:26: '/' : wrong operand types - no operation '/' exists that takes a left-hand operand of type 'highp float' and a right operand of type 'const int' (or there is no acceptable conversion)
[stderr] ERROR: 0:27: '/' : wrong operand types - no operation '/' exists that takes a left-hand operand of type 'highp float' and a right operand of type 'const int' (or there is no acceptable conversion)
[stderr] ERROR: 0:27: '/' : wrong operand types - no operation '/' exists that takes a left-hand operand of type 'highp float' and a right operand of type 'const int' (or there is no acceptable conversion)
[stderr] ERROR: 0:28: '/' : wrong operand types - no operation '/' exists that takes a left-hand operand of type 'highp float' and a right operand of type 'const int' (or there is no acceptable conversion)
[stderr] ERROR: 0:28: '/' : wrong operand types - no operation '/' exists that takes a left-hand operand of type 'highp float' and a right operand of type 'const int' (or there is no acceptable conversion)
[stderr] Error on Fragment compile
[stderr] Shader: ERROR: 0:26: '/' : wrong operand types - no operation '/' exists that takes a left-hand operand of type 'highp float' and a right operand of type 'const int' (or there is no acceptable conversion)
[stderr] ERROR: 0:26: '/' : wrong operand types - no operation '/' exists that takes a left-hand operand of type 'highp float' and a right operand of type 'const int' (or there is no acceptable conversion)
[stderr] ERROR: 0:27: '/' : wrong operand types - no operation '/' exists that takes a left-hand operand of type 'highp float' and a right operand of type 'const int' (or there is no acceptable conversion)
[stderr] ERROR: 0:27: '/' : wrong operand types - no operation '/' exists that takes a left-hand operand of type 'highp float' and a right operand of type 'const int' (or there is no acceptable conversion)
[stderr] ERROR: 0:28: '/' : wrong operand types - no operation '/' exists that takes a left-hand operand of type 'highp float' and a right operand of type 'const int' (or there is no acceptable conversion)
[stderr] ERROR: 0:28: '/' : wrong operand types - no operation '/' exists that takes a left-hand operand of type 'highp float' and a right operand of type 'const int' (or there is no acceptable conversion)

Converted GLSL source:
#version 300 es
precision highp float;
precision highp int;
in vec2 TexCoord;
#define tc TexCoord
out vec4 color;
uniform float alpha_r;
uniform float alpha_g;
uniform float alpha_b;
uniform float alpha;
uniform vec4 optx;
uniform vec4 random_var;
uniform float alpha_value;
uniform mat4 mv_matrix;
uniform mat4 proj_matrix;
uniform sampler2D samp;
uniform float value_alpha_r, value_alpha_g, value_alpha_b;
uniform float index_value;
uniform float time_f;

uniform float restore_black;

void main(void)
{
    color = texture(samp, tc);
    vec2 cord1 = vec2(tc[0]/2, tc[1]/3);
    vec2 cord2 = vec2(tc[0]/3, tc[1]/4);
    vec2 cord3 = vec2(tc[0]/5, tc[1]/6);
    vec4 col1 = texture(samp, cord1);
    vec4 col2 = texture(samp, cord2);
    vec4 col3 = texture(samp, cord3);
    color[0] = (color[0]+col1[0])*alpha_r;
    color[1] = (color[1]+col2[1])*alpha_g;
    color[2] = (color[2]+col3[2])*alpha_b;
}



================================================================================
[30] colorsheet.glsl
3D program: FAILED
2D program: FAILED

Compiler output:
[stderr] Error on Fragment compile
[stderr] Shader: ERROR: 0:26: '/' : wrong operand types - no operation '/' exists that takes a left-hand operand of type 'highp float' and a right operand of type 'const int' (or there is no acceptable conversion)
[stderr] ERROR: 0:26: '/' : wrong operand types - no operation '/' exists that takes a left-hand operand of type 'highp float' and a right operand of type 'const int' (or there is no acceptable conversion)
[stderr] ERROR: 0:27: '/' : wrong operand types - no operation '/' exists that takes a left-hand operand of type 'highp float' and a right operand of type 'const int' (or there is no acceptable conversion)
[stderr] ERROR: 0:27: '/' : wrong operand types - no operation '/' exists that takes a left-hand operand of type 'highp float' and a right operand of type 'const int' (or there is no acceptable conversion)
[stderr] ERROR: 0:28: '/' : wrong operand types - no operation '/' exists that takes a left-hand operand of type 'highp float' and a right operand of type 'const int' (or there is no acceptable conversion)
[stderr] ERROR: 0:28: '/' : wrong operand types - no operation '/' exists that takes a left-hand operand of type 'highp float' and a right operand of type 'const int' (or there is no acceptable conversion)
[stderr] ERROR: 0:31: '/' : wrong operand types - no operation '/' exists that takes a left-hand operand of type 'highp 2-component vector of float' and a right operand of type 'const int' (or there is no acceptable conversion)
[stderr] Error on Fragment compile
[stderr] Shader: ERROR: 0:26: '/' : wrong operand types - no operation '/' exists that takes a left-hand operand of type 'highp float' and a right operand of type 'const int' (or there is no acceptable conversion)
[stderr] ERROR: 0:26: '/' : wrong operand types - no operation '/' exists that takes a left-hand operand of type 'highp float' and a right operand of type 'const int' (or there is no acceptable conversion)
[stderr] ERROR: 0:27: '/' : wrong operand types - no operation '/' exists that takes a left-hand operand of type 'highp float' and a right operand of type 'const int' (or there is no acceptable conversion)
[stderr] ERROR: 0:27: '/' : wrong operand types - no operation '/' exists that takes a left-hand operand of type 'highp float' and a right operand of type 'const int' (or there is no acceptable conversion)
[stderr] ERROR: 0:28: '/' : wrong operand types - no operation '/' exists that takes a left-hand operand of type 'highp float' and a right operand of type 'const int' (or there is no acceptable conversion)
[stderr] ERROR: 0:28: '/' : wrong operand types - no operation '/' exists that takes a left-hand operand of type 'highp float' and a right operand of type 'const int' (or there is no acceptable conversion)
[stderr] ERROR: 0:31: '/' : wrong operand types - no operation '/' exists that takes a left-hand operand of type 'highp 2-component vector of float' and a right operand of type 'const int' (or there is no acceptable conversion)

Converted GLSL source:
#version 300 es
precision highp float;
precision highp int;
in vec2 TexCoord;
#define tc TexCoord
out vec4 color;
uniform float alpha_r;
uniform float alpha_g;
uniform float alpha_b;
uniform float alpha;
uniform vec4 optx;
uniform vec4 random_var;
uniform float alpha_value;
uniform mat4 mv_matrix;
uniform mat4 proj_matrix;
uniform sampler2D samp;
uniform float value_alpha_r, value_alpha_g, value_alpha_b;
uniform float index_value;
uniform float time_f;

uniform float restore_black;

void main(void)
{
    color = texture(samp, tc);
    vec2 cord1 = vec2(tc[0]/2, tc[0]/2);
    vec2 cord2 = vec2(tc[0]/4, tc[0]/4);
    vec2 cord3 = vec2(tc[0]/8, tc[0]/8);
    vec4 col1 = texture(samp, cord1);
    vec4 col2 = texture(samp, cord2);
    vec2 p = gl_FragCoord.xy / 32;
    vec2 d = fract(p);
    color[1] = (color[1]+col1[1])*(d[0]+d[1]);
    color[2] = (color[2]+col2[2])*(d[0]+d[1]);
}



================================================================================
[31] coord_color.glsl
3D program: FAILED
2D program: FAILED

Compiler output:
[stderr] Error on Fragment compile
[stderr] Shader: ERROR: 0:30: '/' : wrong operand types - no operation '/' exists that takes a left-hand operand of type 'uniform highp 4-component vector of float' and a right operand of type 'const int' (or there is no acceptable conversion)
[stderr] Error on Fragment compile
[stderr] Shader: ERROR: 0:30: '/' : wrong operand types - no operation '/' exists that takes a left-hand operand of type 'uniform highp 4-component vector of float' and a right operand of type 'const int' (or there is no acceptable conversion)

Converted GLSL source:
#version 300 es
precision highp float;
precision highp int;
in vec2 TexCoord;
#define tc TexCoord
out vec4 color;
uniform float alpha_r;
uniform float alpha_g;
uniform float alpha_b;
in float timeval;
uniform float alpha;
uniform vec4 optx;
uniform vec4 random_var;
uniform float alpha_value;
uniform mat4 mv_matrix;
uniform mat4 proj_matrix;
uniform sampler2D samp;
uniform float value_alpha_r, value_alpha_g, value_alpha_b;
uniform float index_value;
uniform float time_f;
uniform vec2 iResolution;
in vec2 iResolution_;
uniform float restore_black;
uniform vec4 inc_valuex;

void main(void)
{
    color = texture(samp, tc);
    vec2 pos = gl_FragCoord.xy/iResolution_.xy;
    vec4 s = color * sin(inc_valuex/255 * timeval);
    color[0] += s[0] * pos[0];
    color[1] += s[1] * pos[1];
}


================================================================================
[32] cos.glsl
3D program: FAILED
2D program: FAILED

Compiler output:
[stderr] Error on Fragment compile
[stderr] Shader: ERROR: 0:29: '[' : array indexes for fragment outputs must be constant integral expressions
[stderr] ERROR: 0:29: '[' : array indexes for fragment outputs must be constant integral expressions
[stderr] ERROR: 0:33: '[' : array indexes for fragment outputs must be constant integral expressions
[stderr] ERROR: 0:33: '*' : wrong operand types - no operation '*' exists that takes a left-hand operand of type 'const int' and a right operand of type 'highp float' (or there is no acceptable conversion)
[stderr] ERROR: 0:36: '[' : array indexes for fragment outputs must be constant integral expressions
[stderr] ERROR: 0:36: '/' : wrong operand types - no operation '/' exists that takes a left-hand operand of type 'highp float' and a right operand of type 'const int' (or there is no acceptable conversion)
[stderr] Error on Fragment compile
[stderr] Shader: ERROR: 0:29: '[' : array indexes for fragment outputs must be constant integral expressions
[stderr] ERROR: 0:29: '[' : array indexes for fragment outputs must be constant integral expressions
[stderr] ERROR: 0:33: '[' : array indexes for fragment outputs must be constant integral expressions
[stderr] ERROR: 0:33: '*' : wrong operand types - no operation '*' exists that takes a left-hand operand of type 'const int' and a right operand of type 'highp float' (or there is no acceptable conversion)
[stderr] ERROR: 0:36: '[' : array indexes for fragment outputs must be constant integral expressions
[stderr] ERROR: 0:36: '/' : wrong operand types - no operation '/' exists that takes a left-hand operand of type 'highp float' and a right operand of type 'const int' (or there is no acceptable conversion)

Converted GLSL source:
#version 300 es
precision highp float;
precision highp int;
in vec2 TexCoord;
#define tc TexCoord
out vec4 color;
uniform float alpha_r;
uniform float alpha_g;
uniform float alpha_b;
in float timeval;
uniform float alpha;
uniform vec4 optx;
uniform vec4 random_var;
uniform float alpha_value;

uniform mat4 mv_matrix;
uniform mat4 proj_matrix;
uniform sampler2D samp;
uniform float value_alpha_r, value_alpha_g, value_alpha_b;
uniform float index_value;
uniform float time_f;

uniform float restore_black;

void main(void)
{
    color = texture(samp, tc);
    for(int i = 0; i < 3; ++i) {
        color[i] += cos(color[i] * timeval);
    }
    ivec3 int_color;
    for(int i = 0; i < 3; ++i) {
        int_color[i] = int(255 * color[i]);
        if(int_color[i] > 255)
            int_color[i] = int_color[i]%255;
        color[i] = float(int_color[i])/255;
    }
}



================================================================================
[33] cos_sin.glsl
3D program: FAILED
2D program: FAILED

Compiler output:
[stderr] Error on Fragment compile
[stderr] Shader: ERROR: 0:2: '
[stderr] ' : #version directive must occur on the first line of the shader
[stderr] ERROR: 0:5: 'in' : storage qualifier supported in GLSL ES 3.00 and above only
[stderr] ERROR: 0:7: 'out' : storage qualifier supported in GLSL ES 3.00 and above only
[stderr] ERROR: 0:11: 'in' : storage qualifier supported in GLSL ES 3.00 and above only
[stderr] ERROR: 0:28: 'texture' : no matching overloaded function found
[stderr] ERROR: 0:28: '=' : dimension mismatch
[stderr] ERROR: 0:28: 'assign' : cannot convert from 'const mediump float' to 'out highp 4-component vector of float'
[stderr] ERROR: 0:33: '[' : array indexes for fragment outputs must be constant integral expressions
[stderr] ERROR: 0:33: '*' : wrong operand types - no operation '*' exists that takes a left-hand operand of type 'const int' and a right operand of type 'highp float' (or there is no acceptable conversion)
[stderr] ERROR: 0:35: '%' : integer modulus operator supported in GLSL ES 3.00 and above only
[stderr] ERROR: 0:36: '[' : array indexes for fragment outputs must be constant integral expressions
[stderr] ERROR: 0:36: '/' : wrong operand types - no operation '/' exists that takes a left-hand operand of type 'highp float' and a right operand of type 'const int' (or there is no acceptable conversion)
[stderr] Error on Fragment compile
[stderr] Shader: ERROR: 0:2: '
[stderr] ' : #version directive must occur on the first line of the shader
[stderr] ERROR: 0:5: 'in' : storage qualifier supported in GLSL ES 3.00 and above only
[stderr] ERROR: 0:7: 'out' : storage qualifier supported in GLSL ES 3.00 and above only
[stderr] ERROR: 0:11: 'in' : storage qualifier supported in GLSL ES 3.00 and above only
[stderr] ERROR: 0:28: 'texture' : no matching overloaded function found
[stderr] ERROR: 0:28: '=' : dimension mismatch
[stderr] ERROR: 0:28: 'assign' : cannot convert from 'const mediump float' to 'out highp 4-component vector of float'
[stderr] ERROR: 0:33: '[' : array indexes for fragment outputs must be constant integral expressions
[stderr] ERROR: 0:33: '*' : wrong operand types - no operation '*' exists that takes a left-hand operand of type 'const int' and a right operand of type 'highp float' (or there is no acceptable conversion)
[stderr] ERROR: 0:35: '%' : integer modulus operator supported in GLSL ES 3.00 and above only
[stderr] ERROR: 0:36: '[' : array indexes for fragment outputs must be constant integral expressions
[stderr] ERROR: 0:36: '/' : wrong operand types - no operation '/' exists that takes a left-hand operand of type 'highp float' and a right operand of type 'const int' (or there is no acceptable conversion)

Converted GLSL source:

#version 300 es
precision highp float;
precision highp int;
in vec2 TexCoord;
#define tc TexCoord
out vec4 color;
uniform float alpha_r;
uniform float alpha_g;
uniform float alpha_b;
in float timeval;
uniform float alpha;
uniform vec4 optx;
uniform vec4 random_var;
uniform float alpha_value;

uniform mat4 mv_matrix;
uniform mat4 proj_matrix;
uniform sampler2D samp;
uniform float value_alpha_r, value_alpha_g, value_alpha_b;
uniform float index_value;
uniform float time_f;

uniform float restore_black;

void main(void)
{
    color = texture(samp, tc);
    color[0] += timeval*cos(0.1489*tc[0]);
    color[1] += timeval*sin(0.1482*tc[1]);
    ivec3 int_color;
    for(int i = 0; i < 3; ++i) {
        int_color[i] = int(255 * color[i]);
        if(int_color[i] > 255)
            int_color[i] = int_color[i]%255;
        color[i] = float(int_color[i])/255;
    }
}



================================================================================
[34] dark.glsl
3D program: FAILED
2D program: FAILED

Compiler output:
[stderr] Error on Fragment compile
[stderr] Shader: ERROR: 0:28: '[' : array indexes for fragment outputs must be constant integral expressions
[stderr] ERROR: 0:28: '*' : wrong operand types - no operation '*' exists that takes a left-hand operand of type 'const int' and a right operand of type 'highp float' (or there is no acceptable conversion)
[stderr] ERROR: 0:44: '[' : array indexes for fragment outputs must be constant integral expressions
[stderr] ERROR: 0:44: '*' : wrong operand types - no operation '*' exists that takes a left-hand operand of type 'const int' and a right operand of type 'highp float' (or there is no acceptable conversion)
[stderr] ERROR: 0:48: '[' : array indexes for fragment outputs must be constant integral expressions
[stderr] ERROR: 0:48: '/' : wrong operand types - no operation '/' exists that takes a left-hand operand of type 'highp float' and a right operand of type 'const int' (or there is no acceptable conversion)
[stderr] Error on Fragment compile
[stderr] Shader: ERROR: 0:28: '[' : array indexes for fragment outputs must be constant integral expressions
[stderr] ERROR: 0:28: '*' : wrong operand types - no operation '*' exists that takes a left-hand operand of type 'const int' and a right operand of type 'highp float' (or there is no acceptable conversion)
[stderr] ERROR: 0:44: '[' : array indexes for fragment outputs must be constant integral expressions
[stderr] ERROR: 0:44: '*' : wrong operand types - no operation '*' exists that takes a left-hand operand of type 'const int' and a right operand of type 'highp float' (or there is no acceptable conversion)
[stderr] ERROR: 0:48: '[' : array indexes for fragment outputs must be constant integral expressions
[stderr] ERROR: 0:48: '/' : wrong operand types - no operation '/' exists that takes a left-hand operand of type 'highp float' and a right operand of type 'const int' (or there is no acceptable conversion)

Converted GLSL source:
#version 300 es
precision highp float;
precision highp int;
in vec2 TexCoord;
#define tc TexCoord
out vec4 color;
uniform float alpha_r;
uniform float alpha_g;
uniform float alpha_b;
uniform float alpha;
uniform vec4 optx;
uniform vec4 random_var;
uniform float alpha_value;
uniform mat4 mv_matrix;
uniform mat4 proj_matrix;
uniform sampler2D samp;
uniform float value_alpha_r, value_alpha_g, value_alpha_b;
uniform float index_value;
uniform float time_f;

uniform float restore_black;

void main(void)
{
    color = texture(samp, tc);
    ivec3 source;
    for(int i = 0; i < 3; ++i) {
        source[i] = int(255 * color[i]);
    }

    float x = gl_FragCoord.x;
    float y = gl_FragCoord.y;
    vec2 cord1 = vec2(tc[0]/x, tc[1]/y);
    vec2 cord2 = vec2(tc[0]/x, tc[1]/y);
    vec2 cord3 = vec2(tc[0]/x, tc[1]/y);
    vec4 col1 = texture(samp, cord1);
    vec4 col2 = texture(samp, cord2);
    vec4 col3 = texture(samp, cord3);
    color[0] = (color[0]+col1[0]) * 0.9;
    color[1] = (color[1]+col2[1]) * 0.9;
    color[2] = (color[2]+col3[2]) * 0.9;
    ivec3 int_color;
    for(int i = 0; i < 3; ++i) {
        int_color[i] = int(255 * color[i]);
        int_color[i] = int_color[i]^source[i];
        if(int_color[i] > 255)
            int_color[i] = int_color[i]%255;
        color[i] = float(int_color[i])/255;
    }
}



================================================================================
[35] dark_addup_xor.glsl
3D program: FAILED
2D program: FAILED

Compiler output:
[stderr] Error on Fragment compile
[stderr] Shader: ERROR: 0:28: '[' : array indexes for fragment outputs must be constant integral expressions
[stderr] ERROR: 0:28: '*' : wrong operand types - no operation '*' exists that takes a left-hand operand of type 'const int' and a right operand of type 'highp float' (or there is no acceptable conversion)
[stderr] ERROR: 0:34: '[' : array indexes for fragment outputs must be constant integral expressions
[stderr] ERROR: 0:34: '[' : array indexes for fragment outputs must be constant integral expressions
[stderr] ERROR: 0:34: '[' : array indexes for fragment outputs must be constant integral expressions
[stderr] ERROR: 0:38: '[' : array indexes for fragment outputs must be constant integral expressions
[stderr] ERROR: 0:38: '*' : wrong operand types - no operation '*' exists that takes a left-hand operand of type 'const int' and a right operand of type 'highp float' (or there is no acceptable conversion)
[stderr] ERROR: 0:42: '[' : array indexes for fragment outputs must be constant integral expressions
[stderr] ERROR: 0:42: '/' : wrong operand types - no operation '/' exists that takes a left-hand operand of type 'highp float' and a right operand of type 'const int' (or there is no acceptable conversion)
[stderr] Error on Fragment compile
[stderr] Shader: ERROR: 0:28: '[' : array indexes for fragment outputs must be constant integral expressions
[stderr] ERROR: 0:28: '*' : wrong operand types - no operation '*' exists that takes a left-hand operand of type 'const int' and a right operand of type 'highp float' (or there is no acceptable conversion)
[stderr] ERROR: 0:34: '[' : array indexes for fragment outputs must be constant integral expressions
[stderr] ERROR: 0:34: '[' : array indexes for fragment outputs must be constant integral expressions
[stderr] ERROR: 0:34: '[' : array indexes for fragment outputs must be constant integral expressions
[stderr] ERROR: 0:38: '[' : array indexes for fragment outputs must be constant integral expressions
[stderr] ERROR: 0:38: '*' : wrong operand types - no operation '*' exists that takes a left-hand operand of type 'const int' and a right operand of type 'highp float' (or there is no acceptable conversion)
[stderr] ERROR: 0:42: '[' : array indexes for fragment outputs must be constant integral expressions
[stderr] ERROR: 0:42: '/' : wrong operand types - no operation '/' exists that takes a left-hand operand of type 'highp float' and a right operand of type 'const int' (or there is no acceptable conversion)

Converted GLSL source:
#version 300 es
precision highp float;
precision highp int;
in vec2 TexCoord;
#define tc TexCoord
out vec4 color;
uniform float alpha_r;
uniform float alpha_g;
uniform float alpha_b;
uniform float alpha;
uniform vec4 optx;
uniform vec4 random_var;
uniform float alpha_value;
uniform mat4 mv_matrix;
uniform mat4 proj_matrix;
uniform sampler2D samp;
uniform float value_alpha_r, value_alpha_g, value_alpha_b;
uniform float index_value;
uniform float time_f;

uniform float restore_black;

void main(void)
{
    color = texture(samp, tc);
    ivec3 source;
    for(int i = 0; i < 3; ++i) {
        source[i] = int(255 * color[i]);
    }
 
    float val = (color[0]+color[1]+color[2])*alpha;
    
    for(int q = 0; q < 3; ++q)
    color[q] = color[q] * (sin(val * color[q]/0.3));
    
    ivec3 int_color;
    for(int i = 0; i < 3; ++i) {
        int_color[i] = int(255 * color[i]);
        int_color[i] = int_color[i]^source[i];
        if(int_color[i] > 255)
            int_color[i] = int_color[i]%255;
        color[i] = float(int_color[i])/255;
    }
}


================================================================================
[36] dark_psych.glsl
3D program: FAILED
2D program: FAILED

Compiler output:
[stderr] Error on Fragment compile
[stderr] Shader: ERROR: 0:36: 'mod' : no matching overloaded function found
[stderr] Error on Fragment compile
[stderr] Shader: ERROR: 0:36: 'mod' : no matching overloaded function found

Converted GLSL source:
#version 300 es
precision highp float;
precision highp int;

in vec2 TexCoord;
#define tc TexCoord
out vec4 color;
uniform float time_f;
uniform vec2 iResolution;
uniform sampler2D samp;

vec3 rainbow(float t) {
    t = fract(t);
    float r = abs(t * 6.0 - 3.0) - 1.0;
    float g = 2.0 - abs(t * 6.0 - 2.0);
    float b = 2.0 - abs(t * 6.0 - 4.0);
    return clamp(vec3(r, g, b), 0.0, 1.0);
}

void main(void) {
    vec2 uv = (tc - 0.5) * 2.0;
    uv.x *= iResolution.x / iResolution.y;
    float time = time_f * 0.5;
    float sine1 = sin(uv.x * 10.0 + time) * cos(uv.y * 10.0 + time);
    float sine2 = sin(uv.y * 15.0 - time) * cos(uv.x * 15.0 - time);
    float sine3 = sin(sqrt(uv.x * uv.x + uv.y * uv.y) * 20.0 + time);
    float pattern = sine1 + sine2 + sine3;
    float colorIntensity = pattern * 0.5 + 0.5;
    vec3 psychedelicColor = vec3(
        sin(colorIntensity * 6.28318 + 0.0) * 0.5 + 0.5,
        sin(colorIntensity * 6.28318 + 2.09439) * 0.5 + 0.5,
        sin(colorIntensity * 6.28318 + 4.18879) * 0.5 + 0.5
    );
    vec3 baseColor = psychedelicColor;
    uv = tc * 2.0 - 1.0;
    float t = mod(time_f, 20);
    uv.y *= iResolution.y / iResolution.x;
    float angle = atan(uv.y, uv.x) + t * 20.0;
    vec3 rainbowColor = rainbow(angle / (2.0 * 3.14159));
    vec4 originalColor = texture(samp, tc);
    vec3 blendedColor = mix(originalColor.rgb, rainbowColor, 0.5);
    color = vec4(sin(blendedColor * t), originalColor.a);
    color = mix(color, vec4(baseColor, 1.0), 0.5);
}


================================================================================
[37] dark_psych_wave.glsl
3D program: FAILED
2D program: FAILED

Compiler output:
[stderr] Error on Fragment compile
[stderr] Shader: ERROR: 0:36: 'mod' : no matching overloaded function found
[stderr] Error on Fragment compile
[stderr] Shader: ERROR: 0:36: 'mod' : no matching overloaded function found

Converted GLSL source:
#version 300 es
precision highp float;
precision highp int;

in vec2 TexCoord;
#define tc TexCoord
out vec4 color;
uniform float time_f;
uniform vec2 iResolution;
uniform sampler2D samp;

vec3 rainbow(float t) {
    t = fract(t);
    float r = abs(t * 6.0 - 3.0) - 1.0;
    float g = 2.0 - abs(t * 6.0 - 2.0);
    float b = 2.0 - abs(t * 6.0 - 4.0);
    return clamp(vec3(r, g, b), 0.0, 1.0);
}

void main(void) {
    vec2 uv = (tc - 0.5) * 2.0;
    uv.x *= iResolution.x / iResolution.y;
    float time = time_f * 0.5;
    float sine1 = sin(uv.x * 10.0 + time) * cos(uv.y * 10.0 + time);
    float sine2 = sin(uv.y * 15.0 - time) * cos(uv.x * 15.0 - time);
    float sine3 = sin(sqrt(uv.x * uv.x + uv.y * uv.y) * 20.0 + time);
    float pattern = sine1 + sine2 + sine3;
    float colorIntensity = pattern * 0.5 + 0.5;
    vec3 psychedelicColor = vec3(
        sin(colorIntensity * 6.28318 + 0.0) * 0.5 + 0.5,
        sin(colorIntensity * 6.28318 + 2.09439) * 0.5 + 0.5,
        sin(colorIntensity * 6.28318 + 4.18879) * 0.5 + 0.5
    );

    uv = tc * 2.0 - 1.0;
    float t = mod(time_f, 20);
    uv.y *= iResolution.y / iResolution.x;
    float angle = atan(uv.y, uv.x) + t * 20.0;
    vec3 rainbowColor = rainbow(angle / (2.0 * 3.14159));
    vec4 originalColor = texture(samp, tc);
    vec3 blendedColor = mix(originalColor.rgb, rainbowColor, 0.5);
    vec4 finalColor = vec4(sin(blendedColor * t), originalColor.a);

    finalColor = mix(finalColor, vec4(psychedelicColor, 1.0), 0.5);

    vec2 normCoord = ((gl_FragCoord.xy / iResolution.xy) * 2.0 - 1.0) * vec2(iResolution.x / iResolution.y, 1.0);
    float distanceFromCenter = length(normCoord);
    float wave = sin(distanceFromCenter * 12.0 - time_f * 4.0);
    vec2 tcAdjusted = tc + (normCoord * 0.301 * wave);
    vec4 textureColor = texture(samp, tcAdjusted);

    color = mix(textureColor, finalColor, 0.5);
}


================================================================================
[38] dark_rainbow_limit.glsl
3D program: FAILED
2D program: FAILED

Compiler output:
[stderr] Error on Fragment compile
[stderr] Shader: ERROR: 0:28: 'pingPong' : no matching overloaded function found
[stderr] Error on Fragment compile
[stderr] Shader: ERROR: 0:28: 'pingPong' : no matching overloaded function found

Converted GLSL source:
#version 300 es
precision highp float;
precision highp int;

in vec2 TexCoord;
#define tc TexCoord
out vec4 color;
uniform sampler2D samp;
uniform float time_f;
uniform vec2 iResolution;

vec3 rainbow(float t) {
    t = fract(t);
    float r = abs(t * 6.0 - 3.0) - 1.0;
    float g = 2.0 - abs(t * 6.0 - 2.0);
    float b = 2.0 - abs(t * 6.0 - 4.0);
    return clamp(vec3(r, g, b), 0.0, 1.0);
}

float pingPong(float x, float length) {
    float modVal = mod(x, length * 2.0);
    return modVal <= length ? modVal : length * 2.0 - modVal;
}

void main(void) {
    vec2 uv = tc * 2.0 - 1.0;
    
    float t = pingPong(time_f, 20) + 1.0;
    
    uv.y *= iResolution.y / iResolution.x;
    float angle = atan(uv.y, uv.x) + t * 20.0;

    vec3 rainbow_color = rainbow(angle / (2.0 * 3.14159));

    vec4 original_color = texture(samp, tc);
    vec3 blended_color = mix(original_color.rgb, rainbow_color, 0.5);

    color = vec4(sin(blended_color * t), original_color.a);
}


================================================================================
[39] dark_square.glsl
3D program: FAILED
2D program: FAILED

Compiler output:
[stderr] Error on Fragment compile
[stderr] Shader: ERROR: 0:29: '[' : array indexes for fragment outputs must be constant integral expressions
[stderr] ERROR: 0:29: '*' : wrong operand types - no operation '*' exists that takes a left-hand operand of type 'const int' and a right operand of type 'highp float' (or there is no acceptable conversion)
[stderr] ERROR: 0:36: '[' : array indexes for fragment outputs must be constant integral expressions
[stderr] ERROR: 0:36: '*' : wrong operand types - no operation '*' exists that takes a left-hand operand of type 'const int' and a right operand of type 'highp float' (or there is no acceptable conversion)
[stderr] ERROR: 0:39: '[' : array indexes for fragment outputs must be constant integral expressions
[stderr] ERROR: 0:39: '/' : wrong operand types - no operation '/' exists that takes a left-hand operand of type 'highp float' and a right operand of type 'const int' (or there is no acceptable conversion)
[stderr] Error on Fragment compile
[stderr] Shader: ERROR: 0:29: '[' : array indexes for fragment outputs must be constant integral expressions
[stderr] ERROR: 0:29: '*' : wrong operand types - no operation '*' exists that takes a left-hand operand of type 'const int' and a right operand of type 'highp float' (or there is no acceptable conversion)
[stderr] ERROR: 0:36: '[' : array indexes for fragment outputs must be constant integral expressions
[stderr] ERROR: 0:36: '*' : wrong operand types - no operation '*' exists that takes a left-hand operand of type 'const int' and a right operand of type 'highp float' (or there is no acceptable conversion)
[stderr] ERROR: 0:39: '[' : array indexes for fragment outputs must be constant integral expressions
[stderr] ERROR: 0:39: '/' : wrong operand types - no operation '/' exists that takes a left-hand operand of type 'highp float' and a right operand of type 'const int' (or there is no acceptable conversion)

Converted GLSL source:
#version 300 es
precision highp float;
precision highp int;
in vec2 TexCoord;
#define tc TexCoord
out vec4 color;
uniform float alpha_r;
uniform float alpha_g;
uniform float alpha_b;
in float timeval;
uniform float alpha;
uniform vec4 optx;
uniform vec4 random_var;
uniform float alpha_value;
uniform mat4 mv_matrix;
uniform mat4 proj_matrix;
uniform sampler2D samp;
uniform float value_alpha_r, value_alpha_g, value_alpha_b;
uniform float index_value;
uniform float time_f;

uniform float restore_black;

void main(void)
{
    color = texture(samp, tc);
    ivec3 source;
    for(int i = 0; i < 3; ++i) {
        source[i] = int(255 * color[i]);
    }
    color[0] = color[0]*sin(tc[0] * timeval);
    color[1] = color[1]*cos(tc[1] * timeval);
    color[2] = color[2]*tan(tc[0] * timeval);
    ivec3 int_color;
    for(int i = 0; i < 3; ++i) {
        int_color[i] = int(255 * color[i]);
        if(int_color[i] > 255)
            int_color[i] = int_color[i]%255;
        color[i] = float(int_color[i])/255;
    }
}


================================================================================
[40] darkred.glsl
3D program: FAILED
2D program: FAILED

Compiler output:
[stderr] Error on Fragment compile
[stderr] Shader: ERROR: 0:29: '[' : array indexes for fragment outputs must be constant integral expressions
[stderr] ERROR: 0:29: '*' : wrong operand types - no operation '*' exists that takes a left-hand operand of type 'const int' and a right operand of type 'highp float' (or there is no acceptable conversion)
[stderr] ERROR: 0:38: '[' : array indexes for fragment outputs must be constant integral expressions
[stderr] ERROR: 0:38: '*' : wrong operand types - no operation '*' exists that takes a left-hand operand of type 'const int' and a right operand of type 'highp float' (or there is no acceptable conversion)
[stderr] ERROR: 0:42: '[' : array indexes for fragment outputs must be constant integral expressions
[stderr] ERROR: 0:42: '/' : wrong operand types - no operation '/' exists that takes a left-hand operand of type 'highp float' and a right operand of type 'const int' (or there is no acceptable conversion)
[stderr] Error on Fragment compile
[stderr] Shader: ERROR: 0:29: '[' : array indexes for fragment outputs must be constant integral expressions
[stderr] ERROR: 0:29: '*' : wrong operand types - no operation '*' exists that takes a left-hand operand of type 'const int' and a right operand of type 'highp float' (or there is no acceptable conversion)
[stderr] ERROR: 0:38: '[' : array indexes for fragment outputs must be constant integral expressions
[stderr] ERROR: 0:38: '*' : wrong operand types - no operation '*' exists that takes a left-hand operand of type 'const int' and a right operand of type 'highp float' (or there is no acceptable conversion)
[stderr] ERROR: 0:42: '[' : array indexes for fragment outputs must be constant integral expressions
[stderr] ERROR: 0:42: '/' : wrong operand types - no operation '/' exists that takes a left-hand operand of type 'highp float' and a right operand of type 'const int' (or there is no acceptable conversion)

Converted GLSL source:
#version 300 es
precision highp float;
precision highp int;
in vec2 TexCoord;
#define tc TexCoord
out vec4 color;
uniform float alpha_r;
uniform float alpha_g;
uniform float alpha_b;
in float timeval;
uniform float alpha;
uniform vec4 optx;
uniform vec4 random_var;
uniform float alpha_value;
uniform mat4 mv_matrix;
uniform mat4 proj_matrix;
uniform sampler2D samp;
uniform float value_alpha_r, value_alpha_g, value_alpha_b;
uniform float index_value;
uniform float time_f;

uniform float restore_black;

void main(void)
{
    color = texture(samp, tc);
    ivec3 source;
    for(int i = 0; i < 3; ++i) {
        source[i] = int(255 * color[i]);
    }
    
    color[2] = (color[0]*timeval*0.05)*alpha_b;
    color[1] = (color[1]*timeval*0.08)*alpha_g;
    color[0] = 1.0;
    
    ivec3 int_color;
    for(int i = 0; i < 3; ++i) {
        int_color[i] = int(255 * color[i]);
        int_color[i] = int_color[i]^source[i];
        if(int_color[i] > 255)
            int_color[i] = int_color[i]%255;
        color[i] = float(int_color[i])/255;
    }
}



================================================================================
[41] diamond.glsl
3D program: FAILED
2D program: FAILED

Compiler output:
[stderr] Error on Fragment compile
[stderr] Shader: ERROR: 0:20: '*' : wrong operand types - no operation '*' exists that takes a left-hand operand of type 'in highp 4-component vector of float' and a right operand of type 'const int' (or there is no acceptable conversion)
[stderr] ERROR: 0:22: '*' : wrong operand types - no operation '*' exists that takes a left-hand operand of type 'const int' and a right operand of type 'highp float' (or there is no acceptable conversion)
[stderr] ERROR: 0:26: '/' : wrong operand types - no operation '/' exists that takes a left-hand operand of type 'highp float' and a right operand of type 'const int' (or there is no acceptable conversion)
[stderr] Error on Fragment compile
[stderr] Shader: ERROR: 0:20: '*' : wrong operand types - no operation '*' exists that takes a left-hand operand of type 'in highp 4-component vector of float' and a right operand of type 'const int' (or there is no acceptable conversion)
[stderr] ERROR: 0:22: '*' : wrong operand types - no operation '*' exists that takes a left-hand operand of type 'const int' and a right operand of type 'highp float' (or there is no acceptable conversion)
[stderr] ERROR: 0:26: '/' : wrong operand types - no operation '/' exists that takes a left-hand operand of type 'highp float' and a right operand of type 'const int' (or there is no acceptable conversion)

Converted GLSL source:
#version 300 es
precision highp float;
precision highp int;
out vec4 color;
in vec2 TexCoord;
#define tc TexCoord

uniform sampler2D samp;
uniform vec2 iResolution;
uniform float time_f;
vec3 hash3(vec2 p) {
    vec3 q = vec3(dot(p, vec2(127.1, 311.7)),
                  dot(p, vec2(269.5, 183.3)),
                  dot(p, vec2(419.2, 371.9)));
    return fract(sin(q) * 43758.5453);
}

vec4 xor_RGB(vec4 icolor, vec4 source) {
    ivec3 int_color;
    ivec4 isource = ivec4(source * 255);
    for(int i = 0; i < 3; ++i) {
        int_color[i] = int(255 * icolor[i]);
        int_color[i] = int_color[i]^isource[i];
        if(int_color[i] > 255)
            int_color[i] = int_color[i]%255;
        icolor[i] = float(int_color[i])/255;
    }
    icolor.a = 1.0;
return icolor;
}

void main(void) {
    vec2 uv = tc * iResolution / vec2(iResolution.y);
    vec2 skewedUv = uv;
    skewedUv.x = (uv.x + uv.y) * 0.5;
    skewedUv.y = (uv.x - uv.y) * 0.5;
    float scale = abs(sin(time_f)) * 20.0 + 1.0;
    skewedUv *= scale;
    vec2 c = floor(skewedUv);
    vec2 checker = mod(c, 2.0);
    bool isEvenDiamond = (checker.x == checker.y);
    vec3 diamondColor = hash3(c);
    vec3 finalColor = isEvenDiamond ? diamondColor * 0.8 : diamondColor * 0.5;
    color = xor_RGB(vec4(finalColor, 1.0), texture(samp, tc));
    
}


================================================================================
[42] diamond_pattern_1.glsl
3D program: FAILED
2D program: FAILED

Compiler output:
[stderr] Error on Fragment compile
[stderr] Shader: ERROR: 0:59: 'pingPong' : no matching overloaded function found
[stderr] Error on Fragment compile
[stderr] Shader: ERROR: 0:59: 'pingPong' : no matching overloaded function found

Converted GLSL source:
#version 300 es
precision highp float;
precision highp int;
out vec4 color;
in vec2 TexCoord;
#define tc TexCoord

uniform sampler2D samp;
uniform float time_f;
uniform vec2 iResolution;
uniform vec4 iMouse;

float pingPong(float x, float length) {
    float m = mod(x, length * 2.0);
    return m <= length ? m : length * 2.0 - m;
}

void main() {
    vec2 uv = tc;
    vec2 m = (iMouse.z > 0.5) ? (iMouse.xy / iResolution) : vec2(0.5);
    vec2 d = uv - m;
    float dist = length(d);
    float pos = 1.0 + 6.0 * (1.0 - smoothstep(0.0, 0.35, dist)) + 0.25 * sin(time_f * 1.5);

    // warp coordinates based on mouse influence
    vec2 warp = d * sin(time_f * 0.8 + dist * 8.0) * 0.15 * pos;
    uv += warp;

    ivec2 coords = ivec2(uv * iResolution);
    vec4 origColor = texture(samp, uv);

    int x = coords.x;
    int y = coords.y;
    vec3 newColor = origColor.rgb;

    if ((x % 2) == 0) {
        if ((y % 2) == 0) {
            newColor.r = (1.0 - pos * origColor.r);
            newColor.b = (float(x + y) * pos) / 255.0;
        } else {
            newColor.r = (pos * origColor.r - float(y)) / 255.0;
            newColor.b = (float(x - y) * pos) / 255.0;
        }
    } else {
        if ((y % 2) == 0) {
            newColor.r = (pos * origColor.r - float(x)) / 255.0;
            newColor.b = (float(x - y) * pos) / 255.0;
        } else {
            newColor.r = (pos * origColor.r - float(y)) / 255.0;
            newColor.b = (float(x + y) * pos) / 255.0;
        }
    }

    float temp = newColor.r;
    newColor.r = newColor.b;
    newColor.b = temp;
    vec3 finalColor = (sin(time_f) > 0.0) ? vec3(1.0) - newColor : newColor;

    color = sin(vec4(finalColor, 1.0) * pingPong(time_f, 10));
    color.a = 1.0;
}


================================================================================
[43] disk2.glsl
3D program: FAILED
2D program: FAILED

Compiler output:
[stderr] Error on Fragment compile
[stderr] Shader: ERROR: 0:14: '*' : wrong operand types - no operation '*' exists that takes a left-hand operand of type 'in highp 4-component vector of float' and a right operand of type 'const int' (or there is no acceptable conversion)
[stderr] ERROR: 0:16: '*' : wrong operand types - no operation '*' exists that takes a left-hand operand of type 'const int' and a right operand of type 'highp float' (or there is no acceptable conversion)
[stderr] ERROR: 0:20: '/' : wrong operand types - no operation '/' exists that takes a left-hand operand of type 'highp float' and a right operand of type 'const int' (or there is no acceptable conversion)
[stderr] Error on Fragment compile
[stderr] Shader: ERROR: 0:14: '*' : wrong operand types - no operation '*' exists that takes a left-hand operand of type 'in highp 4-component vector of float' and a right operand of type 'const int' (or there is no acceptable conversion)
[stderr] ERROR: 0:16: '*' : wrong operand types - no operation '*' exists that takes a left-hand operand of type 'const int' and a right operand of type 'highp float' (or there is no acceptable conversion)
[stderr] ERROR: 0:20: '/' : wrong operand types - no operation '/' exists that takes a left-hand operand of type 'highp float' and a right operand of type 'const int' (or there is no acceptable conversion)

Converted GLSL source:
#version 300 es
precision highp float;
precision highp int;

in vec2 TexCoord;
#define tc TexCoord
out vec4 color;
uniform sampler2D samp;
uniform float time_f;
uniform vec2 iResolution;

vec4 xor_RGB(vec4 icolor, vec4 source) {
    ivec3 int_color;
    ivec4 isource = ivec4(source * 255);
    for(int i = 0; i < 3; ++i) {
        int_color[i] = int(255 * icolor[i]);
        int_color[i] = int_color[i]^isource[i];
        if(int_color[i] > 255)
            int_color[i] = int_color[i]%255;
        icolor[i] = float(int_color[i])/255;
    }
    icolor.a = 1.0;
return icolor;
}

void main(void) {
    vec2 uv = tc * 2.0 - 1.0;
    float angle = atan(uv.y, uv.x);
    float radius = length(uv);
    
    float spinningSpeed = mix(5.0, 1.0, radius);
    float spinningAngle = angle + time_f * spinningSpeed;
    
    vec2 spinningUV = vec2(cos(spinningAngle), sin(spinningAngle)) * radius * 0.5 + 0.5;
    vec4 texColor = texture(samp, spinningUV);
    
    float centerGlow = exp(-radius * 10.0);
    float outerGlow = smoothstep(0.4, 0.5, radius) * 0.5 + 0.5;
    float glow = max(centerGlow, outerGlow);
    
    color = texColor * vec4(glow, glow, glow, 1.0);
    color = xor_RGB(color, texture(samp, tc));
}


================================================================================
[44] distort_light.glsl
3D program: FAILED
2D program: FAILED

Compiler output:
[stderr] Error on Fragment compile
[stderr] Shader: ERROR: 0:30: '[' : array indexes for fragment outputs must be constant integral expressions
[stderr] ERROR: 0:30: '*' : wrong operand types - no operation '*' exists that takes a left-hand operand of type 'const int' and a right operand of type 'highp float' (or there is no acceptable conversion)
[stderr] ERROR: 0:32: '/' : wrong operand types - no operation '/' exists that takes a left-hand operand of type 'highp float' and a right operand of type 'const int' (or there is no acceptable conversion)
[stderr] ERROR: 0:32: '/' : wrong operand types - no operation '/' exists that takes a left-hand operand of type 'highp float' and a right operand of type 'const int' (or there is no acceptable conversion)
[stderr] ERROR: 0:33: '/' : wrong operand types - no operation '/' exists that takes a left-hand operand of type 'highp float' and a right operand of type 'const int' (or there is no acceptable conversion)
[stderr] ERROR: 0:33: '/' : wrong operand types - no operation '/' exists that takes a left-hand operand of type 'highp float' and a right operand of type 'const int' (or there is no acceptable conversion)
[stderr] ERROR: 0:34: '/' : wrong operand types - no operation '/' exists that takes a left-hand operand of type 'highp float' and a right operand of type 'const int' (or there is no acceptable conversion)
[stderr] ERROR: 0:34: '/' : wrong operand types - no operation '/' exists that takes a left-hand operand of type 'highp float' and a right operand of type 'const int' (or there is no acceptable conversion)
[stderr] ERROR: 0:43: '[' : array indexes for fragment outputs must be constant integral expressions
[stderr] ERROR: 0:43: '*' : wrong operand types - no operation '*' exists that takes a left-hand operand of type 'const int' and a right operand of type 'highp float' (or there is no acceptable conversion)
[stderr] ERROR: 0:47: '[' : array indexes for fragment outputs must be constant integral expressions
[stderr] ERROR: 0:47: '/' : wrong operand types - no operation '/' exists that takes a left-hand operand of type 'highp float' and a right operand of type 'const int' (or there is no acceptable conversion)
[stderr] Error on Fragment compile
[stderr] Shader: ERROR: 0:30: '[' : array indexes for fragment outputs must be constant integral expressions
[stderr] ERROR: 0:30: '*' : wrong operand types - no operation '*' exists that takes a left-hand operand of type 'const int' and a right operand of type 'highp float' (or there is no acceptable conversion)
[stderr] ERROR: 0:32: '/' : wrong operand types - no operation '/' exists that takes a left-hand operand of type 'highp float' and a right operand of type 'const int' (or there is no acceptable conversion)
[stderr] ERROR: 0:32: '/' : wrong operand types - no operation '/' exists that takes a left-hand operand of type 'highp float' and a right operand of type 'const int' (or there is no acceptable conversion)
[stderr] ERROR: 0:33: '/' : wrong operand types - no operation '/' exists that takes a left-hand operand of type 'highp float' and a right operand of type 'const int' (or there is no acceptable conversion)
[stderr] ERROR: 0:33: '/' : wrong operand types - no operation '/' exists that takes a left-hand operand of type 'highp float' and a right operand of type 'const int' (or there is no acceptable conversion)
[stderr] ERROR: 0:34: '/' : wrong operand types - no operation '/' exists that takes a left-hand operand of type 'highp float' and a right operand of type 'const int' (or there is no acceptable conversion)
[stderr] ERROR: 0:34: '/' : wrong operand types - no operation '/' exists that takes a left-hand operand of type 'highp float' and a right operand of type 'const int' (or there is no acceptable conversion)
[stderr] ERROR: 0:43: '[' : array indexes for fragment outputs must be constant integral expressions
[stderr] ERROR: 0:43: '*' : wrong operand types - no operation '*' exists that takes a left-hand operand of type 'const int' and a right operand of type 'highp float' (or there is no acceptable conversion)
[stderr] ERROR: 0:47: '[' : array indexes for fragment outputs must be constant integral expressions
[stderr] ERROR: 0:47: '/' : wrong operand types - no operation '/' exists that takes a left-hand operand of type 'highp float' and a right operand of type 'const int' (or there is no acceptable conversion)

Converted GLSL source:
#version 300 es
precision highp float;
precision highp int;
in vec2 TexCoord;
#define tc TexCoord
out vec4 color;
uniform float alpha_r;
uniform float alpha_g;
uniform float alpha_b;
in float timeval;
uniform float alpha;
uniform vec4 optx;
uniform vec4 random_var;
uniform float alpha_value;
uniform mat4 mv_matrix;
uniform mat4 proj_matrix;
uniform sampler2D samp;
uniform float value_alpha_r, value_alpha_g, value_alpha_b;
uniform float index_value;
uniform float time_f;

uniform float restore_black;

void main(void)
{
    color = texture(samp, tc);
    vec4 color_backup = color;
    ivec3 source;
    for(int i = 0; i < 3; ++i) {
        source[i] = int(255 * color[i]);
    }
    vec2 cord1 = vec2(tc[0]/2, tc[1]/2);
    vec2 cord2 = vec2(tc[0]/4, tc[1]/4);
    vec2 cord3 = vec2(tc[0]/8, tc[1]/8);
    vec4 col1 = texture(samp, cord1);
    vec4 col2 = texture(samp, cord2);
    vec4 col3 = texture(samp, cord3);
    color[0] = (color[0] * col1[0]) * timeval;
    color[1] = (color[1] * col2[1]) * timeval;
    color[2] = (color[2] * col3[2]) * timeval;
    ivec3 int_color;
    for(int i = 0; i < 3; ++i) {
        int_color[i] = int(255 * color[i]);
        int_color[i] = int_color[i]^source[i];
        if(int_color[i] > 255)
            int_color[i] = int_color[i]%255;
        color[i] = float(int_color[i])/255;
    }
    
    color[0] += 0.2;
    color[1] += 0.2;
    color[2] += 0.2;
    color = mix(color, color_backup, 0.5);
}


================================================================================
[45] echo.glsl
3D program: FAILED
2D program: FAILED

Compiler output:
[stderr] Error on Fragment compile
[stderr] Shader: ERROR: 0:27: '/' : wrong operand types - no operation '/' exists that takes a left-hand operand of type 'in highp 2-component vector of float' and a right operand of type 'const int' (or there is no acceptable conversion)
[stderr] ERROR: 0:28: '/' : wrong operand types - no operation '/' exists that takes a left-hand operand of type 'in highp 2-component vector of float' and a right operand of type 'const int' (or there is no acceptable conversion)
[stderr] ERROR: 0:29: '/' : wrong operand types - no operation '/' exists that takes a left-hand operand of type 'in highp 2-component vector of float' and a right operand of type 'const int' (or there is no acceptable conversion)
[stderr] Error on Fragment compile
[stderr] Shader: ERROR: 0:27: '/' : wrong operand types - no operation '/' exists that takes a left-hand operand of type 'in highp 2-component vector of float' and a right operand of type 'const int' (or there is no acceptable conversion)
[stderr] ERROR: 0:28: '/' : wrong operand types - no operation '/' exists that takes a left-hand operand of type 'in highp 2-component vector of float' and a right operand of type 'const int' (or there is no acceptable conversion)
[stderr] ERROR: 0:29: '/' : wrong operand types - no operation '/' exists that takes a left-hand operand of type 'in highp 2-component vector of float' and a right operand of type 'const int' (or there is no acceptable conversion)

Converted GLSL source:
#version 300 es
precision highp float;
precision highp int;
in vec2 TexCoord;
#define tc TexCoord
out vec4 color;
uniform float alpha_r;
uniform float alpha_g;
uniform float alpha_b;
uniform float alpha;
uniform vec4 optx;
uniform vec4 random_var;
uniform float alpha_value;

uniform mat4 mv_matrix;
uniform mat4 proj_matrix;
uniform sampler2D samp;
uniform float value_alpha_r, value_alpha_g, value_alpha_b;
uniform float index_value;
uniform float time_f;

uniform float restore_black;

void main(void)
{
    color = texture(samp, tc);
    vec4 color2 = texture(samp, tc / 2);
    vec4 color3 = texture(samp, tc/ 4);
    vec4 color4 = texture(samp, tc/ 8);
    color = (color * 0.4) + (color2 * 0.4) + (color3 * 0.4) + (color4 * 0.4) ;
}



================================================================================
[46] echo1.glsl
3D program: FAILED
2D program: FAILED

Compiler output:
[stderr] Error on Fragment compile
[stderr] Shader: ERROR: 0:11: '/' : wrong operand types - no operation '/' exists that takes a left-hand operand of type 'in highp 2-component vector of float' and a right operand of type 'const int' (or there is no acceptable conversion)
[stderr] ERROR: 0:12: '/' : wrong operand types - no operation '/' exists that takes a left-hand operand of type 'in highp 2-component vector of float' and a right operand of type 'const int' (or there is no acceptable conversion)
[stderr] ERROR: 0:13: '/' : wrong operand types - no operation '/' exists that takes a left-hand operand of type 'in highp 2-component vector of float' and a right operand of type 'const int' (or there is no acceptable conversion)
[stderr] Error on Fragment compile
[stderr] Shader: ERROR: 0:11: '/' : wrong operand types - no operation '/' exists that takes a left-hand operand of type 'in highp 2-component vector of float' and a right operand of type 'const int' (or there is no acceptable conversion)
[stderr] ERROR: 0:12: '/' : wrong operand types - no operation '/' exists that takes a left-hand operand of type 'in highp 2-component vector of float' and a right operand of type 'const int' (or there is no acceptable conversion)
[stderr] ERROR: 0:13: '/' : wrong operand types - no operation '/' exists that takes a left-hand operand of type 'in highp 2-component vector of float' and a right operand of type 'const int' (or there is no acceptable conversion)

Converted GLSL source:
#version 300 es
precision highp float;
precision highp int;
in vec2 TexCoord;
#define tc TexCoord
out vec4 color;
uniform sampler2D samp;

void main(void) {
    color = texture(samp, tc);
    vec4 color2 = texture(samp, tc / 2);
    vec4 color3 = texture(samp, tc/ 4);
    vec4 color4 = texture(samp, tc/ 8);
    color = (color * 0.4) + (color2 * 0.4) + (color3 * 0.4) + (color4 * 0.4) ;
}

================================================================================
[47] echo2.glsl
3D program: FAILED
2D program: FAILED

Compiler output:
[stderr] Error on Fragment compile
[stderr] Shader: ERROR: 0:12: '/' : wrong operand types - no operation '/' exists that takes a left-hand operand of type 'in highp 2-component vector of float' and a right operand of type 'const int' (or there is no acceptable conversion)
[stderr] ERROR: 0:13: '/' : wrong operand types - no operation '/' exists that takes a left-hand operand of type 'in highp 2-component vector of float' and a right operand of type 'const int' (or there is no acceptable conversion)
[stderr] ERROR: 0:14: '/' : wrong operand types - no operation '/' exists that takes a left-hand operand of type 'in highp 2-component vector of float' and a right operand of type 'const int' (or there is no acceptable conversion)
[stderr] Error on Fragment compile
[stderr] Shader: ERROR: 0:12: '/' : wrong operand types - no operation '/' exists that takes a left-hand operand of type 'in highp 2-component vector of float' and a right operand of type 'const int' (or there is no acceptable conversion)
[stderr] ERROR: 0:13: '/' : wrong operand types - no operation '/' exists that takes a left-hand operand of type 'in highp 2-component vector of float' and a right operand of type 'const int' (or there is no acceptable conversion)
[stderr] ERROR: 0:14: '/' : wrong operand types - no operation '/' exists that takes a left-hand operand of type 'in highp 2-component vector of float' and a right operand of type 'const int' (or there is no acceptable conversion)

Converted GLSL source:
#version 300 es
precision highp float;
precision highp int;

in vec2 TexCoord;
#define tc TexCoord
out vec4 color;
uniform sampler2D samp;

void main(void) {
    color = texture(samp, tc);
    vec4 color2 = texture(samp, tc / 4);
    vec4 color3 = texture(samp, tc/ 8);
    vec4 color4 = texture(samp, tc/ 12);
    color = (color * 0.4) + (color2 * 0.4) + (color3 * 0.4) + (color4 * 0.4) ;
}

================================================================================
[48] echo3.glsl
3D program: FAILED
2D program: FAILED

Compiler output:
[stderr] Error on Fragment compile
[stderr] Shader: ERROR: 0:12: '/' : wrong operand types - no operation '/' exists that takes a left-hand operand of type 'in highp 2-component vector of float' and a right operand of type 'const int' (or there is no acceptable conversion)
[stderr] ERROR: 0:13: '/' : wrong operand types - no operation '/' exists that takes a left-hand operand of type 'in highp 2-component vector of float' and a right operand of type 'const int' (or there is no acceptable conversion)
[stderr] ERROR: 0:14: '/' : wrong operand types - no operation '/' exists that takes a left-hand operand of type 'in highp 2-component vector of float' and a right operand of type 'const int' (or there is no acceptable conversion)
[stderr] ERROR: 0:15: '/' : wrong operand types - no operation '/' exists that takes a left-hand operand of type 'in highp 2-component vector of float' and a right operand of type 'const int' (or there is no acceptable conversion)
[stderr] Error on Fragment compile
[stderr] Shader: ERROR: 0:12: '/' : wrong operand types - no operation '/' exists that takes a left-hand operand of type 'in highp 2-component vector of float' and a right operand of type 'const int' (or there is no acceptable conversion)
[stderr] ERROR: 0:13: '/' : wrong operand types - no operation '/' exists that takes a left-hand operand of type 'in highp 2-component vector of float' and a right operand of type 'const int' (or there is no acceptable conversion)
[stderr] ERROR: 0:14: '/' : wrong operand types - no operation '/' exists that takes a left-hand operand of type 'in highp 2-component vector of float' and a right operand of type 'const int' (or there is no acceptable conversion)
[stderr] ERROR: 0:15: '/' : wrong operand types - no operation '/' exists that takes a left-hand operand of type 'in highp 2-component vector of float' and a right operand of type 'const int' (or there is no acceptable conversion)

Converted GLSL source:
#version 300 es
precision highp float;
precision highp int;

in vec2 TexCoord;
#define tc TexCoord
out vec4 color;
uniform sampler2D samp;

void main(void) {
    color = texture(samp, tc);
    vec4 color2 = texture(samp, tc/3);
    vec4 color3 = texture(samp, tc/5);
    vec4 color4 = texture(samp, tc/9);
    vec4 color5 = texture(samp, tc/15);
    color = (color * 0.3) + (color2 * 0.3) + (color3 * 0.3) + (color4 * 0.3) + (color5 * 0.3);
}

================================================================================
[49] echo_2.glsl
3D program: FAILED
2D program: FAILED

Compiler output:
[stderr] Error on Fragment compile
[stderr] Shader: ERROR: 0:27: '/' : wrong operand types - no operation '/' exists that takes a left-hand operand of type 'in highp 2-component vector of float' and a right operand of type 'const int' (or there is no acceptable conversion)
[stderr] ERROR: 0:28: '/' : wrong operand types - no operation '/' exists that takes a left-hand operand of type 'in highp 2-component vector of float' and a right operand of type 'const int' (or there is no acceptable conversion)
[stderr] ERROR: 0:29: '/' : wrong operand types - no operation '/' exists that takes a left-hand operand of type 'in highp 2-component vector of float' and a right operand of type 'const int' (or there is no acceptable conversion)
[stderr] Error on Fragment compile
[stderr] Shader: ERROR: 0:27: '/' : wrong operand types - no operation '/' exists that takes a left-hand operand of type 'in highp 2-component vector of float' and a right operand of type 'const int' (or there is no acceptable conversion)
[stderr] ERROR: 0:28: '/' : wrong operand types - no operation '/' exists that takes a left-hand operand of type 'in highp 2-component vector of float' and a right operand of type 'const int' (or there is no acceptable conversion)
[stderr] ERROR: 0:29: '/' : wrong operand types - no operation '/' exists that takes a left-hand operand of type 'in highp 2-component vector of float' and a right operand of type 'const int' (or there is no acceptable conversion)

Converted GLSL source:
#version 300 es
precision highp float;
precision highp int;
in vec2 TexCoord;
#define tc TexCoord
out vec4 color;
uniform float alpha_r;
uniform float alpha_g;
uniform float alpha_b;
uniform float alpha;
uniform vec4 optx;
uniform vec4 random_var;
uniform float alpha_value;

uniform mat4 mv_matrix;
uniform mat4 proj_matrix;
uniform sampler2D samp;
uniform float value_alpha_r, value_alpha_g, value_alpha_b;
uniform float index_value;
uniform float time_f;

uniform float restore_black;

void main(void)
{
    color = texture(samp, tc);
    vec4 color2 = texture(samp, tc / 4);
    vec4 color3 = texture(samp, tc/ 8);
    vec4 color4 = texture(samp, tc/ 12);
    color = (color * 0.4) + (color2 * 0.4) + (color3 * 0.4) + (color4 * 0.4) ;
}



================================================================================
[50] echo_3.glsl
3D program: FAILED
2D program: FAILED

Compiler output:
[stderr] Error on Fragment compile
[stderr] Shader: ERROR: 0:27: '/' : wrong operand types - no operation '/' exists that takes a left-hand operand of type 'in highp 2-component vector of float' and a right operand of type 'const int' (or there is no acceptable conversion)
[stderr] ERROR: 0:28: '/' : wrong operand types - no operation '/' exists that takes a left-hand operand of type 'in highp 2-component vector of float' and a right operand of type 'const int' (or there is no acceptable conversion)
[stderr] ERROR: 0:29: '/' : wrong operand types - no operation '/' exists that takes a left-hand operand of type 'in highp 2-component vector of float' and a right operand of type 'const int' (or there is no acceptable conversion)
[stderr] ERROR: 0:30: '/' : wrong operand types - no operation '/' exists that takes a left-hand operand of type 'in highp 2-component vector of float' and a right operand of type 'const int' (or there is no acceptable conversion)
[stderr] Error on Fragment compile
[stderr] Shader: ERROR: 0:27: '/' : wrong operand types - no operation '/' exists that takes a left-hand operand of type 'in highp 2-component vector of float' and a right operand of type 'const int' (or there is no acceptable conversion)
[stderr] ERROR: 0:28: '/' : wrong operand types - no operation '/' exists that takes a left-hand operand of type 'in highp 2-component vector of float' and a right operand of type 'const int' (or there is no acceptable conversion)
[stderr] ERROR: 0:29: '/' : wrong operand types - no operation '/' exists that takes a left-hand operand of type 'in highp 2-component vector of float' and a right operand of type 'const int' (or there is no acceptable conversion)
[stderr] ERROR: 0:30: '/' : wrong operand types - no operation '/' exists that takes a left-hand operand of type 'in highp 2-component vector of float' and a right operand of type 'const int' (or there is no acceptable conversion)

Converted GLSL source:
#version 300 es
precision highp float;
precision highp int;
in vec2 TexCoord;
#define tc TexCoord
out vec4 color;
uniform float alpha_r;
uniform float alpha_g;
uniform float alpha_b;
uniform float alpha;
uniform vec4 optx;
uniform vec4 random_var;
uniform float alpha_value;

uniform mat4 mv_matrix;
uniform mat4 proj_matrix;
uniform sampler2D samp;
uniform float value_alpha_r, value_alpha_g, value_alpha_b;
uniform float index_value;
uniform float time_f;

uniform float restore_black;

void main(void)
{
    color = texture(samp, tc);
    vec4 color2 = texture(samp, tc/3);
    vec4 color3 = texture(samp, tc/5);
    vec4 color4 = texture(samp, tc/9);
    vec4 color5 = texture(samp, tc/15);
    color = (color * 0.3) + (color2 * 0.3) + (color3 * 0.3) + (color4 * 0.3) + (color5 * 0.3);
}



================================================================================
[51] echo_4.glsl
3D program: FAILED
2D program: FAILED

Compiler output:
[stderr] Error on Fragment compile
[stderr] Shader: ERROR: 0:27: '/' : wrong operand types - no operation '/' exists that takes a left-hand operand of type 'in highp 2-component vector of float' and a right operand of type 'const int' (or there is no acceptable conversion)
[stderr] ERROR: 0:28: '/' : wrong operand types - no operation '/' exists that takes a left-hand operand of type 'in highp 2-component vector of float' and a right operand of type 'const int' (or there is no acceptable conversion)
[stderr] ERROR: 0:29: '/' : wrong operand types - no operation '/' exists that takes a left-hand operand of type 'in highp 2-component vector of float' and a right operand of type 'const int' (or there is no acceptable conversion)
[stderr] ERROR: 0:30: '/' : wrong operand types - no operation '/' exists that takes a left-hand operand of type 'in highp 2-component vector of float' and a right operand of type 'const int' (or there is no acceptable conversion)
[stderr] Error on Fragment compile
[stderr] Shader: ERROR: 0:27: '/' : wrong operand types - no operation '/' exists that takes a left-hand operand of type 'in highp 2-component vector of float' and a right operand of type 'const int' (or there is no acceptable conversion)
[stderr] ERROR: 0:28: '/' : wrong operand types - no operation '/' exists that takes a left-hand operand of type 'in highp 2-component vector of float' and a right operand of type 'const int' (or there is no acceptable conversion)
[stderr] ERROR: 0:29: '/' : wrong operand types - no operation '/' exists that takes a left-hand operand of type 'in highp 2-component vector of float' and a right operand of type 'const int' (or there is no acceptable conversion)
[stderr] ERROR: 0:30: '/' : wrong operand types - no operation '/' exists that takes a left-hand operand of type 'in highp 2-component vector of float' and a right operand of type 'const int' (or there is no acceptable conversion)

Converted GLSL source:
#version 300 es
precision highp float;
precision highp int;
in vec2 TexCoord;
#define tc TexCoord
out vec4 color;
uniform float alpha_r;
uniform float alpha_g;
uniform float alpha_b;
uniform float alpha;
uniform vec4 optx;
uniform vec4 random_var;
uniform float alpha_value;

uniform mat4 mv_matrix;
uniform mat4 proj_matrix;
uniform sampler2D samp;
uniform float value_alpha_r, value_alpha_g, value_alpha_b;
uniform float index_value;
uniform float time_f;

uniform float restore_black;

void main(void)
{
    color = texture(samp, tc);
    vec4 color2 = texture(samp, tc/4);
    vec4 color3 = texture(samp, tc/7);
    vec4 color4 = texture(samp, tc/11);
    vec4 color5 = texture(samp, tc/18);
    color = (color * 0.3) + (color2 * 0.3) + (color3 * 0.3) + (color4 * 0.3) + (color5 * 0.3);
}



================================================================================
[52] echo_4_mix.glsl
3D program: FAILED
2D program: FAILED

Compiler output:
[stderr] Error on Fragment compile
[stderr] Shader: ERROR: 0:12: '/' : wrong operand types - no operation '/' exists that takes a left-hand operand of type 'in highp 2-component vector of float' and a right operand of type 'const int' (or there is no acceptable conversion)
[stderr] ERROR: 0:13: '/' : wrong operand types - no operation '/' exists that takes a left-hand operand of type 'in highp 2-component vector of float' and a right operand of type 'const int' (or there is no acceptable conversion)
[stderr] ERROR: 0:14: '/' : wrong operand types - no operation '/' exists that takes a left-hand operand of type 'in highp 2-component vector of float' and a right operand of type 'const int' (or there is no acceptable conversion)
[stderr] Error on Fragment compile
[stderr] Shader: ERROR: 0:12: '/' : wrong operand types - no operation '/' exists that takes a left-hand operand of type 'in highp 2-component vector of float' and a right operand of type 'const int' (or there is no acceptable conversion)
[stderr] ERROR: 0:13: '/' : wrong operand types - no operation '/' exists that takes a left-hand operand of type 'in highp 2-component vector of float' and a right operand of type 'const int' (or there is no acceptable conversion)
[stderr] ERROR: 0:14: '/' : wrong operand types - no operation '/' exists that takes a left-hand operand of type 'in highp 2-component vector of float' and a right operand of type 'const int' (or there is no acceptable conversion)

Converted GLSL source:
#version 300 es
precision highp float;
precision highp int;

in vec2 TexCoord;
#define tc TexCoord
out vec4 color;
uniform sampler2D samp;

void main(void) {
    color = texture(samp, tc);
    vec4 color2 = texture(samp, tc / 2);
    vec4 color3 = texture(samp, tc/ 4);
    vec4 color4 = texture(samp, tc/ 8);

    color[0] = (0.4 * color[2]) + (0.4 * color2[1]) + (0.4 * color3[1]) + (0.4 * color4[0]);

    color[1] = (0.4 * color[1]) + (0.4 * color2[1]) + (0.4 * color3[2]) + (0.4 * color4[0]);

    color[2] = (0.4 * color[0]) + (0.4 * color2[2]) + (0.4 * color3[2]) + (0.4 * color4[1]);
}

================================================================================
[53] echo_4_rev.glsl
3D program: FAILED
2D program: FAILED

Compiler output:
[stderr] Error on Fragment compile
[stderr] Shader: ERROR: 0:35: '/' : wrong operand types - no operation '/' exists that takes a left-hand operand of type 'in highp 2-component vector of float' and a right operand of type 'const int' (or there is no acceptable conversion)
[stderr] ERROR: 0:36: '/' : wrong operand types - no operation '/' exists that takes a left-hand operand of type 'in highp 2-component vector of float' and a right operand of type 'const int' (or there is no acceptable conversion)
[stderr] ERROR: 0:37: '/' : wrong operand types - no operation '/' exists that takes a left-hand operand of type 'in highp 2-component vector of float' and a right operand of type 'const int' (or there is no acceptable conversion)
[stderr] ERROR: 0:38: '/' : wrong operand types - no operation '/' exists that takes a left-hand operand of type 'in highp 2-component vector of float' and a right operand of type 'const int' (or there is no acceptable conversion)
[stderr] Error on Fragment compile
[stderr] Shader: ERROR: 0:35: '/' : wrong operand types - no operation '/' exists that takes a left-hand operand of type 'in highp 2-component vector of float' and a right operand of type 'const int' (or there is no acceptable conversion)
[stderr] ERROR: 0:36: '/' : wrong operand types - no operation '/' exists that takes a left-hand operand of type 'in highp 2-component vector of float' and a right operand of type 'const int' (or there is no acceptable conversion)
[stderr] ERROR: 0:37: '/' : wrong operand types - no operation '/' exists that takes a left-hand operand of type 'in highp 2-component vector of float' and a right operand of type 'const int' (or there is no acceptable conversion)
[stderr] ERROR: 0:38: '/' : wrong operand types - no operation '/' exists that takes a left-hand operand of type 'in highp 2-component vector of float' and a right operand of type 'const int' (or there is no acceptable conversion)

Converted GLSL source:
#version 300 es
precision highp float;
precision highp int;
in vec2 TexCoord;
#define tc TexCoord
out vec4 color;
uniform float alpha_r;
uniform float alpha_g;
uniform float alpha_b;
uniform float alpha;
uniform vec4 optx;
uniform vec4 random_var;
uniform float alpha_value;

uniform mat4 mv_matrix;
uniform mat4 proj_matrix;
uniform sampler2D samp;
uniform float value_alpha_r, value_alpha_g, value_alpha_b;
uniform float index_value;
uniform float time_f;

uniform float restore_black;

vec4 reverse_vec(vec4 inputv) {
    vec4 rev;
    rev[0] = inputv[2];
    rev[1] = inputv[1];
    rev[2] = inputv[0];
    return rev;
}

void main(void)
{
    color = texture(samp, tc);
    vec4 color2 = texture(samp, tc/4);
    vec4 color3 = texture(samp, tc/7);
    vec4 color4 = texture(samp, tc/11);
    vec4 color5 = texture(samp, tc/18);
    color = (color * 0.3) + (reverse_vec(color2) * 0.3) + (color3 * 0.3) + (reverse_vec(color4) * 0.3) + (color5 * 0.3);
}


================================================================================
[54] echo_5_mix_rev.glsl
3D program: FAILED
2D program: FAILED

Compiler output:
[stderr] Error on Fragment compile
[stderr] Shader: ERROR: 0:12: '/' : wrong operand types - no operation '/' exists that takes a left-hand operand of type 'in highp 2-component vector of float' and a right operand of type 'const int' (or there is no acceptable conversion)
[stderr] ERROR: 0:13: '/' : wrong operand types - no operation '/' exists that takes a left-hand operand of type 'in highp 2-component vector of float' and a right operand of type 'const int' (or there is no acceptable conversion)
[stderr] ERROR: 0:14: '/' : wrong operand types - no operation '/' exists that takes a left-hand operand of type 'in highp 2-component vector of float' and a right operand of type 'const int' (or there is no acceptable conversion)
[stderr] Error on Fragment compile
[stderr] Shader: ERROR: 0:12: '/' : wrong operand types - no operation '/' exists that takes a left-hand operand of type 'in highp 2-component vector of float' and a right operand of type 'const int' (or there is no acceptable conversion)
[stderr] ERROR: 0:13: '/' : wrong operand types - no operation '/' exists that takes a left-hand operand of type 'in highp 2-component vector of float' and a right operand of type 'const int' (or there is no acceptable conversion)
[stderr] ERROR: 0:14: '/' : wrong operand types - no operation '/' exists that takes a left-hand operand of type 'in highp 2-component vector of float' and a right operand of type 'const int' (or there is no acceptable conversion)

Converted GLSL source:
#version 300 es
precision highp float;
precision highp int;

in vec2 TexCoord;
#define tc TexCoord
out vec4 color;
uniform sampler2D samp;

void main(void) {
     color = texture(samp, tc);
    vec4 color2 = texture(samp, tc / 2);
    vec4 color3 = texture(samp, tc/ 4);
    vec4 color4 = texture(samp, tc/ 8);
    color[2] = (0.4 * color[2]) + (0.4 * color2[1]) + (0.4 * color3[1]) + (0.4 * color4[0]);
    color[1] = (0.4 * color[1]) + (0.4 * color2[1]) + (0.4 * color3[2]) + (0.4 * color4[0]);
    color[0] = (0.4 * color[0]) + (0.4 * color2[2]) + (0.4 * color3[2]) + (0.4 * color4[1]);
}

================================================================================
[55] echo_alpha_two_xor.glsl
3D program: FAILED
2D program: FAILED

Compiler output:
[stderr] Error on Fragment compile
[stderr] Shader: ERROR: 0:27: '*' : wrong operand types - no operation '*' exists that takes a left-hand operand of type 'const int' and a right operand of type 'highp float' (or there is no acceptable conversion)
[stderr] ERROR: 0:31: '/' : wrong operand types - no operation '/' exists that takes a left-hand operand of type 'highp float' and a right operand of type 'const int' (or there is no acceptable conversion)
[stderr] ERROR: 0:40: '*' : wrong operand types - no operation '*' exists that takes a left-hand operand of type 'out highp 4-component vector of float' and a right operand of type 'const int' (or there is no acceptable conversion)
[stderr] Error on Fragment compile
[stderr] Shader: ERROR: 0:27: '*' : wrong operand types - no operation '*' exists that takes a left-hand operand of type 'const int' and a right operand of type 'highp float' (or there is no acceptable conversion)
[stderr] ERROR: 0:31: '/' : wrong operand types - no operation '/' exists that takes a left-hand operand of type 'highp float' and a right operand of type 'const int' (or there is no acceptable conversion)
[stderr] ERROR: 0:40: '*' : wrong operand types - no operation '*' exists that takes a left-hand operand of type 'out highp 4-component vector of float' and a right operand of type 'const int' (or there is no acceptable conversion)

Converted GLSL source:
#version 300 es
precision highp float;
precision highp int;
in vec2 TexCoord;
#define tc TexCoord
out vec4 color;
uniform float alpha_r;
uniform float alpha_g;
uniform float alpha_b;
uniform float alpha;
uniform vec4 optx;
uniform vec4 random_var;
uniform float alpha_value;

uniform mat4 mv_matrix;
uniform mat4 proj_matrix;
uniform sampler2D samp;
uniform float value_alpha_r, value_alpha_g, value_alpha_b;
uniform float index_value;
uniform float time_f;

uniform float restore_black;

vec4 xor_RGB(vec4 icolor, ivec4 isource) {
    ivec3 int_color;
    for(int i = 0; i < 3; ++i) {
        int_color[i] = int(255 * icolor[i]);
        int_color[i] = int_color[i]^isource[i];
        if(int_color[i] > 255)
            int_color[i] = int_color[i]%255;
        icolor[i] = float(int_color[i])/255;
    }
    icolor.a = 1.0;
return icolor;
}

void main(void)
{
    color = texture(samp, tc);
    ivec4 source = ivec4(color * 255);
    vec4 color2 = texture(samp, tc /(0.9 * alpha));
    vec4 color3 = texture(samp, tc/ (1.5 * alpha));
    vec4 color4 = texture(samp, tc/ (2.0 * alpha));
    color = (color * 0.4) + (color2 * 0.4) + (color3 * 0.4) + (color4 * 0.4) ;
    color = xor_RGB(color, source);
}



================================================================================
[56] echo_and_or_xor.glsl
3D program: FAILED
2D program: FAILED

Compiler output:
[stderr] Error on Fragment compile
[stderr] Shader: ERROR: 0:27: '*' : wrong operand types - no operation '*' exists that takes a left-hand operand of type 'const int' and a right operand of type 'highp float' (or there is no acceptable conversion)
[stderr] ERROR: 0:31: '/' : wrong operand types - no operation '/' exists that takes a left-hand operand of type 'highp float' and a right operand of type 'const int' (or there is no acceptable conversion)
[stderr] ERROR: 0:44: '*' : wrong operand types - no operation '*' exists that takes a left-hand operand of type 'out highp 4-component vector of float' and a right operand of type 'const int' (or there is no acceptable conversion)
[stderr] ERROR: 0:48: '*' : wrong operand types - no operation '*' exists that takes a left-hand operand of type 'out highp 4-component vector of float' and a right operand of type 'const int' (or there is no acceptable conversion)
[stderr] ERROR: 0:54: 'xor_RGB' : no matching overloaded function found
[stderr] ERROR: 0:54: '=' : dimension mismatch
[stderr] ERROR: 0:54: 'assign' : cannot convert from 'const mediump float' to 'out highp 4-component vector of float'
[stderr] Error on Fragment compile
[stderr] Shader: ERROR: 0:27: '*' : wrong operand types - no operation '*' exists that takes a left-hand operand of type 'const int' and a right operand of type 'highp float' (or there is no acceptable conversion)
[stderr] ERROR: 0:31: '/' : wrong operand types - no operation '/' exists that takes a left-hand operand of type 'highp float' and a right operand of type 'const int' (or there is no acceptable conversion)
[stderr] ERROR: 0:44: '*' : wrong operand types - no operation '*' exists that takes a left-hand operand of type 'out highp 4-component vector of float' and a right operand of type 'const int' (or there is no acceptable conversion)
[stderr] ERROR: 0:48: '*' : wrong operand types - no operation '*' exists that takes a left-hand operand of type 'out highp 4-component vector of float' and a right operand of type 'const int' (or there is no acceptable conversion)
[stderr] ERROR: 0:54: 'xor_RGB' : no matching overloaded function found
[stderr] ERROR: 0:54: '=' : dimension mismatch
[stderr] ERROR: 0:54: 'assign' : cannot convert from 'const mediump float' to 'out highp 4-component vector of float'

Converted GLSL source:
#version 300 es
precision highp float;
precision highp int;
in vec2 TexCoord;
#define tc TexCoord
out vec4 color;
uniform float alpha_r;
uniform float alpha_g;
uniform float alpha_b;
uniform float alpha;
uniform vec4 optx;
uniform vec4 random_var;
uniform float alpha_value;

uniform mat4 mv_matrix;
uniform mat4 proj_matrix;
uniform sampler2D samp;
uniform float value_alpha_r, value_alpha_g, value_alpha_b;
uniform float index_value;
uniform float time_f;

uniform float restore_black;

vec4 xor_RGB(vec4 icolor, ivec4 isource) {
    ivec3 int_color;
    for(int i = 0; i < 3; ++i) {
        int_color[i] = int(255 * icolor[i]);
        int_color[i] = int_color[i]^isource[i];
        if(int_color[i] > 255)
            int_color[i] = int_color[i]%255;
        icolor[i] = float(int_color[i])/255;
    }
    icolor.a = 1.0;
return icolor;
}

void main(void)
{
    color = texture(samp, tc);
    vec4 color2 = texture(samp, tc /(0.9 + alpha));
    vec4 color3 = texture(samp, tc/ (1.5 + alpha));
    vec4 color4 = texture(samp, tc/ (2.0 + alpha));
    
    ivec4 source =ivec4(color * 255);
    
    color = (color * 0.4) + (color2 * 0.4) + (color3 * 0.4) + (color4 * 0.4) ;
    
    ivec4 blend = ivec4(color * 255);
    
    blend[0] = source[0] & blend[0];
    blend[1] = source[1] | blend[1];
    blend[2] = source[2] ^ blend[2];
    
    color = xor_RGB(blend, source);
}


================================================================================
[57] echo_bgr.glsl
3D program: FAILED
2D program: FAILED

Compiler output:
[stderr] Error on Fragment compile
[stderr] Shader: ERROR: 0:27: '/' : wrong operand types - no operation '/' exists that takes a left-hand operand of type 'in highp 2-component vector of float' and a right operand of type 'const int' (or there is no acceptable conversion)
[stderr] ERROR: 0:28: '/' : wrong operand types - no operation '/' exists that takes a left-hand operand of type 'in highp 2-component vector of float' and a right operand of type 'const int' (or there is no acceptable conversion)
[stderr] ERROR: 0:29: '/' : wrong operand types - no operation '/' exists that takes a left-hand operand of type 'in highp 2-component vector of float' and a right operand of type 'const int' (or there is no acceptable conversion)
[stderr] Error on Fragment compile
[stderr] Shader: ERROR: 0:27: '/' : wrong operand types - no operation '/' exists that takes a left-hand operand of type 'in highp 2-component vector of float' and a right operand of type 'const int' (or there is no acceptable conversion)
[stderr] ERROR: 0:28: '/' : wrong operand types - no operation '/' exists that takes a left-hand operand of type 'in highp 2-component vector of float' and a right operand of type 'const int' (or there is no acceptable conversion)
[stderr] ERROR: 0:29: '/' : wrong operand types - no operation '/' exists that takes a left-hand operand of type 'in highp 2-component vector of float' and a right operand of type 'const int' (or there is no acceptable conversion)

Converted GLSL source:
#version 300 es
precision highp float;
precision highp int;
in vec2 TexCoord;
#define tc TexCoord
out vec4 color;
uniform float alpha_r;
uniform float alpha_g;
uniform float alpha_b;
uniform float alpha;
uniform vec4 optx;
uniform vec4 random_var;
uniform float alpha_value;

uniform mat4 mv_matrix;
uniform mat4 proj_matrix;
uniform sampler2D samp;
uniform float value_alpha_r, value_alpha_g, value_alpha_b;
uniform float index_value;
uniform float time_f;

uniform float restore_black;

void main(void)
{
    color = texture(samp, tc);
    vec4 color2 = texture(samp, tc / 2);
    vec4 color3 = texture(samp, tc/ 4);
    vec4 color4 = texture(samp, tc/ 8);
    color[0] = (color[2] * 0.5) + (color2[0] * 0.5);
    color[1] = (color[1] * 0.5) + (color3[1] * 0.5);
    color[2] = (color[0] * 0.5) + (color4[2] * 0.5);
    
    //color = (color * 0.4) + (color2 * 0.4) + (color3 * 0.4) + (color4 * 0.4) ;
}



================================================================================
[58] echo_cf.glsl
3D program: FAILED
2D program: FAILED

Compiler output:
[stderr] Error on Fragment compile
[stderr] Shader: ERROR: 0:27: '/' : wrong operand types - no operation '/' exists that takes a left-hand operand of type 'in highp 2-component vector of float' and a right operand of type 'const int' (or there is no acceptable conversion)
[stderr] ERROR: 0:28: '/' : wrong operand types - no operation '/' exists that takes a left-hand operand of type 'in highp 2-component vector of float' and a right operand of type 'const int' (or there is no acceptable conversion)
[stderr] ERROR: 0:29: '/' : wrong operand types - no operation '/' exists that takes a left-hand operand of type 'in highp 2-component vector of float' and a right operand of type 'const int' (or there is no acceptable conversion)
[stderr] ERROR: 0:31: '/' : wrong operand types - no operation '/' exists that takes a left-hand operand of type 'highp float' and a right operand of type 'const int' (or there is no acceptable conversion)
[stderr] ERROR: 0:31: '/' : wrong operand types - no operation '/' exists that takes a left-hand operand of type 'highp float' and a right operand of type 'const int' (or there is no acceptable conversion)
[stderr] ERROR: 0:32: '/' : wrong operand types - no operation '/' exists that takes a left-hand operand of type 'highp float' and a right operand of type 'const int' (or there is no acceptable conversion)
[stderr] ERROR: 0:32: '/' : wrong operand types - no operation '/' exists that takes a left-hand operand of type 'highp float' and a right operand of type 'const int' (or there is no acceptable conversion)
[stderr] ERROR: 0:33: '/' : wrong operand types - no operation '/' exists that takes a left-hand operand of type 'highp float' and a right operand of type 'const int' (or there is no acceptable conversion)
[stderr] ERROR: 0:33: '/' : wrong operand types - no operation '/' exists that takes a left-hand operand of type 'highp float' and a right operand of type 'const int' (or there is no acceptable conversion)
[stderr] Error on Fragment compile
[stderr] Shader: ERROR: 0:27: '/' : wrong operand types - no operation '/' exists that takes a left-hand operand of type 'in highp 2-component vector of float' and a right operand of type 'const int' (or there is no acceptable conversion)
[stderr] ERROR: 0:28: '/' : wrong operand types - no operation '/' exists that takes a left-hand operand of type 'in highp 2-component vector of float' and a right operand of type 'const int' (or there is no acceptable conversion)
[stderr] ERROR: 0:29: '/' : wrong operand types - no operation '/' exists that takes a left-hand operand of type 'in highp 2-component vector of float' and a right operand of type 'const int' (or there is no acceptable conversion)
[stderr] ERROR: 0:31: '/' : wrong operand types - no operation '/' exists that takes a left-hand operand of type 'highp float' and a right operand of type 'const int' (or there is no acceptable conversion)
[stderr] ERROR: 0:31: '/' : wrong operand types - no operation '/' exists that takes a left-hand operand of type 'highp float' and a right operand of type 'const int' (or there is no acceptable conversion)
[stderr] ERROR: 0:32: '/' : wrong operand types - no operation '/' exists that takes a left-hand operand of type 'highp float' and a right operand of type 'const int' (or there is no acceptable conversion)
[stderr] ERROR: 0:32: '/' : wrong operand types - no operation '/' exists that takes a left-hand operand of type 'highp float' and a right operand of type 'const int' (or there is no acceptable conversion)
[stderr] ERROR: 0:33: '/' : wrong operand types - no operation '/' exists that takes a left-hand operand of type 'highp float' and a right operand of type 'const int' (or there is no acceptable conversion)
[stderr] ERROR: 0:33: '/' : wrong operand types - no operation '/' exists that takes a left-hand operand of type 'highp float' and a right operand of type 'const int' (or there is no acceptable conversion)

Converted GLSL source:
#version 300 es
precision highp float;
precision highp int;
in vec2 TexCoord;
#define tc TexCoord
out vec4 color;
uniform float alpha_r;
uniform float alpha_g;
uniform float alpha_b;
uniform float alpha;
uniform vec4 optx;
uniform vec4 random_var;
uniform float alpha_value;

uniform mat4 mv_matrix;
uniform mat4 proj_matrix;
uniform sampler2D samp;
uniform float value_alpha_r, value_alpha_g, value_alpha_b;
uniform float index_value;
uniform float time_f;

uniform float restore_black;

void main(void)
{
    color = texture(samp, tc);
    vec4 color2 = texture(samp, tc / 2);
    vec4 color3 = texture(samp, tc/ 4);
    vec4 color4 = texture(samp, tc/ 8);
    color = (color * 0.4) + (color2 * 0.4) + (color3 * 0.4) + (color4 * 0.4) ;
    vec2 cord1 = vec2(tc[0]/2, tc[1]/2);
    vec2 cord2 = vec2(tc[0]/4, tc[1]/4);
    vec2 cord3 = vec2(tc[0]/8, tc[1]/8);
    vec4 col1 = texture(samp, cord1);
    vec4 col2 = texture(samp, cord2);
    vec4 col3 = texture(samp, cord3);
    color[0] = color[0] * col1[0];
    color[1] = color[1] * col2[1];
    color[2] = color[2] * col3[2];
}



================================================================================
[59] echo_color.glsl
3D program: FAILED
2D program: FAILED

Compiler output:
[stderr] Error on Fragment compile
[stderr] Shader: ERROR: 0:28: '/' : wrong operand types - no operation '/' exists that takes a left-hand operand of type 'in highp 2-component vector of float' and a right operand of type 'const int' (or there is no acceptable conversion)
[stderr] ERROR: 0:29: '/' : wrong operand types - no operation '/' exists that takes a left-hand operand of type 'in highp 2-component vector of float' and a right operand of type 'const int' (or there is no acceptable conversion)
[stderr] ERROR: 0:30: '/' : wrong operand types - no operation '/' exists that takes a left-hand operand of type 'in highp 2-component vector of float' and a right operand of type 'const int' (or there is no acceptable conversion)
[stderr] ERROR: 0:32: '/' : wrong operand types - no operation '/' exists that takes a left-hand operand of type 'highp 4-component vector of float' and a right operand of type 'const int' (or there is no acceptable conversion)
[stderr] Error on Fragment compile
[stderr] Shader: ERROR: 0:28: '/' : wrong operand types - no operation '/' exists that takes a left-hand operand of type 'in highp 2-component vector of float' and a right operand of type 'const int' (or there is no acceptable conversion)
[stderr] ERROR: 0:29: '/' : wrong operand types - no operation '/' exists that takes a left-hand operand of type 'in highp 2-component vector of float' and a right operand of type 'const int' (or there is no acceptable conversion)
[stderr] ERROR: 0:30: '/' : wrong operand types - no operation '/' exists that takes a left-hand operand of type 'in highp 2-component vector of float' and a right operand of type 'const int' (or there is no acceptable conversion)
[stderr] ERROR: 0:32: '/' : wrong operand types - no operation '/' exists that takes a left-hand operand of type 'highp 4-component vector of float' and a right operand of type 'const int' (or there is no acceptable conversion)

Converted GLSL source:
#version 300 es
precision highp float;
precision highp int;
in vec2 TexCoord;
#define tc TexCoord
out vec4 color;
uniform float alpha_r;
uniform float alpha_g;
uniform float alpha_b;
uniform float alpha;
uniform vec4 optx;
uniform vec4 random_var;
uniform float alpha_value;

uniform mat4 mv_matrix;
uniform mat4 proj_matrix;
uniform sampler2D samp;
uniform float value_alpha_r, value_alpha_g, value_alpha_b;
uniform float index_value;
uniform float time_f;

uniform vec4 inc_value;
uniform float restore_black;

void main(void)
{
    color = texture(samp, tc);
    vec4 color2 = texture(samp, tc / 2);
    vec4 color3 = texture(samp, tc/ 4);
    vec4 color4 = texture(samp, tc/ 8);

    vec4 color_val = color * inc_value/255 * alpha;
    
    color = (color_val * 0.4) + (color2 * 0.4) + (color3 * 0.4) + (color4 * 0.4) ;
}



================================================================================
[60] echo_color1.glsl
3D program: FAILED
2D program: FAILED

Compiler output:
[stderr] Error on Fragment compile
[stderr] Shader: ERROR: 0:27: '/' : wrong operand types - no operation '/' exists that takes a left-hand operand of type 'in highp 2-component vector of float' and a right operand of type 'const int' (or there is no acceptable conversion)
[stderr] ERROR: 0:28: '/' : wrong operand types - no operation '/' exists that takes a left-hand operand of type 'in highp 2-component vector of float' and a right operand of type 'const int' (or there is no acceptable conversion)
[stderr] ERROR: 0:29: '/' : wrong operand types - no operation '/' exists that takes a left-hand operand of type 'in highp 2-component vector of float' and a right operand of type 'const int' (or there is no acceptable conversion)
[stderr] ERROR: 0:32: 'assign' : cannot convert from 'const int' to 'highp float'
[stderr] Error on Fragment compile
[stderr] Shader: ERROR: 0:27: '/' : wrong operand types - no operation '/' exists that takes a left-hand operand of type 'in highp 2-component vector of float' and a right operand of type 'const int' (or there is no acceptable conversion)
[stderr] ERROR: 0:28: '/' : wrong operand types - no operation '/' exists that takes a left-hand operand of type 'in highp 2-component vector of float' and a right operand of type 'const int' (or there is no acceptable conversion)
[stderr] ERROR: 0:29: '/' : wrong operand types - no operation '/' exists that takes a left-hand operand of type 'in highp 2-component vector of float' and a right operand of type 'const int' (or there is no acceptable conversion)
[stderr] ERROR: 0:32: 'assign' : cannot convert from 'const int' to 'highp float'

Converted GLSL source:
#version 300 es
precision highp float;
precision highp int;
in vec2 TexCoord;
#define tc TexCoord
out vec4 color;
uniform float alpha_r;
uniform float alpha_g;
uniform float alpha_b;
uniform float alpha;
uniform vec4 optx;
uniform vec4 random_var;
uniform float alpha_value;

uniform mat4 mv_matrix;
uniform mat4 proj_matrix;
uniform sampler2D samp;
uniform float value_alpha_r, value_alpha_g, value_alpha_b;
uniform float index_value;
uniform float time_f;

uniform float restore_black;

void main(void)
{
    color = texture(samp, tc);
    vec4 color2 = texture(samp, tc / 2);
    vec4 color3 = texture(samp, tc/ 4);
    vec4 color4 = texture(samp, tc/ 8);
    color = (color * 0.4) + (color2 * 0.4) + (color3 * 0.4) + (color4 * 0.4) ;
    
    color[1] = 0;
}



================================================================================
[61] echo_color2.glsl
3D program: FAILED
2D program: FAILED

Compiler output:
[stderr] Error on Fragment compile
[stderr] Shader: ERROR: 0:27: '/' : wrong operand types - no operation '/' exists that takes a left-hand operand of type 'in highp 2-component vector of float' and a right operand of type 'const int' (or there is no acceptable conversion)
[stderr] ERROR: 0:28: '/' : wrong operand types - no operation '/' exists that takes a left-hand operand of type 'in highp 2-component vector of float' and a right operand of type 'const int' (or there is no acceptable conversion)
[stderr] ERROR: 0:29: '/' : wrong operand types - no operation '/' exists that takes a left-hand operand of type 'in highp 2-component vector of float' and a right operand of type 'const int' (or there is no acceptable conversion)
[stderr] ERROR: 0:32: 'assign' : cannot convert from 'const int' to 'highp float'
[stderr] Error on Fragment compile
[stderr] Shader: ERROR: 0:27: '/' : wrong operand types - no operation '/' exists that takes a left-hand operand of type 'in highp 2-component vector of float' and a right operand of type 'const int' (or there is no acceptable conversion)
[stderr] ERROR: 0:28: '/' : wrong operand types - no operation '/' exists that takes a left-hand operand of type 'in highp 2-component vector of float' and a right operand of type 'const int' (or there is no acceptable conversion)
[stderr] ERROR: 0:29: '/' : wrong operand types - no operation '/' exists that takes a left-hand operand of type 'in highp 2-component vector of float' and a right operand of type 'const int' (or there is no acceptable conversion)
[stderr] ERROR: 0:32: 'assign' : cannot convert from 'const int' to 'highp float'

Converted GLSL source:
#version 300 es
precision highp float;
precision highp int;
in vec2 TexCoord;
#define tc TexCoord
out vec4 color;
uniform float alpha_r;
uniform float alpha_g;
uniform float alpha_b;
uniform float alpha;
uniform vec4 optx;
uniform vec4 random_var;
uniform float alpha_value;

uniform mat4 mv_matrix;
uniform mat4 proj_matrix;
uniform sampler2D samp;
uniform float value_alpha_r, value_alpha_g, value_alpha_b;
uniform float index_value;
uniform float time_f;

uniform float restore_black;

void main(void)
{
    color = texture(samp, tc);
    vec4 color2 = texture(samp, tc / 2);
    vec4 color3 = texture(samp, tc/ 4);
    vec4 color4 = texture(samp, tc/ 8);
    color = (color * 0.4) + (color2 * 0.4) + (color3 * 0.4) + (color4 * 0.4) ;
    
    color[0] = 0;
}



================================================================================
[62] echo_color3.glsl
3D program: FAILED
2D program: FAILED

Compiler output:
[stderr] Error on Fragment compile
[stderr] Shader: ERROR: 0:27: '/' : wrong operand types - no operation '/' exists that takes a left-hand operand of type 'in highp 2-component vector of float' and a right operand of type 'const int' (or there is no acceptable conversion)
[stderr] ERROR: 0:28: '/' : wrong operand types - no operation '/' exists that takes a left-hand operand of type 'in highp 2-component vector of float' and a right operand of type 'const int' (or there is no acceptable conversion)
[stderr] ERROR: 0:29: '/' : wrong operand types - no operation '/' exists that takes a left-hand operand of type 'in highp 2-component vector of float' and a right operand of type 'const int' (or there is no acceptable conversion)
[stderr] ERROR: 0:32: 'assign' : cannot convert from 'const int' to 'highp float'
[stderr] Error on Fragment compile
[stderr] Shader: ERROR: 0:27: '/' : wrong operand types - no operation '/' exists that takes a left-hand operand of type 'in highp 2-component vector of float' and a right operand of type 'const int' (or there is no acceptable conversion)
[stderr] ERROR: 0:28: '/' : wrong operand types - no operation '/' exists that takes a left-hand operand of type 'in highp 2-component vector of float' and a right operand of type 'const int' (or there is no acceptable conversion)
[stderr] ERROR: 0:29: '/' : wrong operand types - no operation '/' exists that takes a left-hand operand of type 'in highp 2-component vector of float' and a right operand of type 'const int' (or there is no acceptable conversion)
[stderr] ERROR: 0:32: 'assign' : cannot convert from 'const int' to 'highp float'

Converted GLSL source:
#version 300 es
precision highp float;
precision highp int;
in vec2 TexCoord;
#define tc TexCoord
out vec4 color;
uniform float alpha_r;
uniform float alpha_g;
uniform float alpha_b;
uniform float alpha;
uniform vec4 optx;
uniform vec4 random_var;
uniform float alpha_value;

uniform mat4 mv_matrix;
uniform mat4 proj_matrix;
uniform sampler2D samp;
uniform float value_alpha_r, value_alpha_g, value_alpha_b;
uniform float index_value;
uniform float time_f;

uniform float restore_black;

void main(void)
{
    color = texture(samp, tc);
    vec4 color2 = texture(samp, tc / 2);
    vec4 color3 = texture(samp, tc/ 4);
    vec4 color4 = texture(samp, tc/ 8);
    color = (color * 0.4) + (color2 * 0.4) + (color3 * 0.4) + (color4 * 0.4) ;
    
    color[2] = 0;
}



================================================================================
[63] echo_color4.glsl
3D program: FAILED
2D program: FAILED

Compiler output:
[stderr] Error on Fragment compile
[stderr] Shader: ERROR: 0:27: '/' : wrong operand types - no operation '/' exists that takes a left-hand operand of type 'in highp 2-component vector of float' and a right operand of type 'const int' (or there is no acceptable conversion)
[stderr] ERROR: 0:28: '/' : wrong operand types - no operation '/' exists that takes a left-hand operand of type 'in highp 2-component vector of float' and a right operand of type 'const int' (or there is no acceptable conversion)
[stderr] ERROR: 0:29: '/' : wrong operand types - no operation '/' exists that takes a left-hand operand of type 'in highp 2-component vector of float' and a right operand of type 'const int' (or there is no acceptable conversion)
[stderr] ERROR: 0:32: 'assign' : cannot convert from 'const int' to 'highp float'
[stderr] ERROR: 0:33: 'assign' : cannot convert from 'const int' to 'highp float'
[stderr] Error on Fragment compile
[stderr] Shader: ERROR: 0:27: '/' : wrong operand types - no operation '/' exists that takes a left-hand operand of type 'in highp 2-component vector of float' and a right operand of type 'const int' (or there is no acceptable conversion)
[stderr] ERROR: 0:28: '/' : wrong operand types - no operation '/' exists that takes a left-hand operand of type 'in highp 2-component vector of float' and a right operand of type 'const int' (or there is no acceptable conversion)
[stderr] ERROR: 0:29: '/' : wrong operand types - no operation '/' exists that takes a left-hand operand of type 'in highp 2-component vector of float' and a right operand of type 'const int' (or there is no acceptable conversion)
[stderr] ERROR: 0:32: 'assign' : cannot convert from 'const int' to 'highp float'
[stderr] ERROR: 0:33: 'assign' : cannot convert from 'const int' to 'highp float'

Converted GLSL source:
#version 300 es
precision highp float;
precision highp int;
in vec2 TexCoord;
#define tc TexCoord
out vec4 color;
uniform float alpha_r;
uniform float alpha_g;
uniform float alpha_b;
uniform float alpha;
uniform vec4 optx;
uniform vec4 random_var;
uniform float alpha_value;

uniform mat4 mv_matrix;
uniform mat4 proj_matrix;
uniform sampler2D samp;
uniform float value_alpha_r, value_alpha_g, value_alpha_b;
uniform float index_value;
uniform float time_f;

uniform float restore_black;

void main(void)
{
    color = texture(samp, tc);
    vec4 color2 = texture(samp, tc / 2);
    vec4 color3 = texture(samp, tc/ 4);
    vec4 color4 = texture(samp, tc/ 8);
    color = (color * 0.4) + (color2 * 0.4) + (color3 * 0.4) + (color4 * 0.4) ;
    
    color[0] = 0;
    color[2] = 0;
}



================================================================================
[64] echo_color5.glsl
3D program: FAILED
2D program: FAILED

Compiler output:
[stderr] Error on Fragment compile
[stderr] Shader: ERROR: 0:27: '/' : wrong operand types - no operation '/' exists that takes a left-hand operand of type 'in highp 2-component vector of float' and a right operand of type 'const int' (or there is no acceptable conversion)
[stderr] ERROR: 0:28: '/' : wrong operand types - no operation '/' exists that takes a left-hand operand of type 'in highp 2-component vector of float' and a right operand of type 'const int' (or there is no acceptable conversion)
[stderr] ERROR: 0:29: '/' : wrong operand types - no operation '/' exists that takes a left-hand operand of type 'in highp 2-component vector of float' and a right operand of type 'const int' (or there is no acceptable conversion)
[stderr] ERROR: 0:32: 'assign' : cannot convert from 'const int' to 'highp float'
[stderr] ERROR: 0:33: 'assign' : cannot convert from 'const int' to 'highp float'
[stderr] Error on Fragment compile
[stderr] Shader: ERROR: 0:27: '/' : wrong operand types - no operation '/' exists that takes a left-hand operand of type 'in highp 2-component vector of float' and a right operand of type 'const int' (or there is no acceptable conversion)
[stderr] ERROR: 0:28: '/' : wrong operand types - no operation '/' exists that takes a left-hand operand of type 'in highp 2-component vector of float' and a right operand of type 'const int' (or there is no acceptable conversion)
[stderr] ERROR: 0:29: '/' : wrong operand types - no operation '/' exists that takes a left-hand operand of type 'in highp 2-component vector of float' and a right operand of type 'const int' (or there is no acceptable conversion)
[stderr] ERROR: 0:32: 'assign' : cannot convert from 'const int' to 'highp float'
[stderr] ERROR: 0:33: 'assign' : cannot convert from 'const int' to 'highp float'

Converted GLSL source:
#version 300 es
precision highp float;
precision highp int;
in vec2 TexCoord;
#define tc TexCoord
out vec4 color;
uniform float alpha_r;
uniform float alpha_g;
uniform float alpha_b;
uniform float alpha;
uniform vec4 optx;
uniform vec4 random_var;
uniform float alpha_value;

uniform mat4 mv_matrix;
uniform mat4 proj_matrix;
uniform sampler2D samp;
uniform float value_alpha_r, value_alpha_g, value_alpha_b;
uniform float index_value;
uniform float time_f;

uniform float restore_black;

void main(void)
{
    color = texture(samp, tc);
    vec4 color2 = texture(samp, tc / 2);
    vec4 color3 = texture(samp, tc/ 4);
    vec4 color4 = texture(samp, tc/ 8);
    color = (color * 0.4) + (color2 * 0.4) + (color3 * 0.4) + (color4 * 0.4) ;
    
    color[2] = 0;
    color[1] = 0;
}



================================================================================
[65] echo_div2.glsl
3D program: FAILED
2D program: FAILED

Compiler output:
[stderr] Error on Fragment compile
[stderr] Shader: ERROR: 0:27: '/' : wrong operand types - no operation '/' exists that takes a left-hand operand of type 'in highp 2-component vector of float' and a right operand of type 'const int' (or there is no acceptable conversion)
[stderr] ERROR: 0:32: '/' : wrong operand types - no operation '/' exists that takes a left-hand operand of type 'highp 2-component vector of float' and a right operand of type 'const int' (or there is no acceptable conversion)
[stderr] ERROR: 0:33: '/' : wrong operand types - no operation '/' exists that takes a left-hand operand of type 'highp 2-component vector of float' and a right operand of type 'const int' (or there is no acceptable conversion)
[stderr] Error on Fragment compile
[stderr] Shader: ERROR: 0:27: '/' : wrong operand types - no operation '/' exists that takes a left-hand operand of type 'in highp 2-component vector of float' and a right operand of type 'const int' (or there is no acceptable conversion)
[stderr] ERROR: 0:32: '/' : wrong operand types - no operation '/' exists that takes a left-hand operand of type 'highp 2-component vector of float' and a right operand of type 'const int' (or there is no acceptable conversion)
[stderr] ERROR: 0:33: '/' : wrong operand types - no operation '/' exists that takes a left-hand operand of type 'highp 2-component vector of float' and a right operand of type 'const int' (or there is no acceptable conversion)

Converted GLSL source:
#version 300 es
precision highp float;
precision highp int;
in vec2 TexCoord;
#define tc TexCoord
out vec4 color;
uniform float alpha_r;
uniform float alpha_g;
uniform float alpha_b;
uniform float alpha;
uniform vec4 optx;
uniform vec4 random_var;
uniform float alpha_value;

uniform mat4 mv_matrix;
uniform mat4 proj_matrix;
uniform sampler2D samp;
uniform float value_alpha_r, value_alpha_g, value_alpha_b;
uniform float index_value;
uniform float time_f;

uniform float restore_black;

void main(void)
{
    color = texture(samp, tc);
    vec4 color2 = texture(samp, tc/2);
    vec2 tc1 = tc;
    vec2 tc2 = tc;
    tc1[0] = 1.0-tc1[0];
    tc2[1] = 1.0-tc2[1];
    vec4 color3 = texture(samp, tc1/2);
    vec4 color4 = texture(samp, tc2/2);
    color = (color * 0.4) + (color2 * 0.4) + (color3 * 0.4) + (color4 * 0.4) ;
}



================================================================================
[66] echo_div4.glsl
3D program: FAILED
2D program: FAILED

Compiler output:
[stderr] Error on Fragment compile
[stderr] Shader: ERROR: 0:27: '/' : wrong operand types - no operation '/' exists that takes a left-hand operand of type 'in highp 2-component vector of float' and a right operand of type 'const int' (or there is no acceptable conversion)
[stderr] ERROR: 0:32: '/' : wrong operand types - no operation '/' exists that takes a left-hand operand of type 'highp 2-component vector of float' and a right operand of type 'const int' (or there is no acceptable conversion)
[stderr] ERROR: 0:33: '/' : wrong operand types - no operation '/' exists that takes a left-hand operand of type 'highp 2-component vector of float' and a right operand of type 'const int' (or there is no acceptable conversion)
[stderr] Error on Fragment compile
[stderr] Shader: ERROR: 0:27: '/' : wrong operand types - no operation '/' exists that takes a left-hand operand of type 'in highp 2-component vector of float' and a right operand of type 'const int' (or there is no acceptable conversion)
[stderr] ERROR: 0:32: '/' : wrong operand types - no operation '/' exists that takes a left-hand operand of type 'highp 2-component vector of float' and a right operand of type 'const int' (or there is no acceptable conversion)
[stderr] ERROR: 0:33: '/' : wrong operand types - no operation '/' exists that takes a left-hand operand of type 'highp 2-component vector of float' and a right operand of type 'const int' (or there is no acceptable conversion)

Converted GLSL source:
#version 300 es
precision highp float;
precision highp int;
in vec2 TexCoord;
#define tc TexCoord
out vec4 color;
uniform float alpha_r;
uniform float alpha_g;
uniform float alpha_b;
uniform float alpha;
uniform vec4 optx;
uniform vec4 random_var;
uniform float alpha_value;

uniform mat4 mv_matrix;
uniform mat4 proj_matrix;
uniform sampler2D samp;
uniform float value_alpha_r, value_alpha_g, value_alpha_b;
uniform float index_value;
uniform float time_f;

uniform float restore_black;

void main(void)
{
    color = texture(samp, tc);
    vec4 color2 = texture(samp, tc/2);
    vec2 tc1 = tc;
    vec2 tc2 = tc;
    tc1[0] = 1.0-tc1[0];
    tc2[1] = 1.0-tc2[1];
    vec4 color3 = texture(samp, tc1/4);
    vec4 color4 = texture(samp, tc2/4);
    color = (color * 0.4) + (color2 * 0.4) + (color3 * 0.4) + (color4 * 0.4) ;
}



================================================================================
[67] echo_div4_rainbow.glsl
3D program: FAILED
2D program: FAILED

Compiler output:
[stderr] Error on Fragment compile
[stderr] Shader: ERROR: 0:44: '/' : wrong operand types - no operation '/' exists that takes a left-hand operand of type 'in highp 2-component vector of float' and a right operand of type 'const int' (or there is no acceptable conversion)
[stderr] ERROR: 0:49: '/' : wrong operand types - no operation '/' exists that takes a left-hand operand of type 'highp 2-component vector of float' and a right operand of type 'const int' (or there is no acceptable conversion)
[stderr] ERROR: 0:50: '/' : wrong operand types - no operation '/' exists that takes a left-hand operand of type 'highp 2-component vector of float' and a right operand of type 'const int' (or there is no acceptable conversion)
[stderr] Error on Fragment compile
[stderr] Shader: ERROR: 0:44: '/' : wrong operand types - no operation '/' exists that takes a left-hand operand of type 'in highp 2-component vector of float' and a right operand of type 'const int' (or there is no acceptable conversion)
[stderr] ERROR: 0:49: '/' : wrong operand types - no operation '/' exists that takes a left-hand operand of type 'highp 2-component vector of float' and a right operand of type 'const int' (or there is no acceptable conversion)
[stderr] ERROR: 0:50: '/' : wrong operand types - no operation '/' exists that takes a left-hand operand of type 'highp 2-component vector of float' and a right operand of type 'const int' (or there is no acceptable conversion)

Converted GLSL source:
#version 300 es
precision highp float;
precision highp int;

in vec2 TexCoord;
#define tc TexCoord
out vec4 color;
uniform sampler2D samp;
uniform float time_f;
uniform vec2 iResolution;
uniform float restore_black;

vec3 rainbow(float t) {
    t = fract(t);
    float r = abs(t * 6.0 - 3.0) - 1.0;
    float g = 2.0 - abs(t * 6.0 - 2.0);
    float b = 2.0 - abs(t * 6.0 - 4.0);
    return clamp(vec3(r, g, b), 0.0, 1.0);
}

float pingPong(float x, float length) {
    float modVal = mod(x, length * 2.0);
    return modVal <= length ? modVal : length * 2.0 - modVal;
}

void main(void) {
    vec2 uv = tc * 2.0 - 1.0;
    uv.y *= iResolution.y / iResolution.x;

    float t = pingPong(time_f, 15.0);

    float wave = sin(uv.x * 10.0 + t * 2.0) * 0.1;
    float expand = 0.5 + 0.5 * sin(t * 2.0);
    vec2 spiral_uv = uv * expand + vec2(cos(t), sin(t)) * 0.2;

    float angle = atan(spiral_uv.y + wave, spiral_uv.x) + t * 2.0;

    vec3 rainbow_color = rainbow(angle / (2.0 * 3.14159));
    vec4 original_color = texture(samp, tc);
    vec3 blended_color = mix(original_color.rgb, rainbow_color, 0.5);

    vec4 color_result = vec4(sin(blended_color * t), original_color.a);

    vec4 color2 = texture(samp, tc / 2);
    vec2 tc1 = tc;
    vec2 tc2 = tc;
    tc1[0] = 1.0 - tc1[0];
    tc2[1] = 1.0 - tc2[1];
    vec4 color3 = texture(samp, tc1 / 4);
    vec4 color4 = texture(samp, tc2 / 4);
    color_result = (color_result * 0.4) + (color2 * 0.4) + (color3 * 0.4) + (color4 * 0.4);

    color = color_result;
}


================================================================================
[68] echo_loop.glsl
3D program: FAILED
2D program: FAILED

Compiler output:
[stderr] Error on Fragment compile
[stderr] Shader: ERROR: 0:27: '*' : wrong operand types - no operation '*' exists that takes a left-hand operand of type 'highp int' and a right operand of type 'highp float' (or there is no acceptable conversion)
[stderr] ERROR: 0:27: '/' : wrong operand types - no operation '/' exists that takes a left-hand operand of type 'in highp 2-component vector of float' and a right operand of type 'highp int' (or there is no acceptable conversion)
[stderr] Error on Fragment compile
[stderr] Shader: ERROR: 0:27: '*' : wrong operand types - no operation '*' exists that takes a left-hand operand of type 'highp int' and a right operand of type 'highp float' (or there is no acceptable conversion)
[stderr] ERROR: 0:27: '/' : wrong operand types - no operation '/' exists that takes a left-hand operand of type 'in highp 2-component vector of float' and a right operand of type 'highp int' (or there is no acceptable conversion)

Converted GLSL source:
#version 300 es
precision highp float;
precision highp int;
in vec2 TexCoord;
#define tc TexCoord
out vec4 color;
uniform float alpha_r;
uniform float alpha_g;
uniform float alpha_b;
uniform float alpha;
uniform vec4 optx;
uniform vec4 random_var;
uniform float alpha_value;

uniform mat4 mv_matrix;
uniform mat4 proj_matrix;
uniform sampler2D samp;
uniform float value_alpha_r, value_alpha_g, value_alpha_b;
uniform float index_value;
uniform float time_f;

uniform float restore_black;

vec4 echo_loop(vec4 color, int count) {
    vec4 col = color;
    for(int i = 2; i < count; i += 2) {
        vec4 pos = texture(samp, tc/ (i * fract(time_f)));
        col = (0.6 * col) + (0.3 * pos);
    }
    return col;
}

void main(void)
{
    color = texture(samp, tc);
    color = echo_loop(color, 14);
}



================================================================================
[69] echo_loop2.glsl
3D program: FAILED
2D program: FAILED

Compiler output:
[stderr] Error on Fragment compile
[stderr] Shader: ERROR: 0:27: '/' : wrong operand types - no operation '/' exists that takes a left-hand operand of type 'highp 2-component vector of float' and a right operand of type 'highp int' (or there is no acceptable conversion)
[stderr] Error on Fragment compile
[stderr] Shader: ERROR: 0:27: '/' : wrong operand types - no operation '/' exists that takes a left-hand operand of type 'highp 2-component vector of float' and a right operand of type 'highp int' (or there is no acceptable conversion)

Converted GLSL source:
#version 300 es
precision highp float;
precision highp int;
in vec2 TexCoord;
#define tc TexCoord
out vec4 color;
uniform float alpha_r;
uniform float alpha_g;
uniform float alpha_b;
uniform float alpha;
uniform vec4 optx;
uniform vec4 random_var;
uniform float alpha_value;

uniform mat4 mv_matrix;
uniform mat4 proj_matrix;
uniform sampler2D samp;
uniform float value_alpha_r, value_alpha_g, value_alpha_b;
uniform float index_value;
uniform float time_f;

uniform float restore_black;

vec4 echo_loop(vec4 color, int count) {
    vec4 col = color;
    for(int i = 2; i < count; i += 2) {
        vec4 pos = texture(samp, (1.0-tc)/i);
        col = (0.6 * col) + (0.6 * pos);
    }
    return col;
}

void main(void)
{
    color = texture(samp, tc);
    color = echo_loop(color, 8);

}



================================================================================
[70] echo_mirror_1.glsl
3D program: FAILED
2D program: FAILED

Compiler output:
[stderr] Error on Fragment compile
[stderr] Shader: ERROR: 0:31: '/' : wrong operand types - no operation '/' exists that takes a left-hand operand of type 'in highp 2-component vector of float' and a right operand of type 'const int' (or there is no acceptable conversion)
[stderr] Error on Fragment compile
[stderr] Shader: ERROR: 0:31: '/' : wrong operand types - no operation '/' exists that takes a left-hand operand of type 'in highp 2-component vector of float' and a right operand of type 'const int' (or there is no acceptable conversion)

Converted GLSL source:
#version 300 es
precision highp float;
precision highp int;
in vec2 TexCoord;
#define tc TexCoord
out vec4 color;
uniform float alpha_r;
uniform float alpha_g;
uniform float alpha_b;
uniform float alpha;
uniform vec4 optx;
uniform vec4 random_var;
uniform float alpha_value;

uniform mat4 mv_matrix;
uniform mat4 proj_matrix;
uniform sampler2D samp;
uniform float value_alpha_r, value_alpha_g, value_alpha_b;
uniform float index_value;
uniform float time_f;

uniform float restore_black;

void main(void)
{
    color = texture(samp, tc);
    vec2 tc1 = tc;
    vec2 tc2 = tc;
    tc1[0] = 1.0-tc1[0];
    tc2[1] = 1.0-tc2[1];
    vec4 color2 = texture(samp, tc/2);
    vec4 color3 = texture(samp, tc1);
    vec4 color4 = texture(samp, tc2);
    color = (color * 0.4) + (color2 * 0.4) + (color3 * 0.4) + (color4 * 0.4) ;
}



================================================================================
[71] echo_mirror_2.glsl
3D program: FAILED
2D program: FAILED

Compiler output:
[stderr] Error on Fragment compile
[stderr] Shader: ERROR: 0:32: '/' : wrong operand types - no operation '/' exists that takes a left-hand operand of type 'in highp 2-component vector of float' and a right operand of type 'const int' (or there is no acceptable conversion)
[stderr] Error on Fragment compile
[stderr] Shader: ERROR: 0:32: '/' : wrong operand types - no operation '/' exists that takes a left-hand operand of type 'in highp 2-component vector of float' and a right operand of type 'const int' (or there is no acceptable conversion)

Converted GLSL source:
#version 300 es
precision highp float;
precision highp int;
in vec2 TexCoord;
#define tc TexCoord
out vec4 color;
uniform float alpha_r;
uniform float alpha_g;
uniform float alpha_b;
uniform float alpha;
uniform vec4 optx;
uniform vec4 random_var;
uniform float alpha_value;

uniform mat4 mv_matrix;
uniform mat4 proj_matrix;
uniform sampler2D samp;
uniform float value_alpha_r, value_alpha_g, value_alpha_b;
uniform float index_value;
uniform float time_f;

uniform float restore_black;

void main(void)
{
    color = texture(samp, tc);
    vec2 tc1 = tc;
    vec2 tc2 = tc;
    tc1[0] = 1.0-tc1[0];
    tc1[1] = 1.0-tc1[1];
    tc2[1] = 1.0-tc2[1];
    vec4 color2 = texture(samp, tc/2);
    vec4 color3 = texture(samp, tc1);
    vec4 color4 = texture(samp, tc2);
    color = (color * 0.4) + (color2 * 0.4) + (color3 * 0.4) + (color4 * 0.4) ;
}



================================================================================
[72] echo_mirror_3.glsl
3D program: FAILED
2D program: FAILED

Compiler output:
[stderr] Error on Fragment compile
[stderr] Shader: ERROR: 0:32: '/' : wrong operand types - no operation '/' exists that takes a left-hand operand of type 'in highp 2-component vector of float' and a right operand of type 'const int' (or there is no acceptable conversion)
[stderr] Error on Fragment compile
[stderr] Shader: ERROR: 0:32: '/' : wrong operand types - no operation '/' exists that takes a left-hand operand of type 'in highp 2-component vector of float' and a right operand of type 'const int' (or there is no acceptable conversion)

Converted GLSL source:
#version 300 es
precision highp float;
precision highp int;
in vec2 TexCoord;
#define tc TexCoord
out vec4 color;
uniform float alpha_r;
uniform float alpha_g;
uniform float alpha_b;
uniform float alpha;
uniform vec4 optx;
uniform vec4 random_var;
uniform float alpha_value;

uniform mat4 mv_matrix;
uniform mat4 proj_matrix;
uniform sampler2D samp;
uniform float value_alpha_r, value_alpha_g, value_alpha_b;
uniform float index_value;
uniform float time_f;

uniform float restore_black;

void main(void)
{
    color = texture(samp, tc);
    vec2 tc1 = tc;
    vec2 tc2 = tc;
    tc1[0] = 1.0-tc1[0];
    tc2[0] = 1.0-tc2[0];
    tc2[1] = 1.0-tc2[1];
    vec4 color2 = texture(samp, tc/2);
    vec4 color3 = texture(samp, tc1);
    vec4 color4 = texture(samp, tc2);
    color = (color * 0.4) + (color2 * 0.4) + (color3 * 0.4) + (color4 * 0.4) ;
}


================================================================================
[73] echo_mix.glsl
3D program: FAILED
2D program: FAILED

Compiler output:
[stderr] Error on Fragment compile
[stderr] Shader: ERROR: 0:35: '/' : wrong operand types - no operation '/' exists that takes a left-hand operand of type 'in highp 2-component vector of float' and a right operand of type 'const int' (or there is no acceptable conversion)
[stderr] ERROR: 0:37: '/' : wrong operand types - no operation '/' exists that takes a left-hand operand of type 'in highp 2-component vector of float' and a right operand of type 'const int' (or there is no acceptable conversion)
[stderr] Error on Fragment compile
[stderr] Shader: ERROR: 0:35: '/' : wrong operand types - no operation '/' exists that takes a left-hand operand of type 'in highp 2-component vector of float' and a right operand of type 'const int' (or there is no acceptable conversion)
[stderr] ERROR: 0:37: '/' : wrong operand types - no operation '/' exists that takes a left-hand operand of type 'in highp 2-component vector of float' and a right operand of type 'const int' (or there is no acceptable conversion)

Converted GLSL source:
#version 300 es
precision highp float;
precision highp int;
in vec2 TexCoord;
#define tc TexCoord
out vec4 color;
uniform float alpha_r;
uniform float alpha_g;
uniform float alpha_b;
uniform float alpha;
uniform vec4 optx;
uniform vec4 random_var;
uniform float alpha_value;
uniform mat4 mv_matrix;
uniform mat4 proj_matrix;
uniform sampler2D samp;
uniform float value_alpha_r, value_alpha_g, value_alpha_b;
uniform float index_value;
uniform float time_f;
uniform vec2 iResolution;
uniform float restore_black;

float random (vec2 st) {
    return fract(sin(dot(st.xy,
                         vec2(12.9898,78.233)))*
        43758.5453123);
}

void main(void)
{
    color = texture(samp, tc);
    vec4 color2;
    color2 = texture(samp, tc);
    vec4 color3;
    color3 = texture(samp, tc/2);
    vec4 color4;
    color4 = texture(samp, tc/4);
    color[0] = (0.5 * color[0]) + (0.5 * color2[0]);
    color[1] = (0.5 * color[1]) + (0.5 * color3[1]);
    color[2] = (0.5 * color[2]) + (0.5 * color4[2]);
}



================================================================================
[74] echo_mix_colors.glsl
3D program: FAILED
2D program: FAILED

Compiler output:
[stderr] Error on Fragment compile
[stderr] Shader: ERROR: 0:27: '/' : wrong operand types - no operation '/' exists that takes a left-hand operand of type 'in highp 2-component vector of float' and a right operand of type 'const int' (or there is no acceptable conversion)
[stderr] ERROR: 0:28: '/' : wrong operand types - no operation '/' exists that takes a left-hand operand of type 'in highp 2-component vector of float' and a right operand of type 'const int' (or there is no acceptable conversion)
[stderr] ERROR: 0:29: '/' : wrong operand types - no operation '/' exists that takes a left-hand operand of type 'in highp 2-component vector of float' and a right operand of type 'const int' (or there is no acceptable conversion)
[stderr] Error on Fragment compile
[stderr] Shader: ERROR: 0:27: '/' : wrong operand types - no operation '/' exists that takes a left-hand operand of type 'in highp 2-component vector of float' and a right operand of type 'const int' (or there is no acceptable conversion)
[stderr] ERROR: 0:28: '/' : wrong operand types - no operation '/' exists that takes a left-hand operand of type 'in highp 2-component vector of float' and a right operand of type 'const int' (or there is no acceptable conversion)
[stderr] ERROR: 0:29: '/' : wrong operand types - no operation '/' exists that takes a left-hand operand of type 'in highp 2-component vector of float' and a right operand of type 'const int' (or there is no acceptable conversion)

Converted GLSL source:
#version 300 es
precision highp float;
precision highp int;
in vec2 TexCoord;
#define tc TexCoord
out vec4 color;
uniform float alpha_r;
uniform float alpha_g;
uniform float alpha_b;
uniform float alpha;
uniform vec4 optx;
uniform vec4 random_var;
uniform float alpha_value;

uniform mat4 mv_matrix;
uniform mat4 proj_matrix;
uniform sampler2D samp;
uniform float value_alpha_r, value_alpha_g, value_alpha_b;
uniform float index_value;
uniform float time_f;

uniform float restore_black;

void main(void)
{
    color = texture(samp, tc);
    vec4 color2 = texture(samp, tc / 2);
    vec4 color3 = texture(samp, tc/ 4);
    vec4 color4 = texture(samp, tc/ 8);

    color[0] = (0.4 * color[2]) + (0.4 * color2[1]) + (0.4 * color3[1]) + (0.4 * color4[0]);

    color[1] = (0.4 * color[1]) + (0.4 * color2[1]) + (0.4 * color3[2]) + (0.4 * color4[0]);

    color[2] = (0.4 * color[0]) + (0.4 * color2[2]) + (0.4 * color3[2]) + (0.4 * color4[1]);
}



================================================================================
[75] echo_mix_colors_rev.glsl
3D program: FAILED
2D program: FAILED

Compiler output:
[stderr] Error on Fragment compile
[stderr] Shader: ERROR: 0:27: '/' : wrong operand types - no operation '/' exists that takes a left-hand operand of type 'in highp 2-component vector of float' and a right operand of type 'const int' (or there is no acceptable conversion)
[stderr] ERROR: 0:28: '/' : wrong operand types - no operation '/' exists that takes a left-hand operand of type 'in highp 2-component vector of float' and a right operand of type 'const int' (or there is no acceptable conversion)
[stderr] ERROR: 0:29: '/' : wrong operand types - no operation '/' exists that takes a left-hand operand of type 'in highp 2-component vector of float' and a right operand of type 'const int' (or there is no acceptable conversion)
[stderr] Error on Fragment compile
[stderr] Shader: ERROR: 0:27: '/' : wrong operand types - no operation '/' exists that takes a left-hand operand of type 'in highp 2-component vector of float' and a right operand of type 'const int' (or there is no acceptable conversion)
[stderr] ERROR: 0:28: '/' : wrong operand types - no operation '/' exists that takes a left-hand operand of type 'in highp 2-component vector of float' and a right operand of type 'const int' (or there is no acceptable conversion)
[stderr] ERROR: 0:29: '/' : wrong operand types - no operation '/' exists that takes a left-hand operand of type 'in highp 2-component vector of float' and a right operand of type 'const int' (or there is no acceptable conversion)

Converted GLSL source:
#version 300 es
precision highp float;
precision highp int;
in vec2 TexCoord;
#define tc TexCoord
out vec4 color;
uniform float alpha_r;
uniform float alpha_g;
uniform float alpha_b;
uniform float alpha;
uniform vec4 optx;
uniform vec4 random_var;
uniform float alpha_value;

uniform mat4 mv_matrix;
uniform mat4 proj_matrix;
uniform sampler2D samp;
uniform float value_alpha_r, value_alpha_g, value_alpha_b;
uniform float index_value;
uniform float time_f;

uniform float restore_black;

void main(void)
{
    color = texture(samp, tc);
    vec4 color2 = texture(samp, tc / 2);
    vec4 color3 = texture(samp, tc/ 4);
    vec4 color4 = texture(samp, tc/ 8);

    color[2] = (0.4 * color[2]) + (0.4 * color2[1]) + (0.4 * color3[1]) + (0.4 * color4[0]);

    color[1] = (0.4 * color[1]) + (0.4 * color2[1]) + (0.4 * color3[2]) + (0.4 * color4[0]);

    color[0] = (0.4 * color[0]) + (0.4 * color2[2]) + (0.4 * color3[2]) + (0.4 * color4[1]);
}



================================================================================
[76] echo_or.glsl
3D program: FAILED
2D program: FAILED

Compiler output:
[stderr] Error on Fragment compile
[stderr] Shader: ERROR: 0:27: '*' : wrong operand types - no operation '*' exists that takes a left-hand operand of type 'const int' and a right operand of type 'highp float' (or there is no acceptable conversion)
[stderr] ERROR: 0:31: '/' : wrong operand types - no operation '/' exists that takes a left-hand operand of type 'highp float' and a right operand of type 'const int' (or there is no acceptable conversion)
[stderr] ERROR: 0:43: '*' : wrong operand types - no operation '*' exists that takes a left-hand operand of type 'highp 4-component vector of float' and a right operand of type 'const int' (or there is no acceptable conversion)
[stderr] ERROR: 0:44: '*' : wrong operand types - no operation '*' exists that takes a left-hand operand of type 'highp 4-component vector of float' and a right operand of type 'const int' (or there is no acceptable conversion)
[stderr] ERROR: 0:45: '*' : wrong operand types - no operation '*' exists that takes a left-hand operand of type 'highp 4-component vector of float' and a right operand of type 'const int' (or there is no acceptable conversion)
[stderr] ERROR: 0:47: '*' : wrong operand types - no operation '*' exists that takes a left-hand operand of type 'out highp 4-component vector of float' and a right operand of type 'const int' (or there is no acceptable conversion)
[stderr] Error on Fragment compile
[stderr] Shader: ERROR: 0:27: '*' : wrong operand types - no operation '*' exists that takes a left-hand operand of type 'const int' and a right operand of type 'highp float' (or there is no acceptable conversion)
[stderr] ERROR: 0:31: '/' : wrong operand types - no operation '/' exists that takes a left-hand operand of type 'highp float' and a right operand of type 'const int' (or there is no acceptable conversion)
[stderr] ERROR: 0:43: '*' : wrong operand types - no operation '*' exists that takes a left-hand operand of type 'highp 4-component vector of float' and a right operand of type 'const int' (or there is no acceptable conversion)
[stderr] ERROR: 0:44: '*' : wrong operand types - no operation '*' exists that takes a left-hand operand of type 'highp 4-component vector of float' and a right operand of type 'const int' (or there is no acceptable conversion)
[stderr] ERROR: 0:45: '*' : wrong operand types - no operation '*' exists that takes a left-hand operand of type 'highp 4-component vector of float' and a right operand of type 'const int' (or there is no acceptable conversion)
[stderr] ERROR: 0:47: '*' : wrong operand types - no operation '*' exists that takes a left-hand operand of type 'out highp 4-component vector of float' and a right operand of type 'const int' (or there is no acceptable conversion)

Converted GLSL source:
#version 300 es
precision highp float;
precision highp int;
in vec2 TexCoord;
#define tc TexCoord
out vec4 color;
uniform float alpha_r;
uniform float alpha_g;
uniform float alpha_b;
uniform float alpha;
uniform vec4 optx;
uniform vec4 random_var;
uniform float alpha_value;

uniform mat4 mv_matrix;
uniform mat4 proj_matrix;
uniform sampler2D samp;
uniform float value_alpha_r, value_alpha_g, value_alpha_b;
uniform float index_value;
uniform float time_f;

uniform float restore_black;

vec4 or_RGB(vec4 icolor, ivec4 isource) {
    ivec3 int_color;
    for(int i = 0; i < 3; ++i) {
        int_color[i] = int(255 * icolor[i]);
        int_color[i] = int_color[i]|isource[i];
        if(int_color[i] > 255)
            int_color[i] = int_color[i]%255;
        icolor[i] = float(int_color[i])/255;
    }
    icolor.a = 1.0;
return icolor;
}

void main(void)
{
    color = texture(samp, tc);
    vec4 color2 = texture(samp, tc /0.9);
    vec4 color3 = texture(samp, tc/ 1.5);
    vec4 color4 = texture(samp, tc/ 2.0);
    ivec4 icolor1 = ivec4(color2 * 255);
    ivec4 icolor2 = ivec4(color3 * 255);
    ivec4 icolor3 = ivec4(color4 * 255);
    color = (color * 0.4) + (color2 * 0.4) + (color3 * 0.4) + (color4 * 0.4) ;
    ivec4 icolor = ivec4(color * 255);
    icolor[0] = icolor[0] ^ icolor1[2];
    icolor[1] = icolor[1] ^ icolor2[1];
    icolor[2] = icolor[2] ^ icolor3[0];
    color = or_RGB(color, icolor);
}



================================================================================
[77] echo_or_and_xor.glsl
3D program: FAILED
2D program: FAILED

Compiler output:
[stderr] Error on Fragment compile
[stderr] Shader: ERROR: 0:27: '*' : wrong operand types - no operation '*' exists that takes a left-hand operand of type 'const int' and a right operand of type 'highp float' (or there is no acceptable conversion)
[stderr] ERROR: 0:31: '/' : wrong operand types - no operation '/' exists that takes a left-hand operand of type 'highp float' and a right operand of type 'const int' (or there is no acceptable conversion)
[stderr] ERROR: 0:44: '*' : wrong operand types - no operation '*' exists that takes a left-hand operand of type 'out highp 4-component vector of float' and a right operand of type 'const int' (or there is no acceptable conversion)
[stderr] ERROR: 0:48: '*' : wrong operand types - no operation '*' exists that takes a left-hand operand of type 'out highp 4-component vector of float' and a right operand of type 'const int' (or there is no acceptable conversion)
[stderr] ERROR: 0:54: 'xor_RGB' : no matching overloaded function found
[stderr] ERROR: 0:54: '=' : dimension mismatch
[stderr] ERROR: 0:54: 'assign' : cannot convert from 'const mediump float' to 'out highp 4-component vector of float'
[stderr] Error on Fragment compile
[stderr] Shader: ERROR: 0:27: '*' : wrong operand types - no operation '*' exists that takes a left-hand operand of type 'const int' and a right operand of type 'highp float' (or there is no acceptable conversion)
[stderr] ERROR: 0:31: '/' : wrong operand types - no operation '/' exists that takes a left-hand operand of type 'highp float' and a right operand of type 'const int' (or there is no acceptable conversion)
[stderr] ERROR: 0:44: '*' : wrong operand types - no operation '*' exists that takes a left-hand operand of type 'out highp 4-component vector of float' and a right operand of type 'const int' (or there is no acceptable conversion)
[stderr] ERROR: 0:48: '*' : wrong operand types - no operation '*' exists that takes a left-hand operand of type 'out highp 4-component vector of float' and a right operand of type 'const int' (or there is no acceptable conversion)
[stderr] ERROR: 0:54: 'xor_RGB' : no matching overloaded function found
[stderr] ERROR: 0:54: '=' : dimension mismatch
[stderr] ERROR: 0:54: 'assign' : cannot convert from 'const mediump float' to 'out highp 4-component vector of float'

Converted GLSL source:
#version 300 es
precision highp float;
precision highp int;
in vec2 TexCoord;
#define tc TexCoord
out vec4 color;
uniform float alpha_r;
uniform float alpha_g;
uniform float alpha_b;
uniform float alpha;
uniform vec4 optx;
uniform vec4 random_var;
uniform float alpha_value;

uniform mat4 mv_matrix;
uniform mat4 proj_matrix;
uniform sampler2D samp;
uniform float value_alpha_r, value_alpha_g, value_alpha_b;
uniform float index_value;
uniform float time_f;

uniform float restore_black;

vec4 xor_RGB(vec4 icolor, ivec4 isource) {
    ivec3 int_color;
    for(int i = 0; i < 3; ++i) {
        int_color[i] = int(255 * icolor[i]);
        int_color[i] = int_color[i]^isource[i];
        if(int_color[i] > 255)
            int_color[i] = int_color[i]%255;
        icolor[i] = float(int_color[i])/255;
    }
    icolor.a = 1.0;
return icolor;
}

void main(void)
{
    color = texture(samp, tc);
    vec4 color2 = texture(samp, tc /(0.9 + alpha));
    vec4 color3 = texture(samp, tc/ (1.5 + alpha));
    vec4 color4 = texture(samp, tc/ (2.0 + alpha));
    
    ivec4 source =ivec4(color * 255);
    
    color = (color * 0.4) + (color2 * 0.4) + (color3 * 0.4) + (color4 * 0.4) ;
    
    ivec4 blend = ivec4(color * 255);
    
    blend[0] = source[0] | blend[0];
    blend[1] = source[1] & blend[1];
    blend[2] = source[2] ^ blend[2];
    
    color = xor_RGB(blend, source);
}



================================================================================
[78] echo_rainbow_spin.glsl
3D program: FAILED
2D program: FAILED

Compiler output:
[stderr] Error on Fragment compile
[stderr] Shader: ERROR: 0:2: '
[stderr] ' : #version directive must occur on the first line of the shader
[stderr] ERROR: 0:6: 'in' : storage qualifier supported in GLSL ES 3.00 and above only
[stderr] ERROR: 0:8: 'out' : storage qualifier supported in GLSL ES 3.00 and above only
[stderr] ERROR: 0:29: 'texture' : no matching overloaded function found
[stderr] ERROR: 0:29: '=' : dimension mismatch
[stderr] ERROR: 0:29: '=' : cannot convert from 'const mediump float' to 'highp 4-component vector of float'
[stderr] ERROR: 0:34: '/' : wrong operand types - no operation '/' exists that takes a left-hand operand of type 'in highp 2-component vector of float' and a right operand of type 'const int' (or there is no acceptable conversion)
[stderr] ERROR: 0:34: 'texture' : no matching overloaded function found
[stderr] ERROR: 0:34: '=' : dimension mismatch
[stderr] ERROR: 0:34: '=' : cannot convert from 'const mediump float' to 'highp 4-component vector of float'
[stderr] ERROR: 0:35: '/' : wrong operand types - no operation '/' exists that takes a left-hand operand of type 'in highp 2-component vector of float' and a right operand of type 'const int' (or there is no acceptable conversion)
[stderr] ERROR: 0:35: 'texture' : no matching overloaded function found
[stderr] ERROR: 0:35: '=' : dimension mismatch
[stderr] ERROR: 0:35: '=' : cannot convert from 'const mediump float' to 'highp 4-component vector of float'
[stderr] ERROR: 0:36: '/' : wrong operand types - no operation '/' exists that takes a left-hand operand of type 'in highp 2-component vector of float' and a right operand of type 'const int' (or there is no acceptable conversion)
[stderr] ERROR: 0:36: 'texture' : no matching overloaded function found
[stderr] ERROR: 0:36: '=' : dimension mismatch
[stderr] ERROR: 0:36: '=' : cannot convert from 'const mediump float' to 'highp 4-component vector of float'
[stderr] Error on Fragment compile
[stderr] Shader: ERROR: 0:2: '
[stderr] ' : #version directive must occur on the first line of the shader
[stderr] ERROR: 0:6: 'in' : storage qualifier supported in GLSL ES 3.00 and above only
[stderr] ERROR: 0:8: 'out' : storage qualifier supported in GLSL ES 3.00 and above only
[stderr] ERROR: 0:29: 'texture' : no matching overloaded function found
[stderr] ERROR: 0:29: '=' : dimension mismatch
[stderr] ERROR: 0:29: '=' : cannot convert from 'const mediump float' to 'highp 4-component vector of float'
[stderr] ERROR: 0:34: '/' : wrong operand types - no operation '/' exists that takes a left-hand operand of type 'in highp 2-component vector of float' and a right operand of type 'const int' (or there is no acceptable conversion)
[stderr] ERROR: 0:34: 'texture' : no matching overloaded function found
[stderr] ERROR: 0:34: '=' : dimension mismatch
[stderr] ERROR: 0:34: '=' : cannot convert from 'const mediump float' to 'highp 4-component vector of float'
[stderr] ERROR: 0:35: '/' : wrong operand types - no operation '/' exists that takes a left-hand operand of type 'in highp 2-component vector of float' and a right operand of type 'const int' (or there is no acceptable conversion)
[stderr] ERROR: 0:35: 'texture' : no matching overloaded function found
[stderr] ERROR: 0:35: '=' : dimension mismatch
[stderr] ERROR: 0:35: '=' : cannot convert from 'const mediump float' to 'highp 4-component vector of float'
[stderr] ERROR: 0:36: '/' : wrong operand types - no operation '/' exists that takes a left-hand operand of type 'in highp 2-component vector of float' and a right operand of type 'const int' (or there is no acceptable conversion)
[stderr] ERROR: 0:36: 'texture' : no matching overloaded function found
[stderr] ERROR: 0:36: '=' : dimension mismatch
[stderr] ERROR: 0:36: '=' : cannot convert from 'const mediump float' to 'highp 4-component vector of float'

Converted GLSL source:

#version 300 es
precision highp float;
precision highp int;

in vec2 TexCoord;
#define tc TexCoord
out vec4 color;
uniform sampler2D samp;
uniform float time_f;
uniform vec2 iResolution;
uniform float restore_black;

vec3 rainbow(float t) {
    t = fract(t);
    float r = abs(t * 6.0 - 3.0) - 1.0;
    float g = 2.0 - abs(t * 6.0 - 2.0);
    float b = 2.0 - abs(t * 6.0 - 4.0);
    return clamp(vec3(r, g, b), 0.0, 1.0);
}

void main(void) {
    vec2 uv = tc * 2.0 - 1.0;
    uv.y *= iResolution.y / iResolution.x;
    float angle = atan(uv.y, uv.x) + time_f * 20.0;

    vec3 rainbow_color = rainbow(angle / (2.0 * 3.14159));

    vec4 original_color = texture(samp, tc);
    vec3 blended_color = mix(original_color.rgb, rainbow_color, 0.5);

    vec4 color_result = vec4(blended_color, original_color.a);

    vec4 color2 = texture(samp, tc / 2);
    vec4 color3 = texture(samp, tc / 4);
    vec4 color4 = texture(samp, tc / 8);
    color_result = (color_result * 0.4) + (color2 * 0.4) + (color3 * 0.4) + (color4 * 0.4);

    color = color_result;
}


================================================================================
[79] echo_rainbow_swirl.glsl
3D program: FAILED
2D program: FAILED

Compiler output:
[stderr] Error on Fragment compile
[stderr] Shader: ERROR: 0:25: 'mod' : no matching overloaded function found
[stderr] ERROR: 0:39: '/' : wrong operand types - no operation '/' exists that takes a left-hand operand of type 'in highp 2-component vector of float' and a right operand of type 'const int' (or there is no acceptable conversion)
[stderr] ERROR: 0:40: '/' : wrong operand types - no operation '/' exists that takes a left-hand operand of type 'in highp 2-component vector of float' and a right operand of type 'const int' (or there is no acceptable conversion)
[stderr] ERROR: 0:41: '/' : wrong operand types - no operation '/' exists that takes a left-hand operand of type 'in highp 2-component vector of float' and a right operand of type 'const int' (or there is no acceptable conversion)
[stderr] Error on Fragment compile
[stderr] Shader: ERROR: 0:25: 'mod' : no matching overloaded function found
[stderr] ERROR: 0:39: '/' : wrong operand types - no operation '/' exists that takes a left-hand operand of type 'in highp 2-component vector of float' and a right operand of type 'const int' (or there is no acceptable conversion)
[stderr] ERROR: 0:40: '/' : wrong operand types - no operation '/' exists that takes a left-hand operand of type 'in highp 2-component vector of float' and a right operand of type 'const int' (or there is no acceptable conversion)
[stderr] ERROR: 0:41: '/' : wrong operand types - no operation '/' exists that takes a left-hand operand of type 'in highp 2-component vector of float' and a right operand of type 'const int' (or there is no acceptable conversion)

Converted GLSL source:
#version 300 es
precision highp float;
precision highp int;

in vec2 TexCoord;
#define tc TexCoord
out vec4 color;
uniform sampler2D samp;
uniform float time_f;
uniform vec2 iResolution;
uniform float restore_black;

vec3 rainbow(float t) {
    t = fract(t);
    float r = abs(t * 6.0 - 3.0) - 1.0;
    float g = 2.0 - abs(t * 6.0 - 2.0);
    float b = 2.0 - abs(t * 6.0 - 4.0);
    return clamp(vec3(r, g, b), 0.0, 1.0);
}

void main(void) {
    vec2 uv = tc * 2.0 - 1.0;
    uv.y *= iResolution.y / iResolution.x;

    float t = mod(time_f, 15);
    
    float wave = sin(uv.x * 10.0 + t * 2.0) * 0.1;
    float expand = 0.5 + 0.5 * sin(t * 2.0);
    vec2 spiral_uv = uv * expand + vec2(cos(t), sin(t)) * 0.2;

    float angle = atan(spiral_uv.y + wave, spiral_uv.x) + t * 2.0;

    vec3 rainbow_color = rainbow(angle / (2.0 * 3.14159));
    vec4 original_color = texture(samp, tc);
    vec3 blended_color = mix(original_color.rgb, rainbow_color, 0.5);

    vec4 color_result = vec4(sin(blended_color * t), original_color.a);

    vec4 color2 = texture(samp, tc / 2);
    vec4 color3 = texture(samp, tc / 4);
    vec4 color4 = texture(samp, tc / 8);
    color_result = (color_result * 0.4) + (color2 * 0.4) + (color3 * 0.4) + (color4 * 0.4);

    color = color_result;
}


================================================================================
[80] echo_rand.glsl
3D program: FAILED
2D program: FAILED

Compiler output:
[stderr] Error on Fragment compile
[stderr] Shader: ERROR: 0:29: '/' : wrong operand types - no operation '/' exists that takes a left-hand operand of type 'in highp 2-component vector of float' and a right operand of type 'const int' (or there is no acceptable conversion)
[stderr] ERROR: 0:32: '/' : wrong operand types - no operation '/' exists that takes a left-hand operand of type 'uniform highp 4-component vector of float' and a right operand of type 'const int' (or there is no acceptable conversion)
[stderr] ERROR: 0:33: '/' : wrong operand types - no operation '/' exists that takes a left-hand operand of type 'uniform highp 4-component vector of float' and a right operand of type 'const int' (or there is no acceptable conversion)
[stderr] ERROR: 0:38: '/' : wrong operand types - no operation '/' exists that takes a left-hand operand of type 'highp 2-component vector of float' and a right operand of type 'const int' (or there is no acceptable conversion)
[stderr] ERROR: 0:39: '/' : wrong operand types - no operation '/' exists that takes a left-hand operand of type 'highp 2-component vector of float' and a right operand of type 'const int' (or there is no acceptable conversion)
[stderr] Error on Fragment compile
[stderr] Shader: ERROR: 0:29: '/' : wrong operand types - no operation '/' exists that takes a left-hand operand of type 'in highp 2-component vector of float' and a right operand of type 'const int' (or there is no acceptable conversion)
[stderr] ERROR: 0:32: '/' : wrong operand types - no operation '/' exists that takes a left-hand operand of type 'uniform highp 4-component vector of float' and a right operand of type 'const int' (or there is no acceptable conversion)
[stderr] ERROR: 0:33: '/' : wrong operand types - no operation '/' exists that takes a left-hand operand of type 'uniform highp 4-component vector of float' and a right operand of type 'const int' (or there is no acceptable conversion)
[stderr] ERROR: 0:38: '/' : wrong operand types - no operation '/' exists that takes a left-hand operand of type 'highp 2-component vector of float' and a right operand of type 'const int' (or there is no acceptable conversion)
[stderr] ERROR: 0:39: '/' : wrong operand types - no operation '/' exists that takes a left-hand operand of type 'highp 2-component vector of float' and a right operand of type 'const int' (or there is no acceptable conversion)

Converted GLSL source:
#version 300 es
precision highp float;
precision highp int;
in vec2 TexCoord;
#define tc TexCoord
out vec4 color;
uniform float alpha_r;
uniform float alpha_g;
uniform float alpha_b;
uniform float alpha;
uniform vec4 optx;
uniform vec4 random_var;
uniform float alpha_value;

uniform mat4 mv_matrix;
uniform mat4 proj_matrix;
uniform sampler2D samp;
uniform float value_alpha_r, value_alpha_g, value_alpha_b;
uniform float index_value;
uniform float time_f;
uniform vec4 inc_valuex;
uniform vec4 inc_value;

uniform float restore_black;

void main(void)
{
    color = texture(samp, tc);
    vec4 color2 = texture(samp, tc / 2);
    vec2 pos1 = tc;
    vec2 pos2 = tc;
    vec4 iv1 = inc_valuex/255;
    vec4 iv2 = inc_value/255;
    pos1[0] - iv1[0]-pos1[0];
    pos1[1] = iv1[1]-pos1[1];
    pos2[0] = iv2[0]-pos2[0];
    pos2[1] = iv2[1]-pos2[1];
    vec4 color3 = texture(samp, (pos1/4)*0.9);
    vec4 color4 = texture(samp, (pos2/8)*0.9);
    color = (color * 0.4) + (color2 * 0.4) + (color3 * 0.4) + (color4 * 0.4) ;
}



================================================================================
[81] echo_rand_2.glsl
3D program: FAILED
2D program: FAILED

Compiler output:
[stderr] Error on Fragment compile
[stderr] Shader: ERROR: 0:29: '/' : wrong operand types - no operation '/' exists that takes a left-hand operand of type 'in highp 2-component vector of float' and a right operand of type 'const int' (or there is no acceptable conversion)
[stderr] ERROR: 0:32: '/' : wrong operand types - no operation '/' exists that takes a left-hand operand of type 'uniform highp 4-component vector of float' and a right operand of type 'const int' (or there is no acceptable conversion)
[stderr] ERROR: 0:33: '/' : wrong operand types - no operation '/' exists that takes a left-hand operand of type 'uniform highp 4-component vector of float' and a right operand of type 'const int' (or there is no acceptable conversion)
[stderr] ERROR: 0:38: '/' : wrong operand types - no operation '/' exists that takes a left-hand operand of type 'highp 2-component vector of float' and a right operand of type 'const int' (or there is no acceptable conversion)
[stderr] ERROR: 0:39: '/' : wrong operand types - no operation '/' exists that takes a left-hand operand of type 'highp 2-component vector of float' and a right operand of type 'const int' (or there is no acceptable conversion)
[stderr] Error on Fragment compile
[stderr] Shader: ERROR: 0:29: '/' : wrong operand types - no operation '/' exists that takes a left-hand operand of type 'in highp 2-component vector of float' and a right operand of type 'const int' (or there is no acceptable conversion)
[stderr] ERROR: 0:32: '/' : wrong operand types - no operation '/' exists that takes a left-hand operand of type 'uniform highp 4-component vector of float' and a right operand of type 'const int' (or there is no acceptable conversion)
[stderr] ERROR: 0:33: '/' : wrong operand types - no operation '/' exists that takes a left-hand operand of type 'uniform highp 4-component vector of float' and a right operand of type 'const int' (or there is no acceptable conversion)
[stderr] ERROR: 0:38: '/' : wrong operand types - no operation '/' exists that takes a left-hand operand of type 'highp 2-component vector of float' and a right operand of type 'const int' (or there is no acceptable conversion)
[stderr] ERROR: 0:39: '/' : wrong operand types - no operation '/' exists that takes a left-hand operand of type 'highp 2-component vector of float' and a right operand of type 'const int' (or there is no acceptable conversion)

Converted GLSL source:
#version 300 es
precision highp float;
precision highp int;
in vec2 TexCoord;
#define tc TexCoord
out vec4 color;
uniform float alpha_r;
uniform float alpha_g;
uniform float alpha_b;
uniform float alpha;
uniform vec4 optx;
uniform vec4 random_var;
uniform float alpha_value;

uniform mat4 mv_matrix;
uniform mat4 proj_matrix;
uniform sampler2D samp;
uniform float value_alpha_r, value_alpha_g, value_alpha_b;
uniform float index_value;
uniform float time_f;
uniform vec4 inc_valuex;
uniform vec4 inc_value;

uniform float restore_black;

void main(void)
{
    color = texture(samp, tc);
    vec4 color2 = texture(samp, tc / 2);
    vec2 pos1 = tc;
    vec2 pos2 = tc;
    vec4 iv1 = inc_valuex/255;
    vec4 iv2 = inc_value/255;
    pos1[0] - iv1[0];
    pos1[1] = iv1[1];
    pos2[0] = iv2[0];
    pos2[1] = iv2[1];
    vec4 color3 = texture(samp, pos1/4);
    vec4 color4 = texture(samp, pos2/8);
    color = (color * 0.4) + (color2 * 0.4) + (color3 * 0.4) + (color4 * 0.4) ;
}



================================================================================
[82] echo_rev_x1.glsl
3D program: FAILED
2D program: FAILED

Compiler output:
[stderr] Error on Fragment compile
[stderr] Shader: ERROR: 0:32: '/' : wrong operand types - no operation '/' exists that takes a left-hand operand of type 'highp 2-component vector of float' and a right operand of type 'const int' (or there is no acceptable conversion)
[stderr] ERROR: 0:33: '/' : wrong operand types - no operation '/' exists that takes a left-hand operand of type 'highp 2-component vector of float' and a right operand of type 'const int' (or there is no acceptable conversion)
[stderr] ERROR: 0:34: '/' : wrong operand types - no operation '/' exists that takes a left-hand operand of type 'highp 2-component vector of float' and a right operand of type 'const int' (or there is no acceptable conversion)
[stderr] Error on Fragment compile
[stderr] Shader: ERROR: 0:32: '/' : wrong operand types - no operation '/' exists that takes a left-hand operand of type 'highp 2-component vector of float' and a right operand of type 'const int' (or there is no acceptable conversion)
[stderr] ERROR: 0:33: '/' : wrong operand types - no operation '/' exists that takes a left-hand operand of type 'highp 2-component vector of float' and a right operand of type 'const int' (or there is no acceptable conversion)
[stderr] ERROR: 0:34: '/' : wrong operand types - no operation '/' exists that takes a left-hand operand of type 'highp 2-component vector of float' and a right operand of type 'const int' (or there is no acceptable conversion)

Converted GLSL source:
#version 300 es
precision highp float;
precision highp int;
in vec2 TexCoord;
#define tc TexCoord
out vec4 color;
uniform float alpha_r;
uniform float alpha_g;
uniform float alpha_b;
uniform float alpha;
uniform vec4 optx;
uniform vec4 random_var;
uniform float alpha_value;

uniform mat4 mv_matrix;
uniform mat4 proj_matrix;
uniform sampler2D samp;
uniform float value_alpha_r, value_alpha_g, value_alpha_b;
uniform float index_value;
uniform float time_f;

uniform float restore_black;

void main(void)
{
    color = texture(samp, tc);
    
    vec2 tc1 = tc;
    tc1[0] = 1.0-tc[0];
//    tc1[1] = 1.0-tc[1];
    
    vec4 color2 = texture(samp, tc1/2);
    vec4 color3 = texture(samp, tc1/4);
    vec4 color4 = texture(samp, tc1/8);
    color = (color * 0.4) + (color2 * 0.4) + (color3 * 0.4) + (color4 * 0.4) ;
}



================================================================================
[83] echo_rev_x2.glsl
3D program: FAILED
2D program: FAILED

Compiler output:
[stderr] Error on Fragment compile
[stderr] Shader: ERROR: 0:32: '/' : wrong operand types - no operation '/' exists that takes a left-hand operand of type 'highp 2-component vector of float' and a right operand of type 'const int' (or there is no acceptable conversion)
[stderr] ERROR: 0:33: '/' : wrong operand types - no operation '/' exists that takes a left-hand operand of type 'in highp 2-component vector of float' and a right operand of type 'const int' (or there is no acceptable conversion)
[stderr] ERROR: 0:34: '/' : wrong operand types - no operation '/' exists that takes a left-hand operand of type 'highp 2-component vector of float' and a right operand of type 'const int' (or there is no acceptable conversion)
[stderr] Error on Fragment compile
[stderr] Shader: ERROR: 0:32: '/' : wrong operand types - no operation '/' exists that takes a left-hand operand of type 'highp 2-component vector of float' and a right operand of type 'const int' (or there is no acceptable conversion)
[stderr] ERROR: 0:33: '/' : wrong operand types - no operation '/' exists that takes a left-hand operand of type 'in highp 2-component vector of float' and a right operand of type 'const int' (or there is no acceptable conversion)
[stderr] ERROR: 0:34: '/' : wrong operand types - no operation '/' exists that takes a left-hand operand of type 'highp 2-component vector of float' and a right operand of type 'const int' (or there is no acceptable conversion)

Converted GLSL source:
#version 300 es
precision highp float;
precision highp int;
in vec2 TexCoord;
#define tc TexCoord
out vec4 color;
uniform float alpha_r;
uniform float alpha_g;
uniform float alpha_b;
uniform float alpha;
uniform vec4 optx;
uniform vec4 random_var;
uniform float alpha_value;

uniform mat4 mv_matrix;
uniform mat4 proj_matrix;
uniform sampler2D samp;
uniform float value_alpha_r, value_alpha_g, value_alpha_b;
uniform float index_value;
uniform float time_f;

uniform float restore_black;

void main(void)
{
    color = texture(samp, tc);
    
    vec2 tc1 = tc;
    tc1[0] = 1.0-tc[0];
//    tc1[1] = 1.0-tc[1];
    
    vec4 color2 = texture(samp, tc1/2);
    vec4 color3 = texture(samp, tc/4);
    vec4 color4 = texture(samp, tc1/8);
    color = (color * 0.4) + (color2 * 0.4) + (color3 * 0.4) + (color4 * 0.4) ;
}



================================================================================
[84] echo_rgb.glsl
3D program: FAILED
2D program: FAILED

Compiler output:
[stderr] Error on Fragment compile
[stderr] Shader: ERROR: 0:27: '/' : wrong operand types - no operation '/' exists that takes a left-hand operand of type 'in highp 2-component vector of float' and a right operand of type 'const int' (or there is no acceptable conversion)
[stderr] ERROR: 0:28: '/' : wrong operand types - no operation '/' exists that takes a left-hand operand of type 'in highp 2-component vector of float' and a right operand of type 'const int' (or there is no acceptable conversion)
[stderr] ERROR: 0:29: '/' : wrong operand types - no operation '/' exists that takes a left-hand operand of type 'in highp 2-component vector of float' and a right operand of type 'const int' (or there is no acceptable conversion)
[stderr] Error on Fragment compile
[stderr] Shader: ERROR: 0:27: '/' : wrong operand types - no operation '/' exists that takes a left-hand operand of type 'in highp 2-component vector of float' and a right operand of type 'const int' (or there is no acceptable conversion)
[stderr] ERROR: 0:28: '/' : wrong operand types - no operation '/' exists that takes a left-hand operand of type 'in highp 2-component vector of float' and a right operand of type 'const int' (or there is no acceptable conversion)
[stderr] ERROR: 0:29: '/' : wrong operand types - no operation '/' exists that takes a left-hand operand of type 'in highp 2-component vector of float' and a right operand of type 'const int' (or there is no acceptable conversion)

Converted GLSL source:
#version 300 es
precision highp float;
precision highp int;
in vec2 TexCoord;
#define tc TexCoord
out vec4 color;
uniform float alpha_r;
uniform float alpha_g;
uniform float alpha_b;
uniform float alpha;
uniform vec4 optx;
uniform vec4 random_var;
uniform float alpha_value;

uniform mat4 mv_matrix;
uniform mat4 proj_matrix;
uniform sampler2D samp;
uniform float value_alpha_r, value_alpha_g, value_alpha_b;
uniform float index_value;
uniform float time_f;

uniform float restore_black;

void main(void)
{
    color = texture(samp, tc);
    vec4 color2 = texture(samp, tc / 2);
    vec4 color3 = texture(samp, tc/ 4);
    vec4 color4 = texture(samp, tc/ 8);
    color[0] = (color[0] * 0.5) + (color2[0] * 0.5);
    color[1] = (color[1] * 0.5) + (color3[1] * 0.5);
    color[2] = (color[2] * 0.5) + (color4[2] * 0.5);
    
    //color = (color * 0.4) + (color2 * 0.4) + (color3 * 0.4) + (color4 * 0.4) ;
}



================================================================================
[85] echo_shift.glsl
3D program: FAILED
2D program: FAILED

Compiler output:
[stderr] Error on Fragment compile
[stderr] Shader: ERROR: 0:41: '/' : wrong operand types - no operation '/' exists that takes a left-hand operand of type 'in highp 2-component vector of float' and a right operand of type 'const int' (or there is no acceptable conversion)
[stderr] ERROR: 0:42: '/' : wrong operand types - no operation '/' exists that takes a left-hand operand of type 'in highp 2-component vector of float' and a right operand of type 'const int' (or there is no acceptable conversion)
[stderr] ERROR: 0:43: '/' : wrong operand types - no operation '/' exists that takes a left-hand operand of type 'in highp 2-component vector of float' and a right operand of type 'const int' (or there is no acceptable conversion)
[stderr] ERROR: 0:44: '/' : wrong operand types - no operation '/' exists that takes a left-hand operand of type 'in highp 2-component vector of float' and a right operand of type 'const int' (or there is no acceptable conversion)
[stderr] Error on Fragment compile
[stderr] Shader: ERROR: 0:41: '/' : wrong operand types - no operation '/' exists that takes a left-hand operand of type 'in highp 2-component vector of float' and a right operand of type 'const int' (or there is no acceptable conversion)
[stderr] ERROR: 0:42: '/' : wrong operand types - no operation '/' exists that takes a left-hand operand of type 'in highp 2-component vector of float' and a right operand of type 'const int' (or there is no acceptable conversion)
[stderr] ERROR: 0:43: '/' : wrong operand types - no operation '/' exists that takes a left-hand operand of type 'in highp 2-component vector of float' and a right operand of type 'const int' (or there is no acceptable conversion)
[stderr] ERROR: 0:44: '/' : wrong operand types - no operation '/' exists that takes a left-hand operand of type 'in highp 2-component vector of float' and a right operand of type 'const int' (or there is no acceptable conversion)

Converted GLSL source:
#version 300 es
precision highp float;
precision highp int;
in vec2 TexCoord;
#define tc TexCoord
out vec4 color;
uniform float alpha_r;
uniform float alpha_g;
uniform float alpha_b;
uniform float alpha;
uniform vec4 optx;
uniform vec4 random_var;
uniform float alpha_value;

uniform mat4 mv_matrix;
uniform mat4 proj_matrix;
uniform sampler2D samp;
uniform float value_alpha_r, value_alpha_g, value_alpha_b;
uniform float index_value;
uniform float time_f;

uniform float restore_black;

vec4 shift_vec(vec4 inputv, int dir) {
    vec4 rev;
    if(dir == 1) {
        rev[0] = inputv[2];
        rev[1] = inputv[0];
        rev[2] = inputv[1];
    } else {
        rev[0] = inputv[1];
        rev[1] = inputv[2];
        rev[2] = inputv[0];
    }
    return rev;
}

void main(void)
{
    color = texture(samp, tc);
    vec4 color2 = texture(samp, tc/4);
    vec4 color3 = texture(samp, tc/7);
    vec4 color4 = texture(samp, tc/11);
    vec4 color5 = texture(samp, tc/18);
    color = (color * 0.3) + (shift_vec(color2, 1) * 0.3) + (color3 * 0.3) + (shift_vec(color4, 0) * 0.3) + (color5 * 0.3);
}



================================================================================
[86] echo_sin.glsl
3D program: FAILED
2D program: FAILED

Compiler output:
[stderr] Error on Fragment compile
[stderr] Shader: ERROR: 0:18: '/' : wrong operand types - no operation '/' exists that takes a left-hand operand of type 'in highp 2-component vector of float' and a right operand of type 'const int' (or there is no acceptable conversion)
[stderr] ERROR: 0:19: '/' : wrong operand types - no operation '/' exists that takes a left-hand operand of type 'in highp 2-component vector of float' and a right operand of type 'const int' (or there is no acceptable conversion)
[stderr] ERROR: 0:20: '/' : wrong operand types - no operation '/' exists that takes a left-hand operand of type 'in highp 2-component vector of float' and a right operand of type 'const int' (or there is no acceptable conversion)
[stderr] Error on Fragment compile
[stderr] Shader: ERROR: 0:18: '/' : wrong operand types - no operation '/' exists that takes a left-hand operand of type 'in highp 2-component vector of float' and a right operand of type 'const int' (or there is no acceptable conversion)
[stderr] ERROR: 0:19: '/' : wrong operand types - no operation '/' exists that takes a left-hand operand of type 'in highp 2-component vector of float' and a right operand of type 'const int' (or there is no acceptable conversion)
[stderr] ERROR: 0:20: '/' : wrong operand types - no operation '/' exists that takes a left-hand operand of type 'in highp 2-component vector of float' and a right operand of type 'const int' (or there is no acceptable conversion)

Converted GLSL source:
#version 300 es
precision highp float;
precision highp int;
in vec2 TexCoord;
#define tc TexCoord
out vec4 color;
uniform sampler2D samp;
uniform float time_f;

float pingPong(float x, float length) {
    float modVal = mod(x, length * 2.0);
    return modVal <= length ? modVal : length * 2.0 - modVal;
}

void main(void)
{
    color = texture(samp, tc);
    vec4 color2 = texture(samp, tc / 2);
    vec4 color3 = texture(samp, tc / 4);
    vec4 color4 = texture(samp, tc / 8);
    color = (color * 0.4) + (color2 * 0.4) + (color3 * 0.4) + (color4 * 0.4);
    
    float time_t = pingPong(time_f, 10.0) + 2.0;
    color = sin(color * time_t);
    color.a = 1.0;
}


================================================================================
[87] echo_sin_particle.glsl
3D program: FAILED
2D program: FAILED

Compiler output:
[stderr] Error on Fragment compile
[stderr] Shader: ERROR: 0:47: '/' : wrong operand types - no operation '/' exists that takes a left-hand operand of type 'in highp 2-component vector of float' and a right operand of type 'const int' (or there is no acceptable conversion)
[stderr] ERROR: 0:48: '/' : wrong operand types - no operation '/' exists that takes a left-hand operand of type 'in highp 2-component vector of float' and a right operand of type 'const int' (or there is no acceptable conversion)
[stderr] ERROR: 0:49: '/' : wrong operand types - no operation '/' exists that takes a left-hand operand of type 'in highp 2-component vector of float' and a right operand of type 'const int' (or there is no acceptable conversion)
[stderr] Error on Fragment compile
[stderr] Shader: ERROR: 0:47: '/' : wrong operand types - no operation '/' exists that takes a left-hand operand of type 'in highp 2-component vector of float' and a right operand of type 'const int' (or there is no acceptable conversion)
[stderr] ERROR: 0:48: '/' : wrong operand types - no operation '/' exists that takes a left-hand operand of type 'in highp 2-component vector of float' and a right operand of type 'const int' (or there is no acceptable conversion)
[stderr] ERROR: 0:49: '/' : wrong operand types - no operation '/' exists that takes a left-hand operand of type 'in highp 2-component vector of float' and a right operand of type 'const int' (or there is no acceptable conversion)

Converted GLSL source:
#version 300 es
precision highp float;
precision highp int;
in vec2 TexCoord;
#define tc TexCoord
out vec4 color;

uniform sampler2D samp;
uniform float time_f;
uniform vec2 iResolution;

float pingPong(float x, float length) {
    float modVal = mod(x, length * 2.0);
    return modVal <= length ? modVal : length * 2.0 - modVal;
}

vec2 hash(vec2 p) {
    p = vec2(dot(p, vec2(127.1, 311.7)), dot(p, vec2(269.5, 183.3)));
    return -1.0 + 2.0 * fract(sin(p) * 43758.5453123);
}

float noise(vec2 p) {
    vec2 i = floor(p);
    vec2 f = fract(p);
    vec2 u = f * f * (3.0 - 2.0 * f);
    return mix(
        mix(dot(hash(i + vec2(0.0, 0.0)), f - vec2(0.0, 0.0)), dot(hash(i + vec2(1.0, 0.0)), f - vec2(1.0, 0.0)), u.x),
        mix(dot(hash(i + vec2(0.0, 1.0)), f - vec2(0.0, 1.0)), dot(hash(i + vec2(1.0, 1.0)), f - vec2(1.0, 1.0)), u.x),
        u.y);
}

void main() {
    vec2 uv = gl_FragCoord.xy / iResolution.xy;
    vec3 col = vec3(0.0);

    float numParticles = 50.0;
    for (float i = 0.0; i < numParticles; i += 1.0) {
        float t = time_f * 0.1 + i * 6.28 / numParticles;
        vec2 pos = vec2(sin(t + noise(vec2(i, t)) * 10.0), cos(t + noise(vec2(i, t)) * 10.0)) * 0.3 + 0.5;
        float d = length(uv - pos);
        col += vec3(0.1, 0.5, 0.8) * (1.0 - d) * exp(-d * 10.0);
    }

    color = vec4(col, 1.0);
    color = mix(texture(samp, tc), color, 0.5);

    vec4 color2 = texture(samp, tc / 2);
    vec4 color3 = texture(samp, tc / 4);
    vec4 color4 = texture(samp, tc / 8);
    color = (color * 0.4) + (color2 * 0.4) + (color3 * 0.4) + (color4 * 0.4);

    float time_t = pingPong(time_f, 10.0) + 2.0;
    color = sin(color * time_t);
    color.a = 1.0;
}


================================================================================
[88] echo_strobe_x1.glsl
3D program: FAILED
2D program: FAILED

Compiler output:
[stderr] Error on Fragment compile
[stderr] Shader: ERROR: 0:28: '/' : wrong operand types - no operation '/' exists that takes a left-hand operand of type 'in highp 2-component vector of float' and a right operand of type 'const int' (or there is no acceptable conversion)
[stderr] ERROR: 0:29: '/' : wrong operand types - no operation '/' exists that takes a left-hand operand of type 'in highp 2-component vector of float' and a right operand of type 'const int' (or there is no acceptable conversion)
[stderr] ERROR: 0:30: '/' : wrong operand types - no operation '/' exists that takes a left-hand operand of type 'in highp 2-component vector of float' and a right operand of type 'const int' (or there is no acceptable conversion)
[stderr] ERROR: 0:33: '>=' : wrong operand types - no operation '>=' exists that takes a left-hand operand of type 'highp float' and a right operand of type 'const int' (or there is no acceptable conversion)
[stderr] Error on Fragment compile
[stderr] Shader: ERROR: 0:28: '/' : wrong operand types - no operation '/' exists that takes a left-hand operand of type 'in highp 2-component vector of float' and a right operand of type 'const int' (or there is no acceptable conversion)
[stderr] ERROR: 0:29: '/' : wrong operand types - no operation '/' exists that takes a left-hand operand of type 'in highp 2-component vector of float' and a right operand of type 'const int' (or there is no acceptable conversion)
[stderr] ERROR: 0:30: '/' : wrong operand types - no operation '/' exists that takes a left-hand operand of type 'in highp 2-component vector of float' and a right operand of type 'const int' (or there is no acceptable conversion)
[stderr] ERROR: 0:33: '>=' : wrong operand types - no operation '>=' exists that takes a left-hand operand of type 'highp float' and a right operand of type 'const int' (or there is no acceptable conversion)

Converted GLSL source:
#version 300 es
precision highp float;
precision highp int;
in vec2 TexCoord;
#define tc TexCoord
out vec4 color;
uniform float alpha_r;
uniform float alpha_g;
uniform float alpha_b;
in float timeval;
uniform float alpha;
uniform vec4 optx;
uniform vec4 random_var;
uniform float alpha_value;

uniform mat4 mv_matrix;
uniform mat4 proj_matrix;
uniform sampler2D samp;
uniform float value_alpha_r, value_alpha_g, value_alpha_b;
uniform float index_value;
uniform float time_f;

uniform float restore_black;

void main(void)
{
    color = texture(samp, tc);
    vec4 color2 = texture(samp, tc / 2);
    vec4 color3 = texture(samp, tc/ 4);
    vec4 color4 = texture(samp, tc/ 8);
    color = (color * 0.4) + (color2 * 0.4) + (color3 * 0.4) + (color4 * 0.4) ;
    float value = fract(timeval);
    if(value >= 0 && value <= 0.3) {
        color[0] *= value;
    } else if (value >= 0.3 && value <= 0.6) {
        color[1] *= value;
    } else if(value >= 0.6 && value <= 1.0) {
        color[2] *= value;
    }
}



================================================================================
[89] echo_x2.glsl
3D program: FAILED
2D program: FAILED

Compiler output:
[stderr] Error on Fragment compile
[stderr] Shader: ERROR: 0:2: '
[stderr] ' : #version directive must occur on the first line of the shader
[stderr] ERROR: 0:5: 'in' : storage qualifier supported in GLSL ES 3.00 and above only
[stderr] ERROR: 0:7: 'out' : storage qualifier supported in GLSL ES 3.00 and above only
[stderr] ERROR: 0:29: 'texture' : no matching overloaded function found
[stderr] ERROR: 0:29: '=' : dimension mismatch
[stderr] ERROR: 0:29: 'assign' : cannot convert from 'const mediump float' to 'out highp 4-component vector of float'
[stderr] ERROR: 0:32: '[' : array indexes for fragment outputs must be constant integral expressions
[stderr] ERROR: 0:32: '*' : wrong operand types - no operation '*' exists that takes a left-hand operand of type 'const int' and a right operand of type 'highp float' (or there is no acceptable conversion)
[stderr] ERROR: 0:34: '/' : wrong operand types - no operation '/' exists that takes a left-hand operand of type 'highp 4-component vector of float' and a right operand of type 'const int' (or there is no acceptable conversion)
[stderr] ERROR: 0:37: '[' : array indexes for fragment outputs must be constant integral expressions
[stderr] ERROR: 0:37: '*' : wrong operand types - no operation '*' exists that takes a left-hand operand of type 'const int' and a right operand of type 'highp float' (or there is no acceptable conversion)
[stderr] ERROR: 0:38: '^' : bit-wise operator supported in GLSL ES 3.00 and above only
[stderr] ERROR: 0:40: '%' : integer modulus operator supported in GLSL ES 3.00 and above only
[stderr] ERROR: 0:41: '[' : array indexes for fragment outputs must be constant integral expressions
[stderr] ERROR: 0:41: '/' : wrong operand types - no operation '/' exists that takes a left-hand operand of type 'highp float' and a right operand of type 'const int' (or there is no acceptable conversion)
[stderr] ERROR: 0:44: '/' : wrong operand types - no operation '/' exists that takes a left-hand operand of type 'in highp 2-component vector of float' and a right operand of type 'const int' (or there is no acceptable conversion)
[stderr] ERROR: 0:44: 'texture' : no matching overloaded function found
[stderr] ERROR: 0:44: '=' : dimension mismatch
[stderr] ERROR: 0:44: '=' : cannot convert from 'const mediump float' to 'highp 4-component vector of float'
[stderr] ERROR: 0:45: '/' : wrong operand types - no operation '/' exists that takes a left-hand operand of type 'in highp 2-component vector of float' and a right operand of type 'const int' (or there is no acceptable conversion)
[stderr] ERROR: 0:45: 'texture' : no matching overloaded function found
[stderr] ERROR: 0:45: '=' : dimension mismatch
[stderr] ERROR: 0:45: '=' : cannot convert from 'const mediump float' to 'highp 4-component vector of float'
[stderr] ERROR: 0:46: '/' : wrong operand types - no operation '/' exists that takes a left-hand operand of type 'in highp 2-component vector of float' and a right operand of type 'const int' (or there is no acceptable conversion)
[stderr] ERROR: 0:46: 'texture' : no matching overloaded function found
[stderr] ERROR: 0:46: '=' : dimension mismatch
[stderr] ERROR: 0:46: '=' : cannot convert from 'const mediump float' to 'highp 4-component vector of float'
[stderr] Error on Fragment compile
[stderr] Shader: ERROR: 0:2: '
[stderr] ' : #version directive must occur on the first line of the shader
[stderr] ERROR: 0:5: 'in' : storage qualifier supported in GLSL ES 3.00 and above only
[stderr] ERROR: 0:7: 'out' : storage qualifier supported in GLSL ES 3.00 and above only
[stderr] ERROR: 0:29: 'texture' : no matching overloaded function found
[stderr] ERROR: 0:29: '=' : dimension mismatch
[stderr] ERROR: 0:29: 'assign' : cannot convert from 'const mediump float' to 'out highp 4-component vector of float'
[stderr] ERROR: 0:32: '[' : array indexes for fragment outputs must be constant integral expressions
[stderr] ERROR: 0:32: '*' : wrong operand types - no operation '*' exists that takes a left-hand operand of type 'const int' and a right operand of type 'highp float' (or there is no acceptable conversion)
[stderr] ERROR: 0:34: '/' : wrong operand types - no operation '/' exists that takes a left-hand operand of type 'highp 4-component vector of float' and a right operand of type 'const int' (or there is no acceptable conversion)
[stderr] ERROR: 0:37: '[' : array indexes for fragment outputs must be constant integral expressions
[stderr] ERROR: 0:37: '*' : wrong operand types - no operation '*' exists that takes a left-hand operand of type 'const int' and a right operand of type 'highp float' (or there is no acceptable conversion)
[stderr] ERROR: 0:38: '^' : bit-wise operator supported in GLSL ES 3.00 and above only
[stderr] ERROR: 0:40: '%' : integer modulus operator supported in GLSL ES 3.00 and above only
[stderr] ERROR: 0:41: '[' : array indexes for fragment outputs must be constant integral expressions
[stderr] ERROR: 0:41: '/' : wrong operand types - no operation '/' exists that takes a left-hand operand of type 'highp float' and a right operand of type 'const int' (or there is no acceptable conversion)
[stderr] ERROR: 0:44: '/' : wrong operand types - no operation '/' exists that takes a left-hand operand of type 'in highp 2-component vector of float' and a right operand of type 'const int' (or there is no acceptable conversion)
[stderr] ERROR: 0:44: 'texture' : no matching overloaded function found
[stderr] ERROR: 0:44: '=' : dimension mismatch
[stderr] ERROR: 0:44: '=' : cannot convert from 'const mediump float' to 'highp 4-component vector of float'
[stderr] ERROR: 0:45: '/' : wrong operand types - no operation '/' exists that takes a left-hand operand of type 'in highp 2-component vector of float' and a right operand of type 'const int' (or there is no acceptable conversion)
[stderr] ERROR: 0:45: 'texture' : no matching overloaded function found
[stderr] ERROR: 0:45: '=' : dimension mismatch
[stderr] ERROR: 0:45: '=' : cannot convert from 'const mediump float' to 'highp 4-component vector of float'
[stderr] ERROR: 0:46: '/' : wrong operand types - no operation '/' exists that takes a left-hand operand of type 'in highp 2-component vector of float' and a right operand of type 'const int' (or there is no acceptable conversion)
[stderr] ERROR: 0:46: 'texture' : no matching overloaded function found
[stderr] ERROR: 0:46: '=' : dimension mismatch
[stderr] ERROR: 0:46: '=' : cannot convert from 'const mediump float' to 'highp 4-component vector of float'

Converted GLSL source:

#version 300 es
precision highp float;
precision highp int;
in vec2 TexCoord;
#define tc TexCoord
out vec4 color;
uniform float alpha_r;
uniform float alpha_g;
uniform float alpha_b;
uniform float alpha;
uniform vec4 optx;
uniform vec4 random_var;
uniform float alpha_value;

uniform mat4 mv_matrix;
uniform mat4 proj_matrix;
uniform sampler2D samp;
uniform float value_alpha_r, value_alpha_g, value_alpha_b;
uniform float index_value;
uniform float time_f;
uniform vec4 inc_value;

uniform float restore_black;

void main(void)
{
    
    color = texture(samp, tc);
    ivec3 source;
    for(int i = 0; i < 3; ++i) {
        source[i] = int(255 * color[i]);
    }
    color = color * inc_value/255 * alpha;
    ivec3 int_color;
     for(int i = 0; i < 3; ++i) {
         int_color[i] = int(255 * color[i]);
         int_color[i] = int_color[i]^source[i];
         if(int_color[i] > 255)
             int_color[i] = int_color[i]%255;
         color[i] = float(int_color[i])/255;
     }
    
    vec4 color2 = texture(samp, tc / 2);
    vec4 color3 = texture(samp, tc/ 4);
    vec4 color4 = texture(samp, tc/ 8);
    color = (color * 0.4) + (color2 * 0.4) + (color3 * 0.4) + (color4 * 0.4) ;
}



================================================================================
[90] echo_x3.glsl
3D program: FAILED
2D program: FAILED

Compiler output:
[stderr] Error on Fragment compile
[stderr] Shader: ERROR: 0:2: '
[stderr] ' : #version directive must occur on the first line of the shader
[stderr] ERROR: 0:5: 'in' : storage qualifier supported in GLSL ES 3.00 and above only
[stderr] ERROR: 0:7: 'out' : storage qualifier supported in GLSL ES 3.00 and above only
[stderr] ERROR: 0:12: 'in' : storage qualifier supported in GLSL ES 3.00 and above only
[stderr] ERROR: 0:30: 'texture' : no matching overloaded function found
[stderr] ERROR: 0:30: '=' : dimension mismatch
[stderr] ERROR: 0:30: 'assign' : cannot convert from 'const mediump float' to 'out highp 4-component vector of float'
[stderr] ERROR: 0:31: '*' : wrong operand types - no operation '*' exists that takes a left-hand operand of type 'const int' and a right operand of type 'out highp 4-component vector of float' (or there is no acceptable conversion)
[stderr] ERROR: 0:35: 'texture' : no matching overloaded function found
[stderr] ERROR: 0:35: '=' : dimension mismatch
[stderr] ERROR: 0:35: '=' : cannot convert from 'const mediump float' to 'highp 4-component vector of float'
[stderr] ERROR: 0:37: '/' : wrong operand types - no operation '/' exists that takes a left-hand operand of type 'in highp 2-component vector of float' and a right operand of type 'const int' (or there is no acceptable conversion)
[stderr] ERROR: 0:37: 'texture' : no matching overloaded function found
[stderr] ERROR: 0:37: '=' : dimension mismatch
[stderr] ERROR: 0:37: '=' : cannot convert from 'const mediump float' to 'highp 4-component vector of float'
[stderr] ERROR: 0:38: '/' : wrong operand types - no operation '/' exists that takes a left-hand operand of type 'in highp 2-component vector of float' and a right operand of type 'const int' (or there is no acceptable conversion)
[stderr] ERROR: 0:38: 'texture' : no matching overloaded function found
[stderr] ERROR: 0:38: '=' : dimension mismatch
[stderr] ERROR: 0:38: '=' : cannot convert from 'const mediump float' to 'highp 4-component vector of float'
[stderr] ERROR: 0:39: '/' : wrong operand types - no operation '/' exists that takes a left-hand operand of type 'in highp 2-component vector of float' and a right operand of type 'const int' (or there is no acceptable conversion)
[stderr] ERROR: 0:39: 'texture' : no matching overloaded function found
[stderr] ERROR: 0:39: '=' : dimension mismatch
[stderr] ERROR: 0:39: '=' : cannot convert from 'const mediump float' to 'highp 4-component vector of float'
[stderr] Error on Fragment compile
[stderr] Shader: ERROR: 0:2: '
[stderr] ' : #version directive must occur on the first line of the shader
[stderr] ERROR: 0:5: 'in' : storage qualifier supported in GLSL ES 3.00 and above only
[stderr] ERROR: 0:7: 'out' : storage qualifier supported in GLSL ES 3.00 and above only
[stderr] ERROR: 0:12: 'in' : storage qualifier supported in GLSL ES 3.00 and above only
[stderr] ERROR: 0:30: 'texture' : no matching overloaded function found
[stderr] ERROR: 0:30: '=' : dimension mismatch
[stderr] ERROR: 0:30: 'assign' : cannot convert from 'const mediump float' to 'out highp 4-component vector of float'
[stderr] ERROR: 0:31: '*' : wrong operand types - no operation '*' exists that takes a left-hand operand of type 'const int' and a right operand of type 'out highp 4-component vector of float' (or there is no acceptable conversion)
[stderr] ERROR: 0:35: 'texture' : no matching overloaded function found
[stderr] ERROR: 0:35: '=' : dimension mismatch
[stderr] ERROR: 0:35: '=' : cannot convert from 'const mediump float' to 'highp 4-component vector of float'
[stderr] ERROR: 0:37: '/' : wrong operand types - no operation '/' exists that takes a left-hand operand of type 'in highp 2-component vector of float' and a right operand of type 'const int' (or there is no acceptable conversion)
[stderr] ERROR: 0:37: 'texture' : no matching overloaded function found
[stderr] ERROR: 0:37: '=' : dimension mismatch
[stderr] ERROR: 0:37: '=' : cannot convert from 'const mediump float' to 'highp 4-component vector of float'
[stderr] ERROR: 0:38: '/' : wrong operand types - no operation '/' exists that takes a left-hand operand of type 'in highp 2-component vector of float' and a right operand of type 'const int' (or there is no acceptable conversion)
[stderr] ERROR: 0:38: 'texture' : no matching overloaded function found
[stderr] ERROR: 0:38: '=' : dimension mismatch
[stderr] ERROR: 0:38: '=' : cannot convert from 'const mediump float' to 'highp 4-component vector of float'
[stderr] ERROR: 0:39: '/' : wrong operand types - no operation '/' exists that takes a left-hand operand of type 'in highp 2-component vector of float' and a right operand of type 'const int' (or there is no acceptable conversion)
[stderr] ERROR: 0:39: 'texture' : no matching overloaded function found
[stderr] ERROR: 0:39: '=' : dimension mismatch
[stderr] ERROR: 0:39: '=' : cannot convert from 'const mediump float' to 'highp 4-component vector of float'

Converted GLSL source:

#version 300 es
precision highp float;
precision highp int;
in vec2 TexCoord;
#define tc TexCoord
out vec4 color;
uniform float alpha_r;
uniform float alpha_g;
uniform float alpha_b;
uniform float alpha;
in vec3 vpos;
uniform vec4 optx;
uniform vec4 random_var;
uniform float alpha_value;

uniform mat4 mv_matrix;
uniform mat4 proj_matrix;
uniform sampler2D samp;
uniform float value_alpha_r, value_alpha_g, value_alpha_b;
uniform float index_value;
uniform float time_f;
uniform vec4 inc_value;

uniform float restore_black;

void main(void)
{
    
    color = texture(samp, tc);
    ivec4 source = ivec4(255 * color);
    vec2 vpos;
    vpos[0] = 1.0-tc[0];
    vpos[1] = tc[1];
    vec4 color2 = texture(samp, vpos);
    color = (0.5 * color) + (0.5 * color2);
    vec4 color2x = texture(samp, tc / 2);
    vec4 color3 = texture(samp, tc/ 4);
    vec4 color4 = texture(samp, tc/ 8);
    color = (color * 0.3) + (color2x * 0.3) + (color3 * 0.3) + (color4 * 0.3) ;
}



================================================================================
[91] echo_x4.glsl
3D program: FAILED
2D program: FAILED

Compiler output:
[stderr] Error on Fragment compile
[stderr] Shader: ERROR: 0:30: '*' : wrong operand types - no operation '*' exists that takes a left-hand operand of type 'const int' and a right operand of type 'out highp 4-component vector of float' (or there is no acceptable conversion)
[stderr] ERROR: 0:36: '/' : wrong operand types - no operation '/' exists that takes a left-hand operand of type 'in highp 2-component vector of float' and a right operand of type 'const int' (or there is no acceptable conversion)
[stderr] ERROR: 0:38: '/' : wrong operand types - no operation '/' exists that takes a left-hand operand of type 'in highp 2-component vector of float' and a right operand of type 'const int' (or there is no acceptable conversion)
[stderr] ERROR: 0:40: '/' : wrong operand types - no operation '/' exists that takes a left-hand operand of type 'in highp 2-component vector of float' and a right operand of type 'const int' (or there is no acceptable conversion)
[stderr] Error on Fragment compile
[stderr] Shader: ERROR: 0:30: '*' : wrong operand types - no operation '*' exists that takes a left-hand operand of type 'const int' and a right operand of type 'out highp 4-component vector of float' (or there is no acceptable conversion)
[stderr] ERROR: 0:36: '/' : wrong operand types - no operation '/' exists that takes a left-hand operand of type 'in highp 2-component vector of float' and a right operand of type 'const int' (or there is no acceptable conversion)
[stderr] ERROR: 0:38: '/' : wrong operand types - no operation '/' exists that takes a left-hand operand of type 'in highp 2-component vector of float' and a right operand of type 'const int' (or there is no acceptable conversion)
[stderr] ERROR: 0:40: '/' : wrong operand types - no operation '/' exists that takes a left-hand operand of type 'in highp 2-component vector of float' and a right operand of type 'const int' (or there is no acceptable conversion)

Converted GLSL source:
#version 300 es
precision highp float;
precision highp int;
in vec2 TexCoord;
#define tc TexCoord
out vec4 color;
uniform float alpha_r;
uniform float alpha_g;
uniform float alpha_b;
uniform float alpha;
in vec3 vpos;
uniform vec4 optx;
uniform vec4 random_var;
uniform float alpha_value;

uniform mat4 mv_matrix;
uniform mat4 proj_matrix;
uniform sampler2D samp;
uniform float value_alpha_r, value_alpha_g, value_alpha_b;
uniform float index_value;
uniform float time_f;
uniform vec4 inc_value;

uniform float restore_black;

void main(void)
{
    
    color = texture(samp, tc);
    ivec4 source = ivec4(255 * color);
    vec2 vpos;
    vpos[0] = 1.0-tc[0];
    vpos[1] = tc[1];
    vec4 color2 = texture(samp, vpos);
    color = (0.5 * color) + (0.5 * color2);
    vec4 color2x = texture(samp, tc / 2);
    color2x[0] = 1.0;
    vec4 color3 = texture(samp, tc/ 4);
    color3[1] = 1.0;
    vec4 color4 = texture(samp, tc/ 8);
    color4[2] = 1.0;
    color = (color * 0.3) + (color2x * 0.3) + (color3 * 0.3) + (color4 * 0.3) ;
}



================================================================================
[92] echo_x5.glsl
3D program: FAILED
2D program: FAILED

Compiler output:
[stderr] Error on Fragment compile
[stderr] Shader: ERROR: 0:27: '/' : wrong operand types - no operation '/' exists that takes a left-hand operand of type 'in highp 2-component vector of float' and a right operand of type 'const int' (or there is no acceptable conversion)
[stderr] ERROR: 0:28: '/' : wrong operand types - no operation '/' exists that takes a left-hand operand of type 'in highp 2-component vector of float' and a right operand of type 'const int' (or there is no acceptable conversion)
[stderr] ERROR: 0:29: '/' : wrong operand types - no operation '/' exists that takes a left-hand operand of type 'in highp 2-component vector of float' and a right operand of type 'const int' (or there is no acceptable conversion)
[stderr] ERROR: 0:30: '/' : wrong operand types - no operation '/' exists that takes a left-hand operand of type 'uniform highp float' and a right operand of type 'const int' (or there is no acceptable conversion)
[stderr] ERROR: 0:31: '/' : wrong operand types - no operation '/' exists that takes a left-hand operand of type 'uniform highp float' and a right operand of type 'const int' (or there is no acceptable conversion)
[stderr] ERROR: 0:32: '/' : wrong operand types - no operation '/' exists that takes a left-hand operand of type 'uniform highp float' and a right operand of type 'const int' (or there is no acceptable conversion)
[stderr] Error on Fragment compile
[stderr] Shader: ERROR: 0:27: '/' : wrong operand types - no operation '/' exists that takes a left-hand operand of type 'in highp 2-component vector of float' and a right operand of type 'const int' (or there is no acceptable conversion)
[stderr] ERROR: 0:28: '/' : wrong operand types - no operation '/' exists that takes a left-hand operand of type 'in highp 2-component vector of float' and a right operand of type 'const int' (or there is no acceptable conversion)
[stderr] ERROR: 0:29: '/' : wrong operand types - no operation '/' exists that takes a left-hand operand of type 'in highp 2-component vector of float' and a right operand of type 'const int' (or there is no acceptable conversion)
[stderr] ERROR: 0:30: '/' : wrong operand types - no operation '/' exists that takes a left-hand operand of type 'uniform highp float' and a right operand of type 'const int' (or there is no acceptable conversion)
[stderr] ERROR: 0:31: '/' : wrong operand types - no operation '/' exists that takes a left-hand operand of type 'uniform highp float' and a right operand of type 'const int' (or there is no acceptable conversion)
[stderr] ERROR: 0:32: '/' : wrong operand types - no operation '/' exists that takes a left-hand operand of type 'uniform highp float' and a right operand of type 'const int' (or there is no acceptable conversion)

Converted GLSL source:
#version 300 es
precision highp float;
precision highp int;
in vec2 TexCoord;
#define tc TexCoord
out vec4 color;
uniform float alpha_r;
uniform float alpha_g;
uniform float alpha_b;
uniform float alpha;
uniform vec4 optx;
uniform vec4 random_var;
uniform float alpha_value;

uniform mat4 mv_matrix;
uniform mat4 proj_matrix;
uniform sampler2D samp;
uniform float value_alpha_r, value_alpha_g, value_alpha_b;
uniform float index_value;
uniform float time_f;

uniform float restore_black;

void main(void)
{
    color = texture(samp, tc);
    vec4 color2 = texture(samp, tc / 2);
    vec4 color3 = texture(samp, tc/ 4);
    vec4 color4 = texture(samp, tc/ 8);
    color2[0] *= (alpha/8);
    color3[1] *= (alpha/12);
    color4[2] *= (alpha/14);
    color = (color * 0.4) + (color2 * 0.4) + (color3 * 0.4) + (color4 * 0.4) ;
}



================================================================================
[93] echo_x6.glsl
3D program: FAILED
2D program: FAILED

Compiler output:
[stderr] Error on Fragment compile
[stderr] Shader: ERROR: 0:27: '/' : wrong operand types - no operation '/' exists that takes a left-hand operand of type 'in highp 2-component vector of float' and a right operand of type 'const int' (or there is no acceptable conversion)
[stderr] ERROR: 0:29: '/' : wrong operand types - no operation '/' exists that takes a left-hand operand of type 'in highp 2-component vector of float' and a right operand of type 'const int' (or there is no acceptable conversion)
[stderr] ERROR: 0:30: '/' : wrong operand types - no operation '/' exists that takes a left-hand operand of type 'uniform highp float' and a right operand of type 'const int' (or there is no acceptable conversion)
[stderr] ERROR: 0:31: '/' : wrong operand types - no operation '/' exists that takes a left-hand operand of type 'uniform highp float' and a right operand of type 'const int' (or there is no acceptable conversion)
[stderr] ERROR: 0:32: '/' : wrong operand types - no operation '/' exists that takes a left-hand operand of type 'uniform highp float' and a right operand of type 'const int' (or there is no acceptable conversion)
[stderr] Error on Fragment compile
[stderr] Shader: ERROR: 0:27: '/' : wrong operand types - no operation '/' exists that takes a left-hand operand of type 'in highp 2-component vector of float' and a right operand of type 'const int' (or there is no acceptable conversion)
[stderr] ERROR: 0:29: '/' : wrong operand types - no operation '/' exists that takes a left-hand operand of type 'in highp 2-component vector of float' and a right operand of type 'const int' (or there is no acceptable conversion)
[stderr] ERROR: 0:30: '/' : wrong operand types - no operation '/' exists that takes a left-hand operand of type 'uniform highp float' and a right operand of type 'const int' (or there is no acceptable conversion)
[stderr] ERROR: 0:31: '/' : wrong operand types - no operation '/' exists that takes a left-hand operand of type 'uniform highp float' and a right operand of type 'const int' (or there is no acceptable conversion)
[stderr] ERROR: 0:32: '/' : wrong operand types - no operation '/' exists that takes a left-hand operand of type 'uniform highp float' and a right operand of type 'const int' (or there is no acceptable conversion)

Converted GLSL source:
#version 300 es
precision highp float;
precision highp int;
in vec2 TexCoord;
#define tc TexCoord
out vec4 color;
uniform float alpha_r;
uniform float alpha_g;
uniform float alpha_b;
uniform float alpha;
uniform vec4 optx;
uniform vec4 random_var;
uniform float alpha_value;

uniform mat4 mv_matrix;
uniform mat4 proj_matrix;
uniform sampler2D samp;
uniform float value_alpha_r, value_alpha_g, value_alpha_b;
uniform float index_value;
uniform float time_f;

uniform float restore_black;

void main(void)
{
    color = texture(samp, tc);
    vec4 color2 = texture(samp, tc/2);
    vec4 color3 = texture(samp, tc/alpha);
    vec4 color4 = texture(samp, tc/4);
    color2[2] *= (alpha_r/2);
    color3[1] *= (alpha_g/4);
    color4[0] *= (alpha_b/8);
    color = (color * 0.4) + (color2 * 0.4) + (color3 * 0.4) + (color4 * 0.4) ;
}



================================================================================
[94] echo_xor.glsl
3D program: FAILED
2D program: FAILED

Compiler output:
[stderr] Error on Fragment compile
[stderr] Shader: ERROR: 0:27: '*' : wrong operand types - no operation '*' exists that takes a left-hand operand of type 'const int' and a right operand of type 'highp float' (or there is no acceptable conversion)
[stderr] ERROR: 0:31: '/' : wrong operand types - no operation '/' exists that takes a left-hand operand of type 'highp float' and a right operand of type 'const int' (or there is no acceptable conversion)
[stderr] ERROR: 0:43: '*' : wrong operand types - no operation '*' exists that takes a left-hand operand of type 'highp 4-component vector of float' and a right operand of type 'const int' (or there is no acceptable conversion)
[stderr] ERROR: 0:44: '*' : wrong operand types - no operation '*' exists that takes a left-hand operand of type 'highp 4-component vector of float' and a right operand of type 'const int' (or there is no acceptable conversion)
[stderr] ERROR: 0:45: '*' : wrong operand types - no operation '*' exists that takes a left-hand operand of type 'highp 4-component vector of float' and a right operand of type 'const int' (or there is no acceptable conversion)
[stderr] ERROR: 0:47: '*' : wrong operand types - no operation '*' exists that takes a left-hand operand of type 'out highp 4-component vector of float' and a right operand of type 'const int' (or there is no acceptable conversion)
[stderr] Error on Fragment compile
[stderr] Shader: ERROR: 0:27: '*' : wrong operand types - no operation '*' exists that takes a left-hand operand of type 'const int' and a right operand of type 'highp float' (or there is no acceptable conversion)
[stderr] ERROR: 0:31: '/' : wrong operand types - no operation '/' exists that takes a left-hand operand of type 'highp float' and a right operand of type 'const int' (or there is no acceptable conversion)
[stderr] ERROR: 0:43: '*' : wrong operand types - no operation '*' exists that takes a left-hand operand of type 'highp 4-component vector of float' and a right operand of type 'const int' (or there is no acceptable conversion)
[stderr] ERROR: 0:44: '*' : wrong operand types - no operation '*' exists that takes a left-hand operand of type 'highp 4-component vector of float' and a right operand of type 'const int' (or there is no acceptable conversion)
[stderr] ERROR: 0:45: '*' : wrong operand types - no operation '*' exists that takes a left-hand operand of type 'highp 4-component vector of float' and a right operand of type 'const int' (or there is no acceptable conversion)
[stderr] ERROR: 0:47: '*' : wrong operand types - no operation '*' exists that takes a left-hand operand of type 'out highp 4-component vector of float' and a right operand of type 'const int' (or there is no acceptable conversion)

Converted GLSL source:
#version 300 es
precision highp float;
precision highp int;
in vec2 TexCoord;
#define tc TexCoord
out vec4 color;
uniform float alpha_r;
uniform float alpha_g;
uniform float alpha_b;
uniform float alpha;
uniform vec4 optx;
uniform vec4 random_var;
uniform float alpha_value;

uniform mat4 mv_matrix;
uniform mat4 proj_matrix;
uniform sampler2D samp;
uniform float value_alpha_r, value_alpha_g, value_alpha_b;
uniform float index_value;
uniform float time_f;

uniform float restore_black;

vec4 xor_RGB(vec4 icolor, ivec4 isource) {
    ivec3 int_color;
    for(int i = 0; i < 3; ++i) {
        int_color[i] = int(255 * icolor[i]);
        int_color[i] = int_color[i]^isource[i];
        if(int_color[i] > 255)
            int_color[i] = int_color[i]%255;
        icolor[i] = float(int_color[i])/255;
    }
    icolor.a = 1.0;
return icolor;
}

void main(void)
{
    color = texture(samp, tc);
    vec4 color2 = texture(samp, tc /0.9);
    vec4 color3 = texture(samp, tc/ 1.5);
    vec4 color4 = texture(samp, tc/ 2.0);
    ivec4 icolor1 = ivec4(color2 * 255);
    ivec4 icolor2 = ivec4(color3 * 255);
    ivec4 icolor3 = ivec4(color4 * 255);
    color = (color * 0.4) + (color2 * 0.4) + (color3 * 0.4) + (color4 * 0.4) ;
    ivec4 icolor = ivec4(color * 255);
    icolor[0] = icolor[0] ^ icolor1[2];
    icolor[1] = icolor[1] ^ icolor2[1];
    icolor[2] = icolor[2] ^ icolor3[0];
    color = xor_RGB(color, icolor);
}



================================================================================
[95] echo_xor_color_blend.glsl
3D program: FAILED
2D program: FAILED

Compiler output:
[stderr] Error on Fragment compile
[stderr] Shader: ERROR: 0:26: '*' : wrong operand types - no operation '*' exists that takes a left-hand operand of type 'in highp 4-component vector of float' and a right operand of type 'const int' (or there is no acceptable conversion)
[stderr] ERROR: 0:28: '*' : wrong operand types - no operation '*' exists that takes a left-hand operand of type 'in highp 4-component vector of float' and a right operand of type 'const int' (or there is no acceptable conversion)
[stderr] ERROR: 0:37: '/' : wrong operand types - no operation '/' exists that takes a left-hand operand of type 'highp float' and a right operand of type 'const int' (or there is no acceptable conversion)
[stderr] ERROR: 0:48: '/' : wrong operand types - no operation '/' exists that takes a left-hand operand of type 'in highp 2-component vector of float' and a right operand of type 'const int' (or there is no acceptable conversion)
[stderr] ERROR: 0:49: '/' : wrong operand types - no operation '/' exists that takes a left-hand operand of type 'in highp 2-component vector of float' and a right operand of type 'const int' (or there is no acceptable conversion)
[stderr] ERROR: 0:50: '/' : wrong operand types - no operation '/' exists that takes a left-hand operand of type 'in highp 2-component vector of float' and a right operand of type 'const int' (or there is no acceptable conversion)
[stderr] Error on Fragment compile
[stderr] Shader: ERROR: 0:26: '*' : wrong operand types - no operation '*' exists that takes a left-hand operand of type 'in highp 4-component vector of float' and a right operand of type 'const int' (or there is no acceptable conversion)
[stderr] ERROR: 0:28: '*' : wrong operand types - no operation '*' exists that takes a left-hand operand of type 'in highp 4-component vector of float' and a right operand of type 'const int' (or there is no acceptable conversion)
[stderr] ERROR: 0:37: '/' : wrong operand types - no operation '/' exists that takes a left-hand operand of type 'highp float' and a right operand of type 'const int' (or there is no acceptable conversion)
[stderr] ERROR: 0:48: '/' : wrong operand types - no operation '/' exists that takes a left-hand operand of type 'in highp 2-component vector of float' and a right operand of type 'const int' (or there is no acceptable conversion)
[stderr] ERROR: 0:49: '/' : wrong operand types - no operation '/' exists that takes a left-hand operand of type 'in highp 2-component vector of float' and a right operand of type 'const int' (or there is no acceptable conversion)
[stderr] ERROR: 0:50: '/' : wrong operand types - no operation '/' exists that takes a left-hand operand of type 'in highp 2-component vector of float' and a right operand of type 'const int' (or there is no acceptable conversion)

Converted GLSL source:
#version 300 es
precision highp float;
precision highp int;
in vec2 TexCoord;
#define tc TexCoord
out vec4 color;
uniform float alpha_r;
uniform float alpha_g;
uniform float alpha_b;
uniform float alpha;
uniform vec4 optx;
uniform vec4 random_var;
uniform float alpha_value;

uniform mat4 mv_matrix;
uniform mat4 proj_matrix;
uniform sampler2D samp;
uniform float value_alpha_r, value_alpha_g, value_alpha_b;
uniform float index_value;
uniform float time_f;

uniform float restore_black;

vec4 color_blend(vec4 color) {
    vec4 color2 = color;
    ivec4 color_source = ivec4(color * 255);
    color = color*alpha;
    ivec4 colori = ivec4(color * 255);
    for(int i = 0; i < 3; ++i) {
        if(colori[i] >= 255)
            colori[i] = colori[i]%255;
        
        if(color_source[i] >= 255)
            color_source[i] = color_source[i]%255;
        
        colori[i] = colori[i] ^ color_source[i];
        color[i] = float(colori[i])/255;
    }
    
    for(int i = 0; i < 3; ++i)
        if(color[i] < 0.2) color[i] = color2[i];
    return color;
}

void main(void)
{
    color = texture(samp, tc);
    vec4 color2 = texture(samp, tc / 2);
    vec4 color3 = texture(samp, tc/ 4);
    vec4 color4 = texture(samp, tc/ 8);
    color = (color * 0.4) + (color2 * 0.4) + (color3 * 0.4) + (color4 * 0.4) ;
    
    color = color_blend(color);
}



================================================================================
[96] echo_xor_or_and.glsl
3D program: FAILED
2D program: FAILED

Compiler output:
[stderr] Error on Fragment compile
[stderr] Shader: ERROR: 0:27: '*' : wrong operand types - no operation '*' exists that takes a left-hand operand of type 'const int' and a right operand of type 'highp float' (or there is no acceptable conversion)
[stderr] ERROR: 0:31: '/' : wrong operand types - no operation '/' exists that takes a left-hand operand of type 'highp float' and a right operand of type 'const int' (or there is no acceptable conversion)
[stderr] ERROR: 0:43: '*' : wrong operand types - no operation '*' exists that takes a left-hand operand of type 'out highp 4-component vector of float' and a right operand of type 'const int' (or there is no acceptable conversion)
[stderr] ERROR: 0:45: '*' : wrong operand types - no operation '*' exists that takes a left-hand operand of type 'out highp 4-component vector of float' and a right operand of type 'const int' (or there is no acceptable conversion)
[stderr] ERROR: 0:49: 'xor_RGB' : no matching overloaded function found
[stderr] ERROR: 0:49: '=' : dimension mismatch
[stderr] ERROR: 0:49: 'assign' : cannot convert from 'const mediump float' to 'out highp 4-component vector of float'
[stderr] Error on Fragment compile
[stderr] Shader: ERROR: 0:27: '*' : wrong operand types - no operation '*' exists that takes a left-hand operand of type 'const int' and a right operand of type 'highp float' (or there is no acceptable conversion)
[stderr] ERROR: 0:31: '/' : wrong operand types - no operation '/' exists that takes a left-hand operand of type 'highp float' and a right operand of type 'const int' (or there is no acceptable conversion)
[stderr] ERROR: 0:43: '*' : wrong operand types - no operation '*' exists that takes a left-hand operand of type 'out highp 4-component vector of float' and a right operand of type 'const int' (or there is no acceptable conversion)
[stderr] ERROR: 0:45: '*' : wrong operand types - no operation '*' exists that takes a left-hand operand of type 'out highp 4-component vector of float' and a right operand of type 'const int' (or there is no acceptable conversion)
[stderr] ERROR: 0:49: 'xor_RGB' : no matching overloaded function found
[stderr] ERROR: 0:49: '=' : dimension mismatch
[stderr] ERROR: 0:49: 'assign' : cannot convert from 'const mediump float' to 'out highp 4-component vector of float'

Converted GLSL source:
#version 300 es
precision highp float;
precision highp int;
in vec2 TexCoord;
#define tc TexCoord
out vec4 color;
uniform float alpha_r;
uniform float alpha_g;
uniform float alpha_b;
uniform float alpha;
uniform vec4 optx;
uniform vec4 random_var;
uniform float alpha_value;

uniform mat4 mv_matrix;
uniform mat4 proj_matrix;
uniform sampler2D samp;
uniform float value_alpha_r, value_alpha_g, value_alpha_b;
uniform float index_value;
uniform float time_f;

uniform float restore_black;

vec4 xor_RGB(vec4 icolor, ivec4 isource) {
    ivec3 int_color;
    for(int i = 0; i < 3; ++i) {
        int_color[i] = int(255 * icolor[i]);
        int_color[i] = int_color[i]^isource[i];
        if(int_color[i] > 255)
            int_color[i] = int_color[i]%255;
        icolor[i] = float(int_color[i])/255;
    }
    icolor.a = 1.0;
return icolor;
}

void main(void)
{
    color = texture(samp, tc);
    vec4 color2 = texture(samp, tc /(0.9 + alpha));
    vec4 color3 = texture(samp, tc/ (1.5 + alpha));
    vec4 color4 = texture(samp, tc/ (2.0 + alpha));
    ivec4 source =ivec4(color * 255);
    color = (color * 0.4) + (color2 * 0.4) + (color3 * 0.4) + (color4 * 0.4) ;
    ivec4 blend = ivec4(color * 255);
    blend[0] = source[0] ^ blend[0];
    blend[1] = source[1] | blend[1];
    blend[2] = source[2] & blend[2];
    color = xor_RGB(blend, source);
}



================================================================================
[97] edge_face.glsl
3D program: FAILED
2D program: FAILED

Compiler output:
[stderr] Error on Fragment compile
[stderr] Shader: ERROR: 0:12: 'uniform' :  cannot initialize this type of qualifier
[stderr] ERROR: 0:13: 'uniform' :  cannot initialize this type of qualifier
[stderr] ERROR: 0:14: 'uniform' :  cannot initialize this type of qualifier
[stderr] ERROR: 0:15: 'uniform' :  cannot initialize this type of qualifier
[stderr] ERROR: 0:16: 'uniform' :  cannot initialize this type of qualifier
[stderr] Error on Fragment compile
[stderr] Shader: ERROR: 0:12: 'uniform' :  cannot initialize this type of qualifier
[stderr] ERROR: 0:13: 'uniform' :  cannot initialize this type of qualifier
[stderr] ERROR: 0:14: 'uniform' :  cannot initialize this type of qualifier
[stderr] ERROR: 0:15: 'uniform' :  cannot initialize this type of qualifier
[stderr] ERROR: 0:16: 'uniform' :  cannot initialize this type of qualifier

Converted GLSL source:
#version 300 es
precision highp float;
precision highp int;
out vec4 color;
in vec2 TexCoord;
#define tc TexCoord

uniform sampler2D samp;
uniform float time_f;
uniform vec2 iResolution;

uniform float uDistortion = 0.5;
uniform float uRotateSpeed = 1.0;
uniform float uWarpSpeed = 0.1;
uniform float uRandRate = 0.2;
uniform float uPhaseRate = 0.1;

float pingPong(float x, float len) {
    float m = mod(x, len * 2.0);
    return abs(m - len);
}

float rand(float n) {
    return fract(sin(n) * 43758.5453123);
}

void main(void) {
    vec2 center = vec2(0.5);
    vec2 off = tc - center;
    float maxR = length(vec2(0.5));
    float r = length(off);
    float nr = r / maxR;
    float ang = atan(off.y, off.x);

    float dr = nr + uDistortion * (nr * nr);
    dr = clamp(dr, 0.0, 1.0) * maxR;
    vec2 d = center + dr * vec2(cos(ang), sin(ang));
    vec2 dp = d - center;

    float tr = time_f * uRandRate;
    float tp = time_f * uPhaseRate;
    float nR = floor(tr);
    float nP = floor(tp);
    float ar = fract(tr);
    float ap = fract(tp);

    float dir0 = sign(rand(nR) - 0.5);
    float dir1 = sign(rand(nR + 1.0) - 0.5);
    float dir = mix(dir0, dir1, ar*ar*(3.0-2.0*ar));

    float ph0 = rand(nP) * 6.2831853;
    float ph1 = rand(nP + 1.0) * 6.2831853;
    float phase = mix(ph0, ph1, ap*ap*(3.0-2.0*ap));

    float rotA = dir * (phase + time_f * uRotateSpeed);
    mat2 rot = mat2(cos(rotA), -sin(rotA), sin(rotA), cos(rotA));
    vec2 rotp = rot * dp + center;

    float t = time_f * uWarpSpeed;
    vec2 w = vec2(pingPong(rotp.x + t, 1.0), pingPong(rotp.y + t, 1.0));

    color = texture(samp, w);
}


================================================================================
[98] expand_mul.glsl
3D program: FAILED
2D program: FAILED

Compiler output:
[stderr] Error on Fragment compile
[stderr] Shader: ERROR: 0:16: 'mod' : no matching overloaded function found
[stderr] Error on Fragment compile
[stderr] Shader: ERROR: 0:16: 'mod' : no matching overloaded function found

Converted GLSL source:
#version 300 es
precision highp float;
precision highp int;
out vec4 color;
in vec2 TexCoord;
#define tc TexCoord

uniform sampler2D samp;
uniform float time_f;
uniform vec2 iResolution;

void main(void) {
    float t = sin(time_f) * 0.5 + 0.5;
    vec2 center = vec2(0.5, 0.5);
    vec2 normTC = tc - center;
    float time_t = mod(time_f, 25);
    vec2 squeezed = sin(normTC * time_t) * (1.0 - t) + center;
    vec4 texColor = texture(samp, squeezed);
    color = texColor;
}


================================================================================
[99] expand_mul_fast.glsl
3D program: FAILED
2D program: FAILED

Compiler output:
[stderr] Error on Fragment compile
[stderr] Shader: ERROR: 0:16: 'mod' : no matching overloaded function found
[stderr] Error on Fragment compile
[stderr] Shader: ERROR: 0:16: 'mod' : no matching overloaded function found

Converted GLSL source:
#version 300 es
precision highp float;
precision highp int;
out vec4 color;
in vec2 TexCoord;
#define tc TexCoord

uniform sampler2D samp;
uniform float time_f;
uniform vec2 iResolution;

void main(void) {
    float t = sin(time_f) * 0.5 + 0.5;
    vec2 center = vec2(0.5, 0.5);
    vec2 normTC = tc - center;
    float time_t = mod(sin(time_f * t), 25);
    vec2 squeezed = sin(normTC * time_t) * (1.0 - t) + center;
    vec4 texColor = texture(samp, squeezed);
    color = texColor;
}


================================================================================
[100] fill_white.glsl
3D program: FAILED
2D program: FAILED

Compiler output:
[stderr] Error on Fragment compile
[stderr] Shader: ERROR: 0:27: '*' : wrong operand types - no operation '*' exists that takes a left-hand operand of type 'const int' and a right operand of type 'highp float' (or there is no acceptable conversion)
[stderr] ERROR: 0:31: '/' : wrong operand types - no operation '/' exists that takes a left-hand operand of type 'highp float' and a right operand of type 'const int' (or there is no acceptable conversion)
[stderr] ERROR: 0:45: '*' : wrong operand types - no operation '*' exists that takes a left-hand operand of type 'out highp 4-component vector of float' and a right operand of type 'const int' (or there is no acceptable conversion)
[stderr] ERROR: 0:47: '*' : wrong operand types - no operation '*' exists that takes a left-hand operand of type 'out highp 4-component vector of float' and a right operand of type 'const int' (or there is no acceptable conversion)
[stderr] ERROR: 0:51: 'xor_RGB' : no matching overloaded function found
[stderr] ERROR: 0:51: '=' : dimension mismatch
[stderr] ERROR: 0:51: 'assign' : cannot convert from 'const mediump float' to 'out highp 4-component vector of float'
[stderr] Error on Fragment compile
[stderr] Shader: ERROR: 0:27: '*' : wrong operand types - no operation '*' exists that takes a left-hand operand of type 'const int' and a right operand of type 'highp float' (or there is no acceptable conversion)
[stderr] ERROR: 0:31: '/' : wrong operand types - no operation '/' exists that takes a left-hand operand of type 'highp float' and a right operand of type 'const int' (or there is no acceptable conversion)
[stderr] ERROR: 0:45: '*' : wrong operand types - no operation '*' exists that takes a left-hand operand of type 'out highp 4-component vector of float' and a right operand of type 'const int' (or there is no acceptable conversion)
[stderr] ERROR: 0:47: '*' : wrong operand types - no operation '*' exists that takes a left-hand operand of type 'out highp 4-component vector of float' and a right operand of type 'const int' (or there is no acceptable conversion)
[stderr] ERROR: 0:51: 'xor_RGB' : no matching overloaded function found
[stderr] ERROR: 0:51: '=' : dimension mismatch
[stderr] ERROR: 0:51: 'assign' : cannot convert from 'const mediump float' to 'out highp 4-component vector of float'

Converted GLSL source:
#version 300 es
precision highp float;
precision highp int;
in vec2 TexCoord;
#define tc TexCoord
out vec4 color;
uniform float alpha_r;
uniform float alpha_g;
uniform float alpha_b;
uniform float alpha;
uniform vec4 optx;
uniform vec4 random_var;
uniform float alpha_value;

uniform mat4 mv_matrix;
uniform mat4 proj_matrix;
uniform sampler2D samp;
uniform float value_alpha_r, value_alpha_g, value_alpha_b;
uniform float index_value;
uniform float time_f;

uniform float restore_black;

vec4 xor_RGB(vec4 icolor, ivec4 isource) {
    ivec3 int_color;
    for(int i = 0; i < 3; ++i) {
        int_color[i] = int(255 * icolor[i]);
        int_color[i] = int_color[i]^isource[i];
        if(int_color[i] > 255)
            int_color[i] = int_color[i]%255;
        icolor[i] = float(int_color[i])/255;
    }
    icolor.a = 1.0;
return icolor;
}

void main(void)
{
    color = texture(samp, tc);
    
    if(color[0] > 0.9 && color[1] > 0.9 && color[2] > 0.9) {
        vec4 color2 = texture(samp, tc /(0.9 + alpha));
        vec4 color3 = texture(samp, tc/ (1.5 + alpha));
        vec4 color4 = texture(samp, tc/ (2.0 + alpha));
        ivec4 source =ivec4(color * 255);
        color = (color * 0.4) + (color2 * 0.4) + (color3 * 0.4) + (color4 * 0.4) ;
        ivec4 blend = ivec4(color * 255);
        blend[0] = source[0] ^ blend[0];
        blend[1] = source[1] | blend[1];
        blend[2] = source[2] & blend[2];
        color = xor_RGB(blend, source);
    }
}



================================================================================
[101] flash.glsl
3D program: FAILED
2D program: FAILED

Compiler output:
[stderr] Error on Fragment compile
[stderr] Shader: ERROR: 0:29: '[' : array indexes for fragment outputs must be constant integral expressions
[stderr] ERROR: 0:29: '*' : wrong operand types - no operation '*' exists that takes a left-hand operand of type 'const int' and a right operand of type 'highp float' (or there is no acceptable conversion)
[stderr] ERROR: 0:37: '[' : array indexes for fragment outputs must be constant integral expressions
[stderr] ERROR: 0:37: '*' : wrong operand types - no operation '*' exists that takes a left-hand operand of type 'const int' and a right operand of type 'highp float' (or there is no acceptable conversion)
[stderr] ERROR: 0:41: '[' : array indexes for fragment outputs must be constant integral expressions
[stderr] ERROR: 0:41: '/' : wrong operand types - no operation '/' exists that takes a left-hand operand of type 'highp float' and a right operand of type 'const int' (or there is no acceptable conversion)
[stderr] Error on Fragment compile
[stderr] Shader: ERROR: 0:29: '[' : array indexes for fragment outputs must be constant integral expressions
[stderr] ERROR: 0:29: '*' : wrong operand types - no operation '*' exists that takes a left-hand operand of type 'const int' and a right operand of type 'highp float' (or there is no acceptable conversion)
[stderr] ERROR: 0:37: '[' : array indexes for fragment outputs must be constant integral expressions
[stderr] ERROR: 0:37: '*' : wrong operand types - no operation '*' exists that takes a left-hand operand of type 'const int' and a right operand of type 'highp float' (or there is no acceptable conversion)
[stderr] ERROR: 0:41: '[' : array indexes for fragment outputs must be constant integral expressions
[stderr] ERROR: 0:41: '/' : wrong operand types - no operation '/' exists that takes a left-hand operand of type 'highp float' and a right operand of type 'const int' (or there is no acceptable conversion)

Converted GLSL source:
#version 300 es
precision highp float;
precision highp int;
in vec2 TexCoord;
#define tc TexCoord
out vec4 color;
uniform float alpha_r;
uniform float alpha_g;
uniform float alpha_b;
uniform float alpha;
uniform vec4 optx;
uniform vec4 random_var;
uniform float alpha_value;

uniform mat4 mv_matrix;
uniform mat4 proj_matrix;
uniform sampler2D samp;
uniform float value_alpha_r, value_alpha_g, value_alpha_b;
uniform float index_value;
uniform float time_f;

uniform float restore_black;

void main(void)
{
    color = texture(samp, tc);
    ivec3 source;
    for(int i = 0; i < 3; ++i) {
        source[i] = int(255 * color[i]);
    }
    color[0] += (color[0]*alpha_r);
    color[1] += (color[1]*alpha_g);
    color[2] += (color[2]*alpha_b);
    
    ivec3 int_color;
    for(int i = 0; i < 3; ++i) {
        int_color[i] = int(255 * color[i]);
        int_color[i] = int_color[i]^source[i];
        if(int_color[i] > 255)
            int_color[i] = int_color[i]%255;
        color[i] = float(int_color[i])/255;
    }
}



================================================================================
[102] flash_gradient_strobe.glsl
3D program: FAILED
2D program: FAILED

Compiler output:
[stderr] Error on Fragment compile
[stderr] Shader: ERROR: 0:32: '/' : wrong operand types - no operation '/' exists that takes a left-hand operand of type 'highp float' and a right operand of type 'const int' (or there is no acceptable conversion)
[stderr] Error on Fragment compile
[stderr] Shader: ERROR: 0:32: '/' : wrong operand types - no operation '/' exists that takes a left-hand operand of type 'highp float' and a right operand of type 'const int' (or there is no acceptable conversion)

Converted GLSL source:
#version 300 es
precision highp float;
precision highp int;
in vec2 TexCoord;
#define tc TexCoord
out vec4 color;
uniform float alpha_r;
uniform float alpha_g;
uniform float alpha_b;
uniform float alpha;
uniform vec4 optx;
in vec4 random_value;
uniform vec4 random_var;
uniform float alpha_value;

uniform mat4 mv_matrix;
uniform mat4 proj_matrix;
uniform sampler2D samp;
uniform float value_alpha_r, value_alpha_g, value_alpha_b;
uniform float index_value;
uniform float time_f;
uniform vec2 iResolution;

uniform float restore_black;
in vec2 iResolution_;

void main(void)
{
    color = texture(samp, tc);
    vec2 pos = gl_FragCoord.xy / iResolution_.xy;
    vec4 l = vec4(alpha_r, alpha_g, alpha_b,1.0);
    color = vec4(pos, random_value[0]/255, 1) * l * color * alpha;
}



================================================================================
[103] focus.glsl
3D program: FAILED
2D program: FAILED

Compiler output:
[stderr] Error on Fragment compile
[stderr] Shader: ERROR: 0:21: 'mod' : no matching overloaded function found
[stderr] Error on Fragment compile
[stderr] Shader: ERROR: 0:21: 'mod' : no matching overloaded function found

Converted GLSL source:
#version 300 es
precision highp float;
precision highp int;
out vec4 color;
in vec2 TexCoord;
#define tc TexCoord

uniform sampler2D samp;
uniform vec2 iResolution;
uniform float time_f;
float noise(vec2 st) {
    return fract(sin(dot(st.xy, vec2(12.9898,78.233))) * 43758.5453123);
}

void main(void) {
    vec2 uv = tc;
    float time = time_f * 0.5;
    float noiseValue = noise(uv * 10.0 + time);
    vec2 heatWaveOffset = vec2(noiseValue - 0.5, 0.0) * 0.02;
    
    float time_t = mod(time_f, 10);
    vec2 nuv = uv + sin(heatWaveOffset * time_t);

    
    vec4 texColor = texture(samp, nuv);
    color = texColor;
}



================================================================================
[104] funny_mirror.glsl
3D program: FAILED
2D program: FAILED

Compiler output:
[stderr] Error on Fragment compile
[stderr] Shader: ERROR: 0:19: '/' : wrong operand types - no operation '/' exists that takes a left-hand operand of type 'highp 2-component vector of float' and a right operand of type 'const int' (or there is no acceptable conversion)
[stderr] Error on Fragment compile
[stderr] Shader: ERROR: 0:19: '/' : wrong operand types - no operation '/' exists that takes a left-hand operand of type 'highp 2-component vector of float' and a right operand of type 'const int' (or there is no acceptable conversion)

Converted GLSL source:
#version 300 es
precision highp float;
precision highp int;
out vec4 color;
in vec2 TexCoord;
#define tc TexCoord

uniform sampler2D samp;
uniform float time_f;
uniform vec2 iResolution;

void main(void) {
    
    float loop_dur = 15.0;
    float current_t = mod(time_f, loop_dur);
 
    vec2 uv = (tc - 0.5) * (iResolution.x / iResolution.y, 1.0);
    float radius = length(uv) * current_t;
    vec2 coord = sin(tc * radius/2);
       
    
    color = texture(samp, coord);
}


================================================================================
[105] funnymirror2.glsl
3D program: FAILED
2D program: FAILED

Compiler output:
[stderr] Error on Fragment compile
[stderr] Shader: ERROR: 0:19: '/' : wrong operand types - no operation '/' exists that takes a left-hand operand of type 'highp 2-component vector of float' and a right operand of type 'const int' (or there is no acceptable conversion)
[stderr] Error on Fragment compile
[stderr] Shader: ERROR: 0:19: '/' : wrong operand types - no operation '/' exists that takes a left-hand operand of type 'highp 2-component vector of float' and a right operand of type 'const int' (or there is no acceptable conversion)

Converted GLSL source:
#version 300 es
precision highp float;
precision highp int;
out vec4 color;
in vec2 TexCoord;
#define tc TexCoord

uniform sampler2D samp;
uniform float time_f;
uniform vec2 iResolution;

void main(void) {
    
    float loop_dur = 15.0;
    float current_t = mod(time_f, loop_dur);
 
    vec2 uv = (tc - 0.5) * (iResolution.x / iResolution.y, 1.0);
    float radius = length(uv) * current_t;
    vec2 coord = sin(tc*time_f * radius/2);
       
    
    color = texture(samp, coord);
}


================================================================================
[106] gem_frac_spir.glsl
3D program: FAILED
2D program: FAILED

Compiler output:
[stderr] Error on Fragment compile
[stderr] Shader: ERROR: 0:15: '*' : wrong operand types - no operation '*' exists that takes a left-hand operand of type 'in highp 4-component vector of float' and a right operand of type 'const int' (or there is no acceptable conversion)
[stderr] ERROR: 0:17: '*' : wrong operand types - no operation '*' exists that takes a left-hand operand of type 'const int' and a right operand of type 'highp float' (or there is no acceptable conversion)
[stderr] ERROR: 0:21: '/' : wrong operand types - no operation '/' exists that takes a left-hand operand of type 'highp float' and a right operand of type 'const int' (or there is no acceptable conversion)
[stderr] Error on Fragment compile
[stderr] Shader: ERROR: 0:15: '*' : wrong operand types - no operation '*' exists that takes a left-hand operand of type 'in highp 4-component vector of float' and a right operand of type 'const int' (or there is no acceptable conversion)
[stderr] ERROR: 0:17: '*' : wrong operand types - no operation '*' exists that takes a left-hand operand of type 'const int' and a right operand of type 'highp float' (or there is no acceptable conversion)
[stderr] ERROR: 0:21: '/' : wrong operand types - no operation '/' exists that takes a left-hand operand of type 'highp float' and a right operand of type 'const int' (or there is no acceptable conversion)

Converted GLSL source:
#version 300 es
precision highp float;
precision highp int;

in vec2 TexCoord;
#define tc TexCoord
out vec4 color;
uniform sampler2D samp;
uniform float time_f;
uniform vec2 iResolution;

// Your original XOR logic
vec4 xor_RGB(vec4 icolor, vec4 source) {
    ivec3 int_color;
    ivec4 isource = ivec4(source * 255);
    for(int i = 0; i < 3; ++i) {
        int_color[i] = int(255 * icolor[i]);
        int_color[i] = int_color[i]^isource[i];
        if(int_color[i] > 255)
            int_color[i] = int_color[i]%255;
        icolor[i] = float(int_color[i])/255;
    }
    icolor.a = 1.0;
    return icolor;
}

float pingPong(float x, float length) {
    float modVal = mod(x, length * 2.0);
    return modVal <= length ? modVal : length * 2.0 - modVal;
}

// Optimization: Using textureLod or a smaller kernel for performance if needed, 
// but keeping your specific blur logic here.
vec4 blur(sampler2D image, vec2 uv, vec2 resolution) {
    vec2 texelSize = 1.0 / resolution;
    vec4 result = vec4(0.0);
    float kernelVals[100] = float[](0.5, 1.0, 1.5, 2.0, 2.5, 2.5, 2.0, 1.5, 1.0, 0.5,
                                    1.0, 2.0, 2.5, 3.0, 3.5, 3.5, 3.0, 2.5, 2.0, 1.0,
                                    1.5, 2.5, 3.0, 3.5, 4.0, 4.0, 3.5, 3.0, 2.5, 1.5,
                                    2.0, 3.0, 3.5, 4.0, 4.5, 4.5, 4.0, 3.5, 3.0, 2.0,
                                    2.5, 3.5, 4.0, 4.5, 5.0, 5.0, 4.5, 4.0, 3.5, 2.5,
                                    2.5, 3.5, 4.0, 4.5, 5.0, 5.0, 4.5, 4.0, 3.5, 2.5,
                                    2.0, 3.0, 3.5, 4.0, 4.5, 4.5, 4.0, 3.5, 3.0, 2.0,
                                    1.5, 2.5, 3.0, 3.5, 4.0, 4.0, 3.5, 3.0, 2.5, 1.5,
                                    1.0, 2.0, 2.5, 3.0, 3.5, 3.5, 3.0, 2.5, 2.0, 1.0,
                                    0.5, 1.0, 1.5, 2.0, 2.5, 2.5, 2.0, 1.5, 1.0, 0.5);
    float kernelSum = 842.0;
    for (int x = -5; x <= 4; ++x) {
        for (int y = -5; y <= 4; ++y) {
            vec2 offset = vec2(float(x), float(y)) * texelSize;
            result += texture(image, uv + offset) * kernelVals[(y + 5) * 10 + (x + 5)];
        }
    }
    return result / kernelSum;
}

mat2 rotate2d(float a) {
    return mat2(cos(a), -sin(a), sin(a), cos(a));
}

void main(void) {
    // 1. Fractal & Spiral Coordinates
    vec2 uv = tc * 2.0 - 1.0;
    uv.x *= iResolution.x / iResolution.y;

    float t_spiral = pingPong(time_f * 0.5, 5.0);
    float t_zoom = 1.0 + 0.5 * sin(time_f * 0.3);
    
    // Iterative Fractal folding
    for(int i = 0; i < 4; i++) {
        uv = abs(uv) - 0.5; // Mirror fold
        uv *= rotate2d(t_spiral * 0.2 + float(i)); // Rotate each fold
        uv *= t_zoom; // Iterative zoom
    }

    // Convert to spiral polar coordinates
    float r = length(uv);
    float angle = atan(uv.y, uv.x);
    float spiral = angle + log(r + 0.1) * t_spiral;

    // 2. Texture Sampling & Blur
    // We use the distorted 'fractal' UVs to sample the texture
    vec2 fractalTC = fract(uv * 0.5 + 0.5);
    vec4 tcolor = blur(samp, fractalTC, iResolution);

    // 3. Color Logic
    float time_t = pingPong(time_f, 10.0) + 2.0;
    
    // Cycle rainbow through the spiral
    vec3 rainbow_color = 0.5 + 0.5 * cos(6.28318 * (spiral + time_f * 0.5 + vec3(0,2,4)/3.0));
    vec3 blended_color = mix(tcolor.rgb, rainbow_color, 0.6);

    // 4. XOR Post-Processing
    // Applying your XOR logic to the fractalized rainbow colors
    vec4 xorColor = xor_RGB(
        vec4(sin(blended_color * time_t), 1.0), 
        vec4(cos(blended_color * time_t), 1.0)
    );

    // Adding a subtle vignette based on original distance
    float vign = smoothstep(1.5, 0.2, length(tc * 2.0 - 1.0));
    color = vec4(xorColor.rgb * vign, tcolor.a);
}

================================================================================
[107] geo-pi.glsl
3D program: FAILED
2D program: FAILED

Compiler output:
[stderr] Error on Fragment compile
[stderr] Shader: ERROR: 0:2: '
[stderr] ' : #version directive must occur on the first line of the shader
[stderr] ERROR: 0:5: 'out' : storage qualifier supported in GLSL ES 3.00 and above only
[stderr] ERROR: 0:6: 'in' : storage qualifier supported in GLSL ES 3.00 and above only
[stderr] ERROR: 0:22: 'pingPong' : no matching overloaded function found
[stderr] ERROR: 0:32: 'texture' : no matching overloaded function found
[stderr] ERROR: 0:32: '=' : dimension mismatch
[stderr] ERROR: 0:32: '=' : cannot convert from 'const mediump float' to 'highp 4-component vector of float'
[stderr] Error on Fragment compile
[stderr] Shader: ERROR: 0:2: '
[stderr] ' : #version directive must occur on the first line of the shader
[stderr] ERROR: 0:5: 'out' : storage qualifier supported in GLSL ES 3.00 and above only
[stderr] ERROR: 0:6: 'in' : storage qualifier supported in GLSL ES 3.00 and above only
[stderr] ERROR: 0:22: 'pingPong' : no matching overloaded function found
[stderr] ERROR: 0:32: 'texture' : no matching overloaded function found
[stderr] ERROR: 0:32: '=' : dimension mismatch
[stderr] ERROR: 0:32: '=' : cannot convert from 'const mediump float' to 'highp 4-component vector of float'

Converted GLSL source:

#version 300 es
precision highp float;
precision highp int;
out vec4 color;
in vec2 TexCoord;
#define tc TexCoord
uniform sampler2D samp;
uniform vec2 iResolution;
uniform float time_f;

float PI = 3.1415926535897932384626433832795;

float pingPong(float x, float length) {
    float m = mod(x, length * 2.0);
    return m <= length ? m : length * 2.0 - m;
}


void main(void) {
    vec2 uv = tc * iResolution / vec2(iResolution.y);
    float time = pingPong(time_f * PI, 10) *  0.5;
    float time_t = mod(time_f, 10.0);
    float angle = time;
    vec2 center = vec2(0.5, 0.5) * iResolution / vec2(iResolution.y);
    vec2 toCenter = uv - center;
    float radius = length(toCenter);
    float theta = atan(toCenter.y, toCenter.x) + time;
    float pattern = abs(sin(12.0 * theta) * cos(12.0 * radius * (pingPong(time_f * PI, 20.0))));
    vec3 colorShift = vec3(0.5 * sin(time) + 0.5, 0.5 * cos(time) + 0.5, sin(radius - (pingPong(time * PI, 10.0))));
    vec3 finalColor = (0.2 + 0.8 * pattern) + colorShift * pattern;
    vec4 text_color = texture(samp, tc);
    vec4 fc = vec4(finalColor, 1.0);
    color = mix(text_color, fc, 0.3);
}


================================================================================
[108] geometric.glsl
3D program: FAILED
2D program: FAILED

Compiler output:
[stderr] Error on Fragment compile
[stderr] Shader: ERROR: 0:2: '
[stderr] ' : #version directive must occur on the first line of the shader
[stderr] ERROR: 0:5: 'out' : storage qualifier supported in GLSL ES 3.00 and above only
[stderr] ERROR: 0:6: 'in' : storage qualifier supported in GLSL ES 3.00 and above only
[stderr] ERROR: 0:23: 'texture' : no matching overloaded function found
[stderr] ERROR: 0:23: '=' : dimension mismatch
[stderr] ERROR: 0:23: '=' : cannot convert from 'const mediump float' to 'highp 4-component vector of float'
[stderr] Error on Fragment compile
[stderr] Shader: ERROR: 0:2: '
[stderr] ' : #version directive must occur on the first line of the shader
[stderr] ERROR: 0:5: 'out' : storage qualifier supported in GLSL ES 3.00 and above only
[stderr] ERROR: 0:6: 'in' : storage qualifier supported in GLSL ES 3.00 and above only
[stderr] ERROR: 0:23: 'texture' : no matching overloaded function found
[stderr] ERROR: 0:23: '=' : dimension mismatch
[stderr] ERROR: 0:23: '=' : cannot convert from 'const mediump float' to 'highp 4-component vector of float'

Converted GLSL source:

#version 300 es
precision highp float;
precision highp int;
out vec4 color;
in vec2 TexCoord;
#define tc TexCoord
uniform sampler2D samp;
uniform vec2 iResolution;
uniform float time_f;
void main(void) {
    vec2 uv = tc * iResolution / vec2(iResolution.y);
    float time = time_f * 0.5;
    float time_t = mod(time_f, 10.0);
    float angle = time;
    vec2 center = vec2(0.5, 0.5) * iResolution / vec2(iResolution.y);
    vec2 toCenter = uv - center;
    float radius = length(toCenter);
    float theta = atan(toCenter.y, toCenter.x) + time;
    float pattern = abs(sin(12.0 * theta) * cos(12.0 * radius));
    vec3 colorShift = vec3(0.5 * sin(time) + 0.5, 0.5 * cos(time) + 0.5, sin(radius - time));
    vec3 finalColor = (0.2 + 0.8 * pattern) + colorShift * pattern;
    vec4 text_color = texture(samp, tc);
    vec4 fc = vec4(finalColor, 1.0);
    color = mix(text_color, fc, 0.3);
}


================================================================================
[109] geometric2.glsl
3D program: FAILED
2D program: FAILED

Compiler output:
[stderr] Error on Fragment compile
[stderr] Shader: ERROR: 0:2: '
[stderr] ' : #version directive must occur on the first line of the shader
[stderr] ERROR: 0:5: 'out' : storage qualifier supported in GLSL ES 3.00 and above only
[stderr] ERROR: 0:6: 'in' : storage qualifier supported in GLSL ES 3.00 and above only
[stderr] ERROR: 0:23: 'texture' : no matching overloaded function found
[stderr] ERROR: 0:23: '=' : dimension mismatch
[stderr] ERROR: 0:23: '=' : cannot convert from 'const mediump float' to 'highp 4-component vector of float'
[stderr] Error on Fragment compile
[stderr] Shader: ERROR: 0:2: '
[stderr] ' : #version directive must occur on the first line of the shader
[stderr] ERROR: 0:5: 'out' : storage qualifier supported in GLSL ES 3.00 and above only
[stderr] ERROR: 0:6: 'in' : storage qualifier supported in GLSL ES 3.00 and above only
[stderr] ERROR: 0:23: 'texture' : no matching overloaded function found
[stderr] ERROR: 0:23: '=' : dimension mismatch
[stderr] ERROR: 0:23: '=' : cannot convert from 'const mediump float' to 'highp 4-component vector of float'

Converted GLSL source:

#version 300 es
precision highp float;
precision highp int;
out vec4 color;
in vec2 TexCoord;
#define tc TexCoord
uniform sampler2D samp;
uniform vec2 iResolution;
uniform float time_f;
void main(void) {
    vec2 uv = tc * iResolution / vec2(iResolution.y);
    float time = time_f * 0.5;
    float time_t = mod(time_f, 10.0);
    float angle = time;
    vec2 center = vec2(0.5, 0.5) * iResolution / vec2(iResolution.y);
    vec2 toCenter = uv - center;
    float radius = length(toCenter);
    float theta = atan(toCenter.y, toCenter.x) + time;
    float pattern = abs(sin(12.0 * theta) * cos(12.0 * radius));
    vec3 colorShift = vec3(0.5 * sin(time) + 0.5, 0.5 * cos(time) + 0.5, sin(radius - time));
    vec3 finalColor = (0.2 + 0.8 * pattern) + colorShift * pattern;
    vec4 text_color = texture(samp, tc);
    vec4 fc = vec4(finalColor, 1.0);
    color = sin(mix(text_color, fc, 0.3) * time);
    color.a = 1.0;
}


================================================================================
[110] geometric3.glsl
3D program: FAILED
2D program: FAILED

Compiler output:
[stderr] Error on Fragment compile
[stderr] Shader: ERROR: 0:2: '
[stderr] ' : #version directive must occur on the first line of the shader
[stderr] ERROR: 0:5: 'out' : storage qualifier supported in GLSL ES 3.00 and above only
[stderr] ERROR: 0:6: 'in' : storage qualifier supported in GLSL ES 3.00 and above only
[stderr] ERROR: 0:23: 'texture' : no matching overloaded function found
[stderr] ERROR: 0:23: '=' : dimension mismatch
[stderr] ERROR: 0:23: '=' : cannot convert from 'const mediump float' to 'highp 4-component vector of float'
[stderr] Error on Fragment compile
[stderr] Shader: ERROR: 0:2: '
[stderr] ' : #version directive must occur on the first line of the shader
[stderr] ERROR: 0:5: 'out' : storage qualifier supported in GLSL ES 3.00 and above only
[stderr] ERROR: 0:6: 'in' : storage qualifier supported in GLSL ES 3.00 and above only
[stderr] ERROR: 0:23: 'texture' : no matching overloaded function found
[stderr] ERROR: 0:23: '=' : dimension mismatch
[stderr] ERROR: 0:23: '=' : cannot convert from 'const mediump float' to 'highp 4-component vector of float'

Converted GLSL source:

#version 300 es
precision highp float;
precision highp int;
out vec4 color;
in vec2 TexCoord;
#define tc TexCoord
uniform sampler2D samp;
uniform vec2 iResolution;
uniform float time_f;
void main(void) {
    vec2 uv = tc * iResolution / vec2(iResolution.y);
    float time = time_f * 0.5;
    float time_t = mod(time_f, 15.0);
    float angle = time;
    vec2 center = vec2(0.5, 0.5) * iResolution / vec2(iResolution.y);
    vec2 toCenter = uv - center;
    float radius = length(toCenter);
    float theta = atan(toCenter.y, toCenter.x) + time;
    float pattern = abs(sin(12.0 * theta) * cos(12.0 * radius));
    vec3 colorShift = vec3(0.5 * sin(time) + 0.5, 0.5 * cos(time) + 0.5, sin(radius - time));
    vec3 finalColor = (0.2 + 0.8 * pattern) + colorShift * pattern;
    vec4 text_color = texture(samp, tc);
    vec4 fc = vec4(finalColor, 1.0);
    color = sin(mix(text_color, fc, 0.3) * length(time_t));
    color.a = 1.0;
}


================================================================================
[111] glitch_effect.glsl
3D program: FAILED
2D program: FAILED

Compiler output:
[stderr] Linking failed...
[stderr] Program: FRAGMENT varying random_value does not match any VERTEX varying
[stderr] Linking failed...
[stderr] Program: FRAGMENT varying random_value does not match any VERTEX varying

Converted GLSL source:
#version 300 es
precision highp float;
precision highp int;
in vec2 TexCoord;
#define tc TexCoord
out vec4 color;
uniform float alpha_r;
uniform float alpha_g;
uniform float alpha_b;
uniform float alpha;
uniform vec4 optx;
in vec4 random_value;
uniform vec4 random_var;
uniform float alpha_value;
uniform mat4 mv_matrix;
uniform mat4 proj_matrix;
uniform sampler2D samp;
uniform float value_alpha_r, value_alpha_g, value_alpha_b;
uniform float index_value;
uniform float time_f;
uniform vec2 iResolution;

uniform float restore_black;
uniform vec4 inc_valuex;
uniform vec4 inc_value;

void main(void)
{
    float time = time_f * 0.2;
    vec2 glitchOffset = vec2(sin(time * 2.0) * 0.005, cos(time * 3.0) * 0.005);
    glitchOffset += vec2(random_value.x * 0.005, random_value.y * 0.005);
    
    vec2 tcOffset = tc + glitchOffset;
    
    vec4 baseColor = texture(samp, tcOffset);
    vec4 glitchColor = texture(samp, tc + glitchOffset * 2.0);
    
    color = mix(baseColor, glitchColor, 0.5);
    color.rgb *= vec3(1.0 + sin(time_f * 5.0) * 0.1, 1.0 + cos(time_f * 5.0) * 0.1, 1.0 + sin(time_f * 7.0) * 0.1);
}


================================================================================
[112] gptsmooth.glsl
3D program: FAILED
2D program: FAILED

Compiler output:
[stderr] Error on Fragment compile
[stderr] Shader: ERROR: 0:39: '*' : wrong operand types - no operation '*' exists that takes a left-hand operand of type 'const float' and a right operand of type 'highp int' (or there is no acceptable conversion)
[stderr] ERROR: 0:39: '*' : wrong operand types - no operation '*' exists that takes a left-hand operand of type 'const float' and a right operand of type 'highp int' (or there is no acceptable conversion)
[stderr] Error on Fragment compile
[stderr] Shader: ERROR: 0:39: '*' : wrong operand types - no operation '*' exists that takes a left-hand operand of type 'const float' and a right operand of type 'highp int' (or there is no acceptable conversion)
[stderr] ERROR: 0:39: '*' : wrong operand types - no operation '*' exists that takes a left-hand operand of type 'const float' and a right operand of type 'highp int' (or there is no acceptable conversion)

Converted GLSL source:
#version 300 es
precision highp float;
precision highp int;
in vec2 TexCoord;
#define tc TexCoord
out vec4 color;
uniform sampler2D samp;
uniform float time_f;
uniform vec2 iResolution;

vec4 xor_RGB(vec4 icolor, vec4 source) {
    ivec3 int_color = ivec3(icolor.rgb * 255.0);
    ivec3 isource = ivec3(source.rgb * 255.0);
    for(int i = 0; i < 3; ++i) {
        int_color[i] = int_color[i] ^ isource[i];
        int_color[i] = int_color[i] % 256; // Ensure value stays within 0-255
        icolor[i] = float(int_color[i]) / 255.0;
    }
    icolor.a = 1.0;
    icolor.a = 1.0;
return icolor;
}

float pingPong(float x, float length) {
    float modVal = mod(x, length * 2.0);
    return modVal <= length ? modVal : length * 2.0 - modVal;
}

vec4 enhancedBlur(sampler2D image, vec2 uv, vec2 resolution) {
    vec2 texelSize = 1.0 / resolution;
    vec4 result = vec4(0.0);
    float totalWeight = 0.0;

    // Adjust the blur radius for a stronger effect
    int radius = 5;
    for (int x = -radius; x <= radius; ++x) {
        for (int y = -radius; y <= radius; ++y) {
            float distance = length(vec2(x, y));
            float weight = exp(-distance * distance / (2.0 * radius * radius));
            vec2 offset = vec2(x, y) * texelSize;
            result += texture(image, uv + offset) * weight;
            totalWeight += weight;
        }
    }
    return result / totalWeight;
}

void main(void) {
    vec2 uv = tc;

    // Introduce a subtle wave effect for more dynamism
    uv.x += sin(uv.y * 20.0 + time_f * 2.0) * 0.005;
    uv.y += cos(uv.x * 20.0 + time_f * 2.0) * 0.005;

    vec4 tcolor = enhancedBlur(samp, uv, iResolution);

    // Modify time variable for smoother transitions
    float time_t = pingPong(time_f * 0.3, 5.0) + 1.0;

    // Create a dynamic color modulation using time and position
    vec4 modColor = vec4(
        tcolor.r * (0.5 + 0.5 * sin(time_f + uv.x * 10.0)),
        tcolor.g * (0.5 + 0.5 * sin(time_f + uv.y * 10.0)),
        tcolor.b * (0.5 + 0.5 * sin(time_f + (uv.x + uv.y) * 5.0)),
        tcolor.a
    );

    color = xor_RGB(sin(tcolor * time_f), modColor);

    // Enhance contrast for a more pronounced effect
    color.rgb = pow(color.rgb, vec3(1.2));
}

================================================================================
[113] grad.glsl
3D program: FAILED
2D program: FAILED

Compiler output:
[stderr] Error on Fragment compile
[stderr] Shader: ERROR: 0:52: 'mod' : no matching overloaded function found
[stderr] Error on Fragment compile
[stderr] Shader: ERROR: 0:52: 'mod' : no matching overloaded function found

Converted GLSL source:
#version 300 es
precision highp float;
precision highp int;
out vec4 color;
in vec2 TexCoord;
#define tc TexCoord
uniform sampler2D samp;
uniform vec2 iResolution;
uniform float time_f;
float rand(vec2 co) {
    return fract(sin(dot(co.xy, vec2(12.9898, 78.233))) * 43758.5453);
}

vec4 xor_RGB(vec4 icolor, vec4 source) {
    // Convert to integer RGB values (0-255)
    ivec3 int_color = ivec3(icolor.rgb * 255.0);
    ivec3 isource = ivec3(source.rgb * 255.0);

    // Perform XOR operation and ensure values stay within 0-255
    for (int i = 0; i < 3; ++i) {
        int_color[i] = (int_color[i] ^ isource[i]) % 256;
    }

    // Convert back to normalized float RGB
    vec3 result_color = vec3(int_color) / 255.0;

    // Ensure a minimum brightness to avoid black output
    result_color = max(result_color, vec3(0.1)); // Minimum brightness of 0.1 per channel

    return vec4(result_color, 1.0); // Preserve original alpha
}

void main(void) {

    if(time_f == 0.0) {
        color = vec4(1, 1, 1, 1);
        return;
    }

    vec2 uv = tc;
    vec2 warp = uv + vec2(
        sin(uv.y * 10.0 + time_f) * 0.1,
        sin(uv.x * 10.0 + time_f) * 0.1
    );
    vec3 colorShift = vec3(
        0.5 * sin(time_f * 0.5) + 0.5,
        0.5 * sin(time_f * 0.7 + 2.0) + 0.5,
        0.5 * sin(time_f * 0.3 + 4.0) + 0.5
    );
    float feedback = rand(uv + time_f);
    vec2 feedbackUv = tc;
    float time_t = mod(time_f, 50);
    vec4 texColor = texture(samp, feedbackUv);
    vec3 finalColor = texColor.rgb + colorShift;
    color = vec4(finalColor, texColor.a);
    color = color * (0.5 + 0.5 * sin(texColor * time_t));
    color = xor_RGB(color, texColor);
    color.rgb = clamp(color.rgb, vec3(0.2), vec3(1.0));
    color.a = 1.0;
}


================================================================================
[114] grad2.glsl
3D program: FAILED
2D program: FAILED

Compiler output:
[stderr] Error on Fragment compile
[stderr] Shader: ERROR: 0:16: '*' : wrong operand types - no operation '*' exists that takes a left-hand operand of type 'in highp 4-component vector of float' and a right operand of type 'const int' (or there is no acceptable conversion)
[stderr] ERROR: 0:18: '*' : wrong operand types - no operation '*' exists that takes a left-hand operand of type 'const int' and a right operand of type 'highp float' (or there is no acceptable conversion)
[stderr] ERROR: 0:22: '/' : wrong operand types - no operation '/' exists that takes a left-hand operand of type 'highp float' and a right operand of type 'const int' (or there is no acceptable conversion)
[stderr] ERROR: 0:41: 'mod' : no matching overloaded function found
[stderr] Error on Fragment compile
[stderr] Shader: ERROR: 0:16: '*' : wrong operand types - no operation '*' exists that takes a left-hand operand of type 'in highp 4-component vector of float' and a right operand of type 'const int' (or there is no acceptable conversion)
[stderr] ERROR: 0:18: '*' : wrong operand types - no operation '*' exists that takes a left-hand operand of type 'const int' and a right operand of type 'highp float' (or there is no acceptable conversion)
[stderr] ERROR: 0:22: '/' : wrong operand types - no operation '/' exists that takes a left-hand operand of type 'highp float' and a right operand of type 'const int' (or there is no acceptable conversion)
[stderr] ERROR: 0:41: 'mod' : no matching overloaded function found

Converted GLSL source:
#version 300 es
precision highp float;
precision highp int;
out vec4 color;
in vec2 TexCoord;
#define tc TexCoord
uniform sampler2D samp;
uniform vec2 iResolution;
uniform float time_f;
float rand(vec2 co) {
    return fract(sin(dot(co.xy, vec2(12.9898, 78.233))) * 43758.5453);
}

vec4 xor_RGB(vec4 icolor, vec4 source) {
    ivec3 int_color;
    ivec4 isource = ivec4(source * 255);
    for(int i = 0; i < 3; ++i) {
        int_color[i] = int(255 * icolor[i]);
        int_color[i] = int_color[i]^isource[i];
        if(int_color[i] > 255)
            int_color[i] = int_color[i]%255;
        icolor[i] = float(int_color[i])/255;
    }
    icolor.a = 1.0;
return icolor;
}

void main(void) {
    vec2 uv = tc;
    vec2 warp = uv + vec2(
        sin(uv.y * 10.0 + time_f) * 0.1,
        sin(uv.x * 10.0 + time_f) * 0.1
    );
    vec3 colorShift = vec3(
        0.5 * sin(time_f * 0.5) + 0.5,
        0.5 * sin(time_f * 0.7 + 2.0) + 0.5,
        0.5 * sin(time_f * 0.3 + 4.0) + 0.5
    );
    float feedback = rand(uv + time_f);
    vec2 feedbackUv = tc;
    float time_t = mod(time_f, 50);
    vec4 texColor = texture(samp, feedbackUv);
    vec3 finalColor = texColor.rgb + colorShift;
    color = vec4(finalColor, texColor.a);
    color = color * sin(texColor * log(time_t));
    color.a = 1.0;
}


================================================================================
[115] grad3.glsl
3D program: FAILED
2D program: FAILED

Compiler output:
[stderr] Error on Fragment compile
[stderr] Shader: ERROR: 0:16: '*' : wrong operand types - no operation '*' exists that takes a left-hand operand of type 'in highp 4-component vector of float' and a right operand of type 'const int' (or there is no acceptable conversion)
[stderr] ERROR: 0:18: '*' : wrong operand types - no operation '*' exists that takes a left-hand operand of type 'const int' and a right operand of type 'highp float' (or there is no acceptable conversion)
[stderr] ERROR: 0:22: '/' : wrong operand types - no operation '/' exists that takes a left-hand operand of type 'highp float' and a right operand of type 'const int' (or there is no acceptable conversion)
[stderr] ERROR: 0:39: 'mod' : no matching overloaded function found
[stderr] Error on Fragment compile
[stderr] Shader: ERROR: 0:16: '*' : wrong operand types - no operation '*' exists that takes a left-hand operand of type 'in highp 4-component vector of float' and a right operand of type 'const int' (or there is no acceptable conversion)
[stderr] ERROR: 0:18: '*' : wrong operand types - no operation '*' exists that takes a left-hand operand of type 'const int' and a right operand of type 'highp float' (or there is no acceptable conversion)
[stderr] ERROR: 0:22: '/' : wrong operand types - no operation '/' exists that takes a left-hand operand of type 'highp float' and a right operand of type 'const int' (or there is no acceptable conversion)
[stderr] ERROR: 0:39: 'mod' : no matching overloaded function found

Converted GLSL source:
#version 300 es
precision highp float;
precision highp int;
out vec4 color;
in vec2 TexCoord;
#define tc TexCoord
uniform sampler2D samp;
uniform vec2 iResolution;
uniform float time_f;
float rand(vec2 co) {
    return fract(sin(dot(co.xy, vec2(12.9898, 78.233))) * 43758.5453);
}

vec4 xor_RGB(vec4 icolor, vec4 source) {
    ivec3 int_color;
    ivec4 isource = ivec4(source * 255);
    for(int i = 0; i < 3; ++i) {
        int_color[i] = int(255 * icolor[i]);
        int_color[i] = int_color[i]^isource[i];
        if(int_color[i] > 255)
            int_color[i] = int_color[i]%255;
        icolor[i] = float(int_color[i])/255;
    }
    icolor.a = 1.0;
return icolor;
}

void main(void) {
    vec2 uv = tc;
    vec2 warp = uv + vec2(
        sin(uv.y * 10.0 + time_f) * 0.1,
        sin(uv.x * 20.0 + time_f) * 0.1
    );
    vec3 colorShift = vec3(
        0.2 * sin(time_f * 0.2) + 0.8,
        0.4 * sin(time_f * 0.4 + 6.0) + 0.5,
        0.8 * sin(time_f * 0.6 + 4.0) + 0.5
    );
    float time_t = mod(time_f, 50);
    float feedback = rand(uv + time_f);
    vec2 feedbackUv = warp;
    vec4 texColor = texture(samp, feedbackUv);
    vec3 finalColor = texColor.rgb + colorShift;
    color = sin(vec4(finalColor, texColor.a) * (time_f * 0.5));
    color.a = 1.0;
}


================================================================================
[116] gradient.glsl
3D program: FAILED
2D program: FAILED

Compiler output:
[stderr] Error on Fragment compile
[stderr] Shader: ERROR: 0:2: '
[stderr] ' : #version directive must occur on the first line of the shader
[stderr] ERROR: 0:5: 'in' : storage qualifier supported in GLSL ES 3.00 and above only
[stderr] ERROR: 0:7: 'out' : storage qualifier supported in GLSL ES 3.00 and above only
[stderr] ERROR: 0:23: 'in' : storage qualifier supported in GLSL ES 3.00 and above only
[stderr] ERROR: 0:27: 'texture' : no matching overloaded function found
[stderr] ERROR: 0:27: '==' : dimension mismatch
[stderr] ERROR: 0:27: '==' : wrong operand types - no operation '==' exists that takes a left-hand operand of type 'const mediump float' and a right operand of type 'const 4-component vector of float' (or there is no acceptable conversion)
[stderr] ERROR: 0:29: 'texture' : no matching overloaded function found
[stderr] ERROR: 0:29: '=' : dimension mismatch
[stderr] ERROR: 0:29: 'assign' : cannot convert from 'const mediump float' to 'out highp 4-component vector of float'
[stderr] ERROR: 0:35: '[' : array indexes for fragment outputs must be constant integral expressions
[stderr] ERROR: 0:36: '[' : array indexes for fragment outputs must be constant integral expressions
[stderr] ERROR: 0:36: '*' : wrong operand types - no operation '*' exists that takes a left-hand operand of type 'const int' and a right operand of type 'highp float' (or there is no acceptable conversion)
[stderr] ERROR: 0:38: '%' : integer modulus operator supported in GLSL ES 3.00 and above only
[stderr] ERROR: 0:39: '[' : array indexes for fragment outputs must be constant integral expressions
[stderr] ERROR: 0:39: '/' : wrong operand types - no operation '/' exists that takes a left-hand operand of type 'highp float' and a right operand of type 'const int' (or there is no acceptable conversion)
[stderr] Error on Fragment compile
[stderr] Shader: ERROR: 0:2: '
[stderr] ' : #version directive must occur on the first line of the shader
[stderr] ERROR: 0:5: 'in' : storage qualifier supported in GLSL ES 3.00 and above only
[stderr] ERROR: 0:7: 'out' : storage qualifier supported in GLSL ES 3.00 and above only
[stderr] ERROR: 0:23: 'in' : storage qualifier supported in GLSL ES 3.00 and above only
[stderr] ERROR: 0:27: 'texture' : no matching overloaded function found
[stderr] ERROR: 0:27: '==' : dimension mismatch
[stderr] ERROR: 0:27: '==' : wrong operand types - no operation '==' exists that takes a left-hand operand of type 'const mediump float' and a right operand of type 'const 4-component vector of float' (or there is no acceptable conversion)
[stderr] ERROR: 0:29: 'texture' : no matching overloaded function found
[stderr] ERROR: 0:29: '=' : dimension mismatch
[stderr] ERROR: 0:29: 'assign' : cannot convert from 'const mediump float' to 'out highp 4-component vector of float'
[stderr] ERROR: 0:35: '[' : array indexes for fragment outputs must be constant integral expressions
[stderr] ERROR: 0:36: '[' : array indexes for fragment outputs must be constant integral expressions
[stderr] ERROR: 0:36: '*' : wrong operand types - no operation '*' exists that takes a left-hand operand of type 'const int' and a right operand of type 'highp float' (or there is no acceptable conversion)
[stderr] ERROR: 0:38: '%' : integer modulus operator supported in GLSL ES 3.00 and above only
[stderr] ERROR: 0:39: '[' : array indexes for fragment outputs must be constant integral expressions
[stderr] ERROR: 0:39: '/' : wrong operand types - no operation '/' exists that takes a left-hand operand of type 'highp float' and a right operand of type 'const int' (or there is no acceptable conversion)

Converted GLSL source:

#version 300 es
precision highp float;
precision highp int;
in vec2 TexCoord;
#define tc TexCoord
out vec4 color;
uniform float alpha_r;
uniform float alpha_g;
uniform float alpha_b;
uniform float alpha;
uniform vec4 optx;
uniform vec4 random_var;
uniform float alpha_value;
uniform mat4 mv_matrix;
uniform mat4 proj_matrix;
uniform sampler2D samp;
uniform float value_alpha_r, value_alpha_g, value_alpha_b;
uniform float index_value;
uniform float time_f;

uniform float restore_black;
in float restore_black_value;

void main(void)
{
    if(restore_black_value == 1.0 && texture(samp, tc) == vec4(0, 0, 0, 1))
        discard;
    color = texture(samp, tc);
    color[0] += (color[0]*alpha_r);
    color[1] += (color[1]*alpha_g);
    color[2] += (color[2]*alpha_b);
    ivec3 int_color;
    for(int i = 0; i < 3; ++i) {
        color[i] += time_f * tc[0] * alpha_r;
        int_color[i] = int(255 * color[i]);
        if(int_color[i] > 255)
            int_color[i] = int_color[i]%255;
        color[i] = float(int_color[i])/255;
    }
}



================================================================================
[117] gradient_color.glsl
3D program: FAILED
2D program: FAILED

Compiler output:
[stderr] Error on Fragment compile
[stderr] Shader: ERROR: 0:29: '[' : array indexes for fragment outputs must be constant integral expressions
[stderr] ERROR: 0:29: '[' : array indexes for fragment outputs must be constant integral expressions
[stderr] ERROR: 0:30: '[' : array indexes for fragment outputs must be constant integral expressions
[stderr] ERROR: 0:30: '[' : array indexes for fragment outputs must be constant integral expressions
[stderr] ERROR: 0:34: '[' : array indexes for fragment outputs must be constant integral expressions
[stderr] ERROR: 0:34: '*' : wrong operand types - no operation '*' exists that takes a left-hand operand of type 'const int' and a right operand of type 'highp float' (or there is no acceptable conversion)
[stderr] ERROR: 0:37: '[' : array indexes for fragment outputs must be constant integral expressions
[stderr] ERROR: 0:37: '/' : wrong operand types - no operation '/' exists that takes a left-hand operand of type 'highp float' and a right operand of type 'const int' (or there is no acceptable conversion)
[stderr] Error on Fragment compile
[stderr] Shader: ERROR: 0:29: '[' : array indexes for fragment outputs must be constant integral expressions
[stderr] ERROR: 0:29: '[' : array indexes for fragment outputs must be constant integral expressions
[stderr] ERROR: 0:30: '[' : array indexes for fragment outputs must be constant integral expressions
[stderr] ERROR: 0:30: '[' : array indexes for fragment outputs must be constant integral expressions
[stderr] ERROR: 0:34: '[' : array indexes for fragment outputs must be constant integral expressions
[stderr] ERROR: 0:34: '*' : wrong operand types - no operation '*' exists that takes a left-hand operand of type 'const int' and a right operand of type 'highp float' (or there is no acceptable conversion)
[stderr] ERROR: 0:37: '[' : array indexes for fragment outputs must be constant integral expressions
[stderr] ERROR: 0:37: '/' : wrong operand types - no operation '/' exists that takes a left-hand operand of type 'highp float' and a right operand of type 'const int' (or there is no acceptable conversion)

Converted GLSL source:
#version 300 es
precision highp float;
precision highp int;
in vec2 TexCoord;
#define tc TexCoord
out vec4 color;
uniform float alpha_r;
uniform float alpha_g;
uniform float alpha_b;
in float timeval;
uniform float alpha;
uniform vec4 optx;
uniform vec4 random_var;
uniform float alpha_value;

uniform mat4 mv_matrix;
uniform mat4 proj_matrix;
uniform sampler2D samp;
uniform float value_alpha_r, value_alpha_g, value_alpha_b;
uniform float index_value;
uniform float time_f;

uniform float restore_black;

void main(void)
{
    color = texture(samp, tc);
    for(int i = 0; i < 3; ++i) {
        color[i] += cos(color[i] * timeval);
        color[i] = color[i]+tc[0];
    }
    ivec3 int_color;
    for(int i = 0; i < 3; ++i) {
        int_color[i] = int(255 * color[i]);
        if(int_color[i] > 255)
            int_color[i] = int_color[i]%255;
        color[i] = float(int_color[i])/255;
    }
}



================================================================================
[118] gradient_position.glsl
3D program: FAILED
2D program: FAILED

Compiler output:
[stderr] Error on Fragment compile
[stderr] Shader: ERROR: 0:2: '
[stderr] ' : #version directive must occur on the first line of the shader
[stderr] ERROR: 0:5: 'in' : storage qualifier supported in GLSL ES 3.00 and above only
[stderr] ERROR: 0:7: 'out' : storage qualifier supported in GLSL ES 3.00 and above only
[stderr] ERROR: 0:11: 'in' : storage qualifier supported in GLSL ES 3.00 and above only
[stderr] ERROR: 0:13: 'in' : storage qualifier supported in GLSL ES 3.00 and above only
[stderr] ERROR: 0:29: 'texture' : no matching overloaded function found
[stderr] ERROR: 0:29: '=' : dimension mismatch
[stderr] ERROR: 0:29: 'assign' : cannot convert from 'const mediump float' to 'out highp 4-component vector of float'
[stderr] ERROR: 0:32: '[' : array indexes for fragment outputs must be constant integral expressions
[stderr] ERROR: 0:32: '*' : wrong operand types - no operation '*' exists that takes a left-hand operand of type 'const int' and a right operand of type 'highp float' (or there is no acceptable conversion)
[stderr] ERROR: 0:40: '[' : array indexes for fragment outputs must be constant integral expressions
[stderr] ERROR: 0:40: '*' : wrong operand types - no operation '*' exists that takes a left-hand operand of type 'const int' and a right operand of type 'highp float' (or there is no acceptable conversion)
[stderr] ERROR: 0:41: '^' : bit-wise operator supported in GLSL ES 3.00 and above only
[stderr] ERROR: 0:43: '%' : integer modulus operator supported in GLSL ES 3.00 and above only
[stderr] ERROR: 0:44: '[' : array indexes for fragment outputs must be constant integral expressions
[stderr] ERROR: 0:44: '/' : wrong operand types - no operation '/' exists that takes a left-hand operand of type 'highp float' and a right operand of type 'const int' (or there is no acceptable conversion)
[stderr] Error on Fragment compile
[stderr] Shader: ERROR: 0:2: '
[stderr] ' : #version directive must occur on the first line of the shader
[stderr] ERROR: 0:5: 'in' : storage qualifier supported in GLSL ES 3.00 and above only
[stderr] ERROR: 0:7: 'out' : storage qualifier supported in GLSL ES 3.00 and above only
[stderr] ERROR: 0:11: 'in' : storage qualifier supported in GLSL ES 3.00 and above only
[stderr] ERROR: 0:13: 'in' : storage qualifier supported in GLSL ES 3.00 and above only
[stderr] ERROR: 0:29: 'texture' : no matching overloaded function found
[stderr] ERROR: 0:29: '=' : dimension mismatch
[stderr] ERROR: 0:29: 'assign' : cannot convert from 'const mediump float' to 'out highp 4-component vector of float'
[stderr] ERROR: 0:32: '[' : array indexes for fragment outputs must be constant integral expressions
[stderr] ERROR: 0:32: '*' : wrong operand types - no operation '*' exists that takes a left-hand operand of type 'const int' and a right operand of type 'highp float' (or there is no acceptable conversion)
[stderr] ERROR: 0:40: '[' : array indexes for fragment outputs must be constant integral expressions
[stderr] ERROR: 0:40: '*' : wrong operand types - no operation '*' exists that takes a left-hand operand of type 'const int' and a right operand of type 'highp float' (or there is no acceptable conversion)
[stderr] ERROR: 0:41: '^' : bit-wise operator supported in GLSL ES 3.00 and above only
[stderr] ERROR: 0:43: '%' : integer modulus operator supported in GLSL ES 3.00 and above only
[stderr] ERROR: 0:44: '[' : array indexes for fragment outputs must be constant integral expressions
[stderr] ERROR: 0:44: '/' : wrong operand types - no operation '/' exists that takes a left-hand operand of type 'highp float' and a right operand of type 'const int' (or there is no acceptable conversion)

Converted GLSL source:

#version 300 es
precision highp float;
precision highp int;
in vec2 TexCoord;
#define tc TexCoord
out vec4 color;
uniform float alpha_r;
uniform float alpha_g;
uniform float alpha_b;
in float timeval;
uniform float alpha;
in vec3 vpos;
uniform vec4 optx;
uniform vec4 random_var;
uniform float alpha_value;

uniform mat4 mv_matrix;
uniform mat4 proj_matrix;
uniform sampler2D samp;
uniform float value_alpha_r, value_alpha_g, value_alpha_b;
uniform float index_value;
uniform float time_f;

uniform float restore_black;

void main(void)
{
    color = texture(samp, tc);
    ivec3 source;
    for(int i = 0; i < 3; ++i) {
        source[i] = int(255 * color[i]);
    }
    color[0] = (0.321*timeval)+(color[0]*(0.1 * vpos.x));
    color[1] = (color[1]*(0.1 * vpos.y));
    color[2] = (0.4212*timeval)+(color[2]*(0.1 * vpos.x+vpos.y));

    ivec3 int_color;
    for(int i = 0; i < 3; ++i) {
        int_color[i] = int(255 * color[i]);
        int_color[i] = int_color[i]^source[i];
        if(int_color[i] > 255)
            int_color[i] = int_color[i]%255;
        color[i] = float(int_color[i])/255;
    }
}



================================================================================
[119] green.glsl
3D program: FAILED
2D program: FAILED

Compiler output:
[stderr] Error on Fragment compile
[stderr] Shader: ERROR: 0:28: '[' : array indexes for fragment outputs must be constant integral expressions
[stderr] ERROR: 0:28: '*' : wrong operand types - no operation '*' exists that takes a left-hand operand of type 'const int' and a right operand of type 'highp float' (or there is no acceptable conversion)
[stderr] ERROR: 0:31: 'assign' : cannot convert from 'const int' to 'highp float'
[stderr] ERROR: 0:32: 'assign' : cannot convert from 'const int' to 'highp float'
[stderr] ERROR: 0:33: 'assign' : cannot convert from 'const int' to 'highp float'
[stderr] ERROR: 0:41: '[' : array indexes for fragment outputs must be constant integral expressions
[stderr] ERROR: 0:41: '*' : wrong operand types - no operation '*' exists that takes a left-hand operand of type 'const int' and a right operand of type 'highp float' (or there is no acceptable conversion)
[stderr] ERROR: 0:45: '[' : array indexes for fragment outputs must be constant integral expressions
[stderr] ERROR: 0:45: '/' : wrong operand types - no operation '/' exists that takes a left-hand operand of type 'highp float' and a right operand of type 'const int' (or there is no acceptable conversion)
[stderr] Error on Fragment compile
[stderr] Shader: ERROR: 0:28: '[' : array indexes for fragment outputs must be constant integral expressions
[stderr] ERROR: 0:28: '*' : wrong operand types - no operation '*' exists that takes a left-hand operand of type 'const int' and a right operand of type 'highp float' (or there is no acceptable conversion)
[stderr] ERROR: 0:31: 'assign' : cannot convert from 'const int' to 'highp float'
[stderr] ERROR: 0:32: 'assign' : cannot convert from 'const int' to 'highp float'
[stderr] ERROR: 0:33: 'assign' : cannot convert from 'const int' to 'highp float'
[stderr] ERROR: 0:41: '[' : array indexes for fragment outputs must be constant integral expressions
[stderr] ERROR: 0:41: '*' : wrong operand types - no operation '*' exists that takes a left-hand operand of type 'const int' and a right operand of type 'highp float' (or there is no acceptable conversion)
[stderr] ERROR: 0:45: '[' : array indexes for fragment outputs must be constant integral expressions
[stderr] ERROR: 0:45: '/' : wrong operand types - no operation '/' exists that takes a left-hand operand of type 'highp float' and a right operand of type 'const int' (or there is no acceptable conversion)

Converted GLSL source:
#version 300 es
precision highp float;
precision highp int;
in vec2 TexCoord;
#define tc TexCoord
out vec4 color;
uniform float alpha_r;
uniform float alpha_g;
uniform float alpha_b;
uniform float alpha;
uniform vec4 optx;
uniform vec4 random_var;
uniform float alpha_value;
uniform mat4 mv_matrix;
uniform mat4 proj_matrix;
uniform sampler2D samp;
uniform float value_alpha_r, value_alpha_g, value_alpha_b;
uniform float index_value;
uniform float time_f;

uniform float restore_black;

void main(void)
{
    color = texture(samp, tc);
    ivec3 source;
    for(int i = 0; i < 3; ++i) {
        source[i] = int(255 * color[i]);
    }

    color[0] /= 2;
    color[1] /= 2;
    color[2] /= 2;
    
    color[0] = sin(color[0]*alpha_b);
    color[1] = cos(color[1]*alpha_g);
    color[2] = color[2]*alpha_r;

    ivec3 int_color;
    for(int i = 0; i < 3; ++i) {
        int_color[i] = int(255 * color[i]);
        int_color[i] = int_color[i]^source[i];
        if(int_color[i] > 255)
            int_color[i] = int_color[i]%255;
        color[i] = float(int_color[i])/255;
    }
}


================================================================================
[120] green_aura.glsl
3D program: FAILED
2D program: FAILED

Compiler output:
[stderr] Error on Fragment compile
[stderr] Shader: ERROR: 0:31: '[' : array indexes for fragment outputs must be constant integral expressions
[stderr] ERROR: 0:31: '*' : wrong operand types - no operation '*' exists that takes a left-hand operand of type 'const int' and a right operand of type 'highp float' (or there is no acceptable conversion)
[stderr] ERROR: 0:33: '/' : wrong operand types - no operation '/' exists that takes a left-hand operand of type 'highp float' and a right operand of type 'const int' (or there is no acceptable conversion)
[stderr] ERROR: 0:34: '/' : wrong operand types - no operation '/' exists that takes a left-hand operand of type 'highp float' and a right operand of type 'const int' (or there is no acceptable conversion)
[stderr] ERROR: 0:35: '/' : wrong operand types - no operation '/' exists that takes a left-hand operand of type 'highp float' and a right operand of type 'const int' (or there is no acceptable conversion)
[stderr] ERROR: 0:36: '/' : wrong operand types - no operation '/' exists that takes a left-hand operand of type 'highp float' and a right operand of type 'const int' (or there is no acceptable conversion)
[stderr] ERROR: 0:37: '/' : wrong operand types - no operation '/' exists that takes a left-hand operand of type 'highp float' and a right operand of type 'const int' (or there is no acceptable conversion)
[stderr] ERROR: 0:41: '[' : array indexes for fragment outputs must be constant integral expressions
[stderr] ERROR: 0:41: '*' : wrong operand types - no operation '*' exists that takes a left-hand operand of type 'const int' and a right operand of type 'highp float' (or there is no acceptable conversion)
[stderr] ERROR: 0:45: '[' : array indexes for fragment outputs must be constant integral expressions
[stderr] ERROR: 0:45: '/' : wrong operand types - no operation '/' exists that takes a left-hand operand of type 'highp float' and a right operand of type 'const int' (or there is no acceptable conversion)
[stderr] Error on Fragment compile
[stderr] Shader: ERROR: 0:31: '[' : array indexes for fragment outputs must be constant integral expressions
[stderr] ERROR: 0:31: '*' : wrong operand types - no operation '*' exists that takes a left-hand operand of type 'const int' and a right operand of type 'highp float' (or there is no acceptable conversion)
[stderr] ERROR: 0:33: '/' : wrong operand types - no operation '/' exists that takes a left-hand operand of type 'highp float' and a right operand of type 'const int' (or there is no acceptable conversion)
[stderr] ERROR: 0:34: '/' : wrong operand types - no operation '/' exists that takes a left-hand operand of type 'highp float' and a right operand of type 'const int' (or there is no acceptable conversion)
[stderr] ERROR: 0:35: '/' : wrong operand types - no operation '/' exists that takes a left-hand operand of type 'highp float' and a right operand of type 'const int' (or there is no acceptable conversion)
[stderr] ERROR: 0:36: '/' : wrong operand types - no operation '/' exists that takes a left-hand operand of type 'highp float' and a right operand of type 'const int' (or there is no acceptable conversion)
[stderr] ERROR: 0:37: '/' : wrong operand types - no operation '/' exists that takes a left-hand operand of type 'highp float' and a right operand of type 'const int' (or there is no acceptable conversion)
[stderr] ERROR: 0:41: '[' : array indexes for fragment outputs must be constant integral expressions
[stderr] ERROR: 0:41: '*' : wrong operand types - no operation '*' exists that takes a left-hand operand of type 'const int' and a right operand of type 'highp float' (or there is no acceptable conversion)
[stderr] ERROR: 0:45: '[' : array indexes for fragment outputs must be constant integral expressions
[stderr] ERROR: 0:45: '/' : wrong operand types - no operation '/' exists that takes a left-hand operand of type 'highp float' and a right operand of type 'const int' (or there is no acceptable conversion)

Converted GLSL source:
#version 300 es
precision highp float;
precision highp int;
in vec2 TexCoord;
#define tc TexCoord
out vec4 color;
uniform float alpha_r;
uniform float alpha_g;
uniform float alpha_b;
uniform float alpha;
uniform vec4 optx;
uniform vec4 random_var;
uniform float alpha_value;

uniform mat4 mv_matrix;
uniform mat4 proj_matrix;
uniform sampler2D samp;
uniform float value_alpha_r, value_alpha_g, value_alpha_b;
uniform float index_value;
uniform float time_f;
uniform vec2 iResolution;

uniform float restore_black;
in vec2 iResolution_;

void main(void)
{
    color = texture(samp, tc);
    ivec3 source;
    for(int i = 0; i < 3; ++i) {
        source[i] = int(255 * color[i]);
    }
    float x = gl_FragCoord.x / iResolution_.x / 3;
    float y = gl_FragCoord.y / iResolution_.y / 3;
    color[0] = color[0]*asin(fract(x/3) * 0.3421);
    color[1] = color[1]*acos(fract(y/3) * 0.1249);
    color[2] = color[2]*atan(fract(x+y/3) * 0.2912);
    
    ivec3 int_color;
    for(int i = 0; i < 3; ++i) {
        int_color[i] = int(255 * color[i]);
        int_color[i] = int_color[i]^source[i];
        if(int_color[i] > 255)
            int_color[i] = int_color[i]%255;
        color[i] = float(int_color[i])/255;
    }
}


================================================================================
[121] green_echo.glsl
3D program: FAILED
2D program: FAILED

Compiler output:
[stderr] Error on Fragment compile
[stderr] Shader: ERROR: 0:2: '
[stderr] ' : #version directive must occur on the first line of the shader
[stderr] ERROR: 0:5: 'in' : storage qualifier supported in GLSL ES 3.00 and above only
[stderr] ERROR: 0:7: 'out' : storage qualifier supported in GLSL ES 3.00 and above only
[stderr] ERROR: 0:27: 'texture' : no matching overloaded function found
[stderr] ERROR: 0:27: '=' : dimension mismatch
[stderr] ERROR: 0:27: 'assign' : cannot convert from 'const mediump float' to 'out highp 4-component vector of float'
[stderr] ERROR: 0:28: '/' : wrong operand types - no operation '/' exists that takes a left-hand operand of type 'in highp 2-component vector of float' and a right operand of type 'const int' (or there is no acceptable conversion)
[stderr] ERROR: 0:28: 'texture' : no matching overloaded function found
[stderr] ERROR: 0:28: '=' : dimension mismatch
[stderr] ERROR: 0:28: '=' : cannot convert from 'const mediump float' to 'highp 4-component vector of float'
[stderr] ERROR: 0:29: '/' : wrong operand types - no operation '/' exists that takes a left-hand operand of type 'in highp 2-component vector of float' and a right operand of type 'const int' (or there is no acceptable conversion)
[stderr] ERROR: 0:29: 'texture' : no matching overloaded function found
[stderr] ERROR: 0:29: '=' : dimension mismatch
[stderr] ERROR: 0:29: '=' : cannot convert from 'const mediump float' to 'highp 4-component vector of float'
[stderr] Error on Fragment compile
[stderr] Shader: ERROR: 0:2: '
[stderr] ' : #version directive must occur on the first line of the shader
[stderr] ERROR: 0:5: 'in' : storage qualifier supported in GLSL ES 3.00 and above only
[stderr] ERROR: 0:7: 'out' : storage qualifier supported in GLSL ES 3.00 and above only
[stderr] ERROR: 0:27: 'texture' : no matching overloaded function found
[stderr] ERROR: 0:27: '=' : dimension mismatch
[stderr] ERROR: 0:27: 'assign' : cannot convert from 'const mediump float' to 'out highp 4-component vector of float'
[stderr] ERROR: 0:28: '/' : wrong operand types - no operation '/' exists that takes a left-hand operand of type 'in highp 2-component vector of float' and a right operand of type 'const int' (or there is no acceptable conversion)
[stderr] ERROR: 0:28: 'texture' : no matching overloaded function found
[stderr] ERROR: 0:28: '=' : dimension mismatch
[stderr] ERROR: 0:28: '=' : cannot convert from 'const mediump float' to 'highp 4-component vector of float'
[stderr] ERROR: 0:29: '/' : wrong operand types - no operation '/' exists that takes a left-hand operand of type 'in highp 2-component vector of float' and a right operand of type 'const int' (or there is no acceptable conversion)
[stderr] ERROR: 0:29: 'texture' : no matching overloaded function found
[stderr] ERROR: 0:29: '=' : dimension mismatch
[stderr] ERROR: 0:29: '=' : cannot convert from 'const mediump float' to 'highp 4-component vector of float'

Converted GLSL source:

#version 300 es
precision highp float;
precision highp int;
in vec2 TexCoord;
#define tc TexCoord
out vec4 color;
uniform float alpha_r;
uniform float alpha_g;
uniform float alpha_b;
uniform float alpha;
uniform vec4 optx;
uniform vec4 random_var;
uniform float alpha_value;

uniform mat4 mv_matrix;
uniform mat4 proj_matrix;
uniform sampler2D samp;
uniform float value_alpha_r, value_alpha_g, value_alpha_b;
uniform float index_value;
uniform float time_f;

uniform float restore_black;

void main(void)
{
    color = texture(samp, tc);
    vec4 color2 = texture(samp, tc / 2);
    vec4 color3 = texture(samp, tc/ 4);
    vec4 color_value = vec4(0.1, 0.6, 0.2, 1.0);
    
    color = ((color*color_value) * 0.4) + (color2 * 0.4) + (color3 * 0.4) * color_value * alpha;
}



================================================================================
[122] green_gradient.glsl
3D program: FAILED
2D program: FAILED

Compiler output:
[stderr] Error on Fragment compile
[stderr] Shader: ERROR: 0:28: '[' : array indexes for fragment outputs must be constant integral expressions
[stderr] ERROR: 0:28: '*' : wrong operand types - no operation '*' exists that takes a left-hand operand of type 'const int' and a right operand of type 'highp float' (or there is no acceptable conversion)
[stderr] ERROR: 0:32: '/' : wrong operand types - no operation '/' exists that takes a left-hand operand of type 'const int' and a right operand of type 'highp float' (or there is no acceptable conversion)
[stderr] ERROR: 0:32: '=' : cannot convert from 'const int' to 'highp float'
[stderr] ERROR: 0:33: '[' : array indexes for fragment outputs must be constant integral expressions
[stderr] ERROR: 0:33: '[' : array indexes for fragment outputs must be constant integral expressions
[stderr] ERROR: 0:38: '[' : array indexes for fragment outputs must be constant integral expressions
[stderr] ERROR: 0:38: '*' : wrong operand types - no operation '*' exists that takes a left-hand operand of type 'const int' and a right operand of type 'highp float' (or there is no acceptable conversion)
[stderr] ERROR: 0:42: '[' : array indexes for fragment outputs must be constant integral expressions
[stderr] ERROR: 0:42: '/' : wrong operand types - no operation '/' exists that takes a left-hand operand of type 'highp float' and a right operand of type 'const int' (or there is no acceptable conversion)
[stderr] Error on Fragment compile
[stderr] Shader: ERROR: 0:28: '[' : array indexes for fragment outputs must be constant integral expressions
[stderr] ERROR: 0:28: '*' : wrong operand types - no operation '*' exists that takes a left-hand operand of type 'const int' and a right operand of type 'highp float' (or there is no acceptable conversion)
[stderr] ERROR: 0:32: '/' : wrong operand types - no operation '/' exists that takes a left-hand operand of type 'const int' and a right operand of type 'highp float' (or there is no acceptable conversion)
[stderr] ERROR: 0:32: '=' : cannot convert from 'const int' to 'highp float'
[stderr] ERROR: 0:33: '[' : array indexes for fragment outputs must be constant integral expressions
[stderr] ERROR: 0:33: '[' : array indexes for fragment outputs must be constant integral expressions
[stderr] ERROR: 0:38: '[' : array indexes for fragment outputs must be constant integral expressions
[stderr] ERROR: 0:38: '*' : wrong operand types - no operation '*' exists that takes a left-hand operand of type 'const int' and a right operand of type 'highp float' (or there is no acceptable conversion)
[stderr] ERROR: 0:42: '[' : array indexes for fragment outputs must be constant integral expressions
[stderr] ERROR: 0:42: '/' : wrong operand types - no operation '/' exists that takes a left-hand operand of type 'highp float' and a right operand of type 'const int' (or there is no acceptable conversion)

Converted GLSL source:
#version 300 es
precision highp float;
precision highp int;
in vec2 TexCoord;
#define tc TexCoord
out vec4 color;
uniform float alpha_r;
uniform float alpha_g;
uniform float alpha_b;
uniform float alpha;
uniform vec4 optx;
uniform vec4 random_var;
uniform float alpha_value;
uniform mat4 mv_matrix;
uniform mat4 proj_matrix;
uniform sampler2D samp;
uniform float value_alpha_r, value_alpha_g, value_alpha_b;
uniform float index_value;
uniform float time_f;

uniform float restore_black;

void main(void)
{
    color = texture(samp, tc);
    ivec3 source;
    for(int i = 0; i < 3; ++i) {
        source[i] = int(255 * color[i]);
    }
    vec3 st = gl_FragCoord.xyz;
    for(int i = 0; i < 3; ++i) {
        float f = 2560/st[i];
        color[i] = color[i]*f;
    }
    // Assign a random value based on the integer coord
    ivec3 int_color;
    for(int i = 0; i < 3; ++i) {
        int_color[i] = int(255 * color[i]);
        int_color[i] = int_color[i]^source[i];
        if(int_color[i] > 255)
            int_color[i] = int_color[i]%255;
        color[i] = float(int_color[i])/255;
    }
}


================================================================================
[123] green_gradient_strobe.glsl
3D program: FAILED
2D program: FAILED

Compiler output:
[stderr] Error on Fragment compile
[stderr] Shader: ERROR: 0:34: '[' : array indexes for fragment outputs must be constant integral expressions
[stderr] ERROR: 0:34: '*' : wrong operand types - no operation '*' exists that takes a left-hand operand of type 'const int' and a right operand of type 'highp float' (or there is no acceptable conversion)
[stderr] ERROR: 0:38: '/' : wrong operand types - no operation '/' exists that takes a left-hand operand of type 'const int' and a right operand of type 'highp float' (or there is no acceptable conversion)
[stderr] ERROR: 0:38: '=' : cannot convert from 'const int' to 'highp float'
[stderr] ERROR: 0:39: '[' : array indexes for fragment outputs must be constant integral expressions
[stderr] ERROR: 0:39: '[' : array indexes for fragment outputs must be constant integral expressions
[stderr] ERROR: 0:44: '[' : array indexes for fragment outputs must be constant integral expressions
[stderr] ERROR: 0:44: '*' : wrong operand types - no operation '*' exists that takes a left-hand operand of type 'const int' and a right operand of type 'highp float' (or there is no acceptable conversion)
[stderr] ERROR: 0:48: '[' : array indexes for fragment outputs must be constant integral expressions
[stderr] ERROR: 0:48: '/' : wrong operand types - no operation '/' exists that takes a left-hand operand of type 'highp float' and a right operand of type 'const int' (or there is no acceptable conversion)
[stderr] Error on Fragment compile
[stderr] Shader: ERROR: 0:34: '[' : array indexes for fragment outputs must be constant integral expressions
[stderr] ERROR: 0:34: '*' : wrong operand types - no operation '*' exists that takes a left-hand operand of type 'const int' and a right operand of type 'highp float' (or there is no acceptable conversion)
[stderr] ERROR: 0:38: '/' : wrong operand types - no operation '/' exists that takes a left-hand operand of type 'const int' and a right operand of type 'highp float' (or there is no acceptable conversion)
[stderr] ERROR: 0:38: '=' : cannot convert from 'const int' to 'highp float'
[stderr] ERROR: 0:39: '[' : array indexes for fragment outputs must be constant integral expressions
[stderr] ERROR: 0:39: '[' : array indexes for fragment outputs must be constant integral expressions
[stderr] ERROR: 0:44: '[' : array indexes for fragment outputs must be constant integral expressions
[stderr] ERROR: 0:44: '*' : wrong operand types - no operation '*' exists that takes a left-hand operand of type 'const int' and a right operand of type 'highp float' (or there is no acceptable conversion)
[stderr] ERROR: 0:48: '[' : array indexes for fragment outputs must be constant integral expressions
[stderr] ERROR: 0:48: '/' : wrong operand types - no operation '/' exists that takes a left-hand operand of type 'highp float' and a right operand of type 'const int' (or there is no acceptable conversion)

Converted GLSL source:
#version 300 es
precision highp float;
precision highp int;
in vec2 TexCoord;
#define tc TexCoord
out vec4 color;
uniform float alpha_r;
uniform float alpha_g;
uniform float alpha_b;
uniform float alpha;
uniform vec4 optx;
uniform vec4 random_var;
uniform float alpha_value;
uniform mat4 mv_matrix;
uniform mat4 proj_matrix;
uniform sampler2D samp;
uniform float value_alpha_r, value_alpha_g, value_alpha_b;
uniform float index_value;
uniform float time_f;

uniform float restore_black;

float random (vec2 st) {
    return fract(sin(dot(st.xy,
                         vec2(12.9898,78.233)))*
        43758.5453123);
}

void main(void)
{
    color = texture(samp, tc);
    ivec3 source;
    for(int i = 0; i < 3; ++i) {
        source[i] = int(255 * color[i]);
    }
    vec3 st = gl_FragCoord.xyz;
    for(int i = 0; i < 3; ++i) {
        float f = 255/st[i];
        color[i] = color[i]*f*alpha_r+alpha_g+alpha_b;
    }
    // Assign a random value based on the integer coord
    ivec3 int_color;
    for(int i = 0; i < 3; ++i) {
        int_color[i] = int(255 * color[i]);
        int_color[i] = int_color[i]^source[i];
        if(int_color[i] > 255)
            int_color[i] = int_color[i]%255;
        color[i] = float(int_color[i])/255;
    }
}


================================================================================
[124] green_move.glsl
3D program: FAILED
2D program: FAILED

Compiler output:
[stderr] Error on Fragment compile
[stderr] Shader: ERROR: 0:2: '
[stderr] ' : #version directive must occur on the first line of the shader
[stderr] ERROR: 0:5: 'in' : storage qualifier supported in GLSL ES 3.00 and above only
[stderr] ERROR: 0:7: 'out' : storage qualifier supported in GLSL ES 3.00 and above only
[stderr] ERROR: 0:25: 'in' : storage qualifier supported in GLSL ES 3.00 and above only
[stderr] ERROR: 0:29: 'texture' : no matching overloaded function found
[stderr] ERROR: 0:29: '=' : dimension mismatch
[stderr] ERROR: 0:29: 'assign' : cannot convert from 'const mediump float' to 'out highp 4-component vector of float'
[stderr] Error on Fragment compile
[stderr] Shader: ERROR: 0:2: '
[stderr] ' : #version directive must occur on the first line of the shader
[stderr] ERROR: 0:5: 'in' : storage qualifier supported in GLSL ES 3.00 and above only
[stderr] ERROR: 0:7: 'out' : storage qualifier supported in GLSL ES 3.00 and above only
[stderr] ERROR: 0:25: 'in' : storage qualifier supported in GLSL ES 3.00 and above only
[stderr] ERROR: 0:29: 'texture' : no matching overloaded function found
[stderr] ERROR: 0:29: '=' : dimension mismatch
[stderr] ERROR: 0:29: 'assign' : cannot convert from 'const mediump float' to 'out highp 4-component vector of float'

Converted GLSL source:

#version 300 es
precision highp float;
precision highp int;
in vec2 TexCoord;
#define tc TexCoord
out vec4 color;
uniform float alpha_r;
uniform float alpha_g;
uniform float alpha_b;
uniform float alpha;
uniform vec4 optx;
uniform vec4 random_var;
uniform float alpha_value;

uniform mat4 mv_matrix;
uniform mat4 proj_matrix;
uniform sampler2D samp;
uniform float value_alpha_r, value_alpha_g, value_alpha_b;
uniform float index_value;
uniform float time_f;
uniform vec2 iResolution;

uniform float restore_black;
in vec2 iResolution_;

void main(void)
{
    color = texture(samp, tc);
    vec2 pos = gl_FragCoord.xy / iResolution_.xy;
    vec4 l = vec4(0.2, 0.8, 0.2,1.0);
    color = vec4(pos, 1, 1) * l * color * alpha;
}



================================================================================
[125] green_strobe.glsl
3D program: FAILED
2D program: FAILED

Compiler output:
[stderr] Error on Fragment compile
[stderr] Shader: ERROR: 0:2: '
[stderr] ' : #version directive must occur on the first line of the shader
[stderr] ERROR: 0:5: 'in' : storage qualifier supported in GLSL ES 3.00 and above only
[stderr] ERROR: 0:7: 'out' : storage qualifier supported in GLSL ES 3.00 and above only
[stderr] ERROR: 0:11: 'in' : storage qualifier supported in GLSL ES 3.00 and above only
[stderr] ERROR: 0:14: 'in' : storage qualifier supported in GLSL ES 3.00 and above only
[stderr] ERROR: 0:28: 'texture' : no matching overloaded function found
[stderr] ERROR: 0:28: '=' : dimension mismatch
[stderr] ERROR: 0:28: 'assign' : cannot convert from 'const mediump float' to 'out highp 4-component vector of float'
[stderr] ERROR: 0:31: '[' : array indexes for fragment outputs must be constant integral expressions
[stderr] ERROR: 0:31: '*' : wrong operand types - no operation '*' exists that takes a left-hand operand of type 'const int' and a right operand of type 'highp float' (or there is no acceptable conversion)
[stderr] ERROR: 0:34: '/' : wrong operand types - no operation '/' exists that takes a left-hand operand of type 'highp float' and a right operand of type 'const int' (or there is no acceptable conversion)
[stderr] ERROR: 0:36: '/' : wrong operand types - no operation '/' exists that takes a left-hand operand of type 'highp float' and a right operand of type 'const int' (or there is no acceptable conversion)
[stderr] ERROR: 0:40: '[' : array indexes for fragment outputs must be constant integral expressions
[stderr] ERROR: 0:40: '*' : wrong operand types - no operation '*' exists that takes a left-hand operand of type 'const int' and a right operand of type 'highp float' (or there is no acceptable conversion)
[stderr] ERROR: 0:41: '^' : bit-wise operator supported in GLSL ES 3.00 and above only
[stderr] ERROR: 0:43: '%' : integer modulus operator supported in GLSL ES 3.00 and above only
[stderr] ERROR: 0:44: '[' : array indexes for fragment outputs must be constant integral expressions
[stderr] ERROR: 0:44: '/' : wrong operand types - no operation '/' exists that takes a left-hand operand of type 'highp float' and a right operand of type 'const int' (or there is no acceptable conversion)
[stderr] Error on Fragment compile
[stderr] Shader: ERROR: 0:2: '
[stderr] ' : #version directive must occur on the first line of the shader
[stderr] ERROR: 0:5: 'in' : storage qualifier supported in GLSL ES 3.00 and above only
[stderr] ERROR: 0:7: 'out' : storage qualifier supported in GLSL ES 3.00 and above only
[stderr] ERROR: 0:11: 'in' : storage qualifier supported in GLSL ES 3.00 and above only
[stderr] ERROR: 0:14: 'in' : storage qualifier supported in GLSL ES 3.00 and above only
[stderr] ERROR: 0:28: 'texture' : no matching overloaded function found
[stderr] ERROR: 0:28: '=' : dimension mismatch
[stderr] ERROR: 0:28: 'assign' : cannot convert from 'const mediump float' to 'out highp 4-component vector of float'
[stderr] ERROR: 0:31: '[' : array indexes for fragment outputs must be constant integral expressions
[stderr] ERROR: 0:31: '*' : wrong operand types - no operation '*' exists that takes a left-hand operand of type 'const int' and a right operand of type 'highp float' (or there is no acceptable conversion)
[stderr] ERROR: 0:34: '/' : wrong operand types - no operation '/' exists that takes a left-hand operand of type 'highp float' and a right operand of type 'const int' (or there is no acceptable conversion)
[stderr] ERROR: 0:36: '/' : wrong operand types - no operation '/' exists that takes a left-hand operand of type 'highp float' and a right operand of type 'const int' (or there is no acceptable conversion)
[stderr] ERROR: 0:40: '[' : array indexes for fragment outputs must be constant integral expressions
[stderr] ERROR: 0:40: '*' : wrong operand types - no operation '*' exists that takes a left-hand operand of type 'const int' and a right operand of type 'highp float' (or there is no acceptable conversion)
[stderr] ERROR: 0:41: '^' : bit-wise operator supported in GLSL ES 3.00 and above only
[stderr] ERROR: 0:43: '%' : integer modulus operator supported in GLSL ES 3.00 and above only
[stderr] ERROR: 0:44: '[' : array indexes for fragment outputs must be constant integral expressions
[stderr] ERROR: 0:44: '/' : wrong operand types - no operation '/' exists that takes a left-hand operand of type 'highp float' and a right operand of type 'const int' (or there is no acceptable conversion)

Converted GLSL source:

#version 300 es
precision highp float;
precision highp int;
in vec2 TexCoord;
#define tc TexCoord
out vec4 color;
uniform float alpha_r;
uniform float alpha_g;
uniform float alpha_b;
in float timeval;
uniform float alpha;
uniform vec4 optx;
in vec4 random_value;
uniform vec4 random_var;
uniform float alpha_value;
uniform mat4 mv_matrix;
uniform mat4 proj_matrix;
uniform sampler2D samp;
uniform float value_alpha_r, value_alpha_g, value_alpha_b;
uniform float index_value;
uniform float time_f;

uniform float restore_black;

void main(void)
{
    color = texture(samp, tc);
    ivec3 source;
    for(int i = 0; i < 3; ++i) {
        source[i] = int(255 * color[i]);
    }
    
    color[1] = color[1]*(random_value[0]/255);
    color[0] = color[0]*(timeval * 0.05812);
    color[2] = color[2]*(alpha_r * timeval * (random_value[1]/255));
    
    ivec3 int_color;
    for(int i = 0; i < 3; ++i) {
        int_color[i] = int(255 * color[i]);
        int_color[i] = int_color[i]^source[i];
        if(int_color[i] > 255)
            int_color[i] = int_color[i]%255;
        color[i] = float(int_color[i])/255;
    }
}


================================================================================
[126] greenblue.glsl
3D program: FAILED
2D program: FAILED

Compiler output:
[stderr] Error on Fragment compile
[stderr] Shader: ERROR: 0:29: '[' : array indexes for fragment outputs must be constant integral expressions
[stderr] ERROR: 0:29: '*' : wrong operand types - no operation '*' exists that takes a left-hand operand of type 'const int' and a right operand of type 'highp float' (or there is no acceptable conversion)
[stderr] ERROR: 0:32: '/' : wrong operand types - no operation '/' exists that takes a left-hand operand of type 'highp float' and a right operand of type 'const int' (or there is no acceptable conversion)
[stderr] ERROR: 0:33: '/' : wrong operand types - no operation '/' exists that takes a left-hand operand of type 'highp float' and a right operand of type 'const int' (or there is no acceptable conversion)
[stderr] ERROR: 0:34: '/' : wrong operand types - no operation '/' exists that takes a left-hand operand of type 'highp float' and a right operand of type 'const int' (or there is no acceptable conversion)
[stderr] ERROR: 0:38: '[' : array indexes for fragment outputs must be constant integral expressions
[stderr] ERROR: 0:38: '*' : wrong operand types - no operation '*' exists that takes a left-hand operand of type 'const int' and a right operand of type 'highp float' (or there is no acceptable conversion)
[stderr] ERROR: 0:42: '[' : array indexes for fragment outputs must be constant integral expressions
[stderr] ERROR: 0:42: '/' : wrong operand types - no operation '/' exists that takes a left-hand operand of type 'highp float' and a right operand of type 'const int' (or there is no acceptable conversion)
[stderr] Error on Fragment compile
[stderr] Shader: ERROR: 0:29: '[' : array indexes for fragment outputs must be constant integral expressions
[stderr] ERROR: 0:29: '*' : wrong operand types - no operation '*' exists that takes a left-hand operand of type 'const int' and a right operand of type 'highp float' (or there is no acceptable conversion)
[stderr] ERROR: 0:32: '/' : wrong operand types - no operation '/' exists that takes a left-hand operand of type 'highp float' and a right operand of type 'const int' (or there is no acceptable conversion)
[stderr] ERROR: 0:33: '/' : wrong operand types - no operation '/' exists that takes a left-hand operand of type 'highp float' and a right operand of type 'const int' (or there is no acceptable conversion)
[stderr] ERROR: 0:34: '/' : wrong operand types - no operation '/' exists that takes a left-hand operand of type 'highp float' and a right operand of type 'const int' (or there is no acceptable conversion)
[stderr] ERROR: 0:38: '[' : array indexes for fragment outputs must be constant integral expressions
[stderr] ERROR: 0:38: '*' : wrong operand types - no operation '*' exists that takes a left-hand operand of type 'const int' and a right operand of type 'highp float' (or there is no acceptable conversion)
[stderr] ERROR: 0:42: '[' : array indexes for fragment outputs must be constant integral expressions
[stderr] ERROR: 0:42: '/' : wrong operand types - no operation '/' exists that takes a left-hand operand of type 'highp float' and a right operand of type 'const int' (or there is no acceptable conversion)

Converted GLSL source:
#version 300 es
precision highp float;
precision highp int;
in vec2 TexCoord;
#define tc TexCoord
out vec4 color;
uniform float alpha_r;
uniform float alpha_g;
uniform float alpha_b;
in float timeval;
uniform float alpha;
uniform vec4 optx;
uniform vec4 random_var;
uniform float alpha_value;
uniform mat4 mv_matrix;
uniform mat4 proj_matrix;
uniform sampler2D samp;
uniform float value_alpha_r, value_alpha_g, value_alpha_b;
uniform float index_value;
uniform float time_f;

uniform float restore_black;

void main(void)
{
    color = texture(samp, tc);
    ivec3 source;
    for(int i = 0; i < 3; ++i) {
        source[i] = int(255 * color[i]);
    }

    color[0] = (color[0]/8)*alpha_r * timeval;
    color[1] = (color[1]/4)*alpha_g * timeval;
    color[2] = (color[2]/2)*alpha_b * timeval;

    ivec3 int_color;
    for(int i = 0; i < 3; ++i) {
        int_color[i] = int(255 * color[i]);
        int_color[i] = int_color[i]^source[i];
        if(int_color[i] > 255)
            int_color[i] = int_color[i]%255;
        color[i] = float(int_color[i])/255;
    }
}



================================================================================
[127] grid_rand_strobe.glsl
3D program: FAILED
2D program: FAILED

Compiler output:
[stderr] Error on Fragment compile
[stderr] Shader: ERROR: 0:29: '[' : array indexes for fragment outputs must be constant integral expressions
[stderr] ERROR: 0:29: '*' : wrong operand types - no operation '*' exists that takes a left-hand operand of type 'const int' and a right operand of type 'highp float' (or there is no acceptable conversion)
[stderr] ERROR: 0:31: '/' : wrong operand types - no operation '/' exists that takes a left-hand operand of type 'highp float' and a right operand of type 'const int' (or there is no acceptable conversion)
[stderr] ERROR: 0:31: '/' : wrong operand types - no operation '/' exists that takes a left-hand operand of type 'highp float' and a right operand of type 'const int' (or there is no acceptable conversion)
[stderr] ERROR: 0:32: '/' : wrong operand types - no operation '/' exists that takes a left-hand operand of type 'highp float' and a right operand of type 'const int' (or there is no acceptable conversion)
[stderr] ERROR: 0:32: '/' : wrong operand types - no operation '/' exists that takes a left-hand operand of type 'highp float' and a right operand of type 'const int' (or there is no acceptable conversion)
[stderr] ERROR: 0:33: '/' : wrong operand types - no operation '/' exists that takes a left-hand operand of type 'highp float' and a right operand of type 'const int' (or there is no acceptable conversion)
[stderr] ERROR: 0:33: '/' : wrong operand types - no operation '/' exists that takes a left-hand operand of type 'highp float' and a right operand of type 'const int' (or there is no acceptable conversion)
[stderr] ERROR: 0:37: '/' : wrong operand types - no operation '/' exists that takes a left-hand operand of type 'highp 2-component vector of float' and a right operand of type 'const int' (or there is no acceptable conversion)
[stderr] ERROR: 0:44: '[' : array indexes for fragment outputs must be constant integral expressions
[stderr] ERROR: 0:44: '*' : wrong operand types - no operation '*' exists that takes a left-hand operand of type 'const int' and a right operand of type 'highp float' (or there is no acceptable conversion)
[stderr] ERROR: 0:48: '[' : array indexes for fragment outputs must be constant integral expressions
[stderr] ERROR: 0:48: '/' : wrong operand types - no operation '/' exists that takes a left-hand operand of type 'highp float' and a right operand of type 'const int' (or there is no acceptable conversion)
[stderr] Error on Fragment compile
[stderr] Shader: ERROR: 0:29: '[' : array indexes for fragment outputs must be constant integral expressions
[stderr] ERROR: 0:29: '*' : wrong operand types - no operation '*' exists that takes a left-hand operand of type 'const int' and a right operand of type 'highp float' (or there is no acceptable conversion)
[stderr] ERROR: 0:31: '/' : wrong operand types - no operation '/' exists that takes a left-hand operand of type 'highp float' and a right operand of type 'const int' (or there is no acceptable conversion)
[stderr] ERROR: 0:31: '/' : wrong operand types - no operation '/' exists that takes a left-hand operand of type 'highp float' and a right operand of type 'const int' (or there is no acceptable conversion)
[stderr] ERROR: 0:32: '/' : wrong operand types - no operation '/' exists that takes a left-hand operand of type 'highp float' and a right operand of type 'const int' (or there is no acceptable conversion)
[stderr] ERROR: 0:32: '/' : wrong operand types - no operation '/' exists that takes a left-hand operand of type 'highp float' and a right operand of type 'const int' (or there is no acceptable conversion)
[stderr] ERROR: 0:33: '/' : wrong operand types - no operation '/' exists that takes a left-hand operand of type 'highp float' and a right operand of type 'const int' (or there is no acceptable conversion)
[stderr] ERROR: 0:33: '/' : wrong operand types - no operation '/' exists that takes a left-hand operand of type 'highp float' and a right operand of type 'const int' (or there is no acceptable conversion)
[stderr] ERROR: 0:37: '/' : wrong operand types - no operation '/' exists that takes a left-hand operand of type 'highp 2-component vector of float' and a right operand of type 'const int' (or there is no acceptable conversion)
[stderr] ERROR: 0:44: '[' : array indexes for fragment outputs must be constant integral expressions
[stderr] ERROR: 0:44: '*' : wrong operand types - no operation '*' exists that takes a left-hand operand of type 'const int' and a right operand of type 'highp float' (or there is no acceptable conversion)
[stderr] ERROR: 0:48: '[' : array indexes for fragment outputs must be constant integral expressions
[stderr] ERROR: 0:48: '/' : wrong operand types - no operation '/' exists that takes a left-hand operand of type 'highp float' and a right operand of type 'const int' (or there is no acceptable conversion)

Converted GLSL source:
#version 300 es
precision highp float;
precision highp int;
in vec2 TexCoord;
#define tc TexCoord
out vec4 color;
uniform float alpha_r;
uniform float alpha_g;
uniform float alpha_b;
uniform float alpha;
uniform vec4 optx;
in vec4 random_value;
uniform vec4 random_var;
uniform float alpha_value;
uniform mat4 mv_matrix;
uniform mat4 proj_matrix;
uniform sampler2D samp;
uniform float value_alpha_r, value_alpha_g, value_alpha_b;
uniform float index_value;
uniform float time_f;

uniform float restore_black;

void main(void)
{
    color = texture(samp, tc);
    ivec3 source;
    for(int i = 0; i < 3; ++i) {
        source[i] = int(255 * color[i]);
    }
    vec2 cord1 = vec2(tc[0]/3, tc[1]/3);
    vec2 cord2 = vec2(tc[0]/6, tc[1]/6);
    vec2 cord3 = vec2(tc[0]/9, tc[1]/9);
    vec4 col1 = texture(samp, cord1);
    vec4 col2 = texture(samp, cord2);
    vec4 col3 = texture(samp, cord3);
    vec2 val = gl_FragCoord.xy / 3 * random_value[0];
    vec2 f = fract(val);
    color[0] = (color[0] + col1[2]) * f[0];
    color[1] = (color[1] + col2[1]) * f[1];
    color[2] = (color[2] + col3[0]) * f[0]+f[1];
    ivec3 int_color;
    for(int i = 0; i < 3; ++i) {
        int_color[i] = int(255 * color[i]);
        int_color[i] = int_color[i]^source[i];
        if(int_color[i] > 255)
            int_color[i] = int_color[i]%255;
        color[i] = float(int_color[i])/255;
    }
}



================================================================================
[128] grid_sin.glsl
3D program: FAILED
2D program: FAILED

Compiler output:
[stderr] Error on Fragment compile
[stderr] Shader: ERROR: 0:37: '*' : wrong operand types - no operation '*' exists that takes a left-hand operand of type 'highp float' and a right operand of type 'const int' (or there is no acceptable conversion)
[stderr] ERROR: 0:37: '*' : wrong operand types - no operation '*' exists that takes a left-hand operand of type 'highp float' and a right operand of type 'const int' (or there is no acceptable conversion)
[stderr] ERROR: 0:38: '/' : wrong operand types - no operation '/' exists that takes a left-hand operand of type 'uniform highp 4-component vector of float' and a right operand of type 'const int' (or there is no acceptable conversion)
[stderr] Error on Fragment compile
[stderr] Shader: ERROR: 0:37: '*' : wrong operand types - no operation '*' exists that takes a left-hand operand of type 'highp float' and a right operand of type 'const int' (or there is no acceptable conversion)
[stderr] ERROR: 0:37: '*' : wrong operand types - no operation '*' exists that takes a left-hand operand of type 'highp float' and a right operand of type 'const int' (or there is no acceptable conversion)
[stderr] ERROR: 0:38: '/' : wrong operand types - no operation '/' exists that takes a left-hand operand of type 'uniform highp 4-component vector of float' and a right operand of type 'const int' (or there is no acceptable conversion)

Converted GLSL source:
#version 300 es
precision highp float;
precision highp int;
in vec2 TexCoord;
#define tc TexCoord
out vec4 color;
uniform float alpha_r;
uniform float alpha_g;
uniform float alpha_b;
uniform float alpha;
uniform vec4 optx;
uniform vec4 random_var;
uniform float alpha_value;
uniform mat4 mv_matrix;
uniform mat4 proj_matrix;
uniform sampler2D samp;
uniform vec4 inc_value;
uniform vec4 inc_valuex;
uniform float value_alpha_r, value_alpha_g, value_alpha_b;
uniform float index_value;
uniform float time_f;
uniform vec2 iResolution;
uniform float restore_black;

float random (vec2 st) {
    return fract(sin(dot(st.xy,
                         vec2(12.9898,78.233)))*
        43758.5453123);
}

void main(void)
{
    color = texture(samp, tc);
    vec4 orig_color = color;
    float pos = gl_FragCoord.x / inc_valuex.x;
    float pos2 = gl_FragCoord.y / inc_valuex.y;
    float f = fract(pos)*3, f2 = fract(pos2)*3;
    vec4 color2 = inc_valuex/255 * alpha;
    color = color * sin(f) * sin(f2);
    if(color.r < 0.1 && color.g < 0.1 && color.b < 0.1)
        color = orig_color*color2;
}



================================================================================
[129] grid_strobe.glsl
3D program: FAILED
2D program: FAILED

Compiler output:
[stderr] Error on Fragment compile
[stderr] Shader: ERROR: 0:28: '[' : array indexes for fragment outputs must be constant integral expressions
[stderr] ERROR: 0:28: '*' : wrong operand types - no operation '*' exists that takes a left-hand operand of type 'const int' and a right operand of type 'highp float' (or there is no acceptable conversion)
[stderr] ERROR: 0:30: '/' : wrong operand types - no operation '/' exists that takes a left-hand operand of type 'highp float' and a right operand of type 'const int' (or there is no acceptable conversion)
[stderr] ERROR: 0:30: '/' : wrong operand types - no operation '/' exists that takes a left-hand operand of type 'highp float' and a right operand of type 'const int' (or there is no acceptable conversion)
[stderr] ERROR: 0:31: '/' : wrong operand types - no operation '/' exists that takes a left-hand operand of type 'highp float' and a right operand of type 'const int' (or there is no acceptable conversion)
[stderr] ERROR: 0:31: '/' : wrong operand types - no operation '/' exists that takes a left-hand operand of type 'highp float' and a right operand of type 'const int' (or there is no acceptable conversion)
[stderr] ERROR: 0:32: '/' : wrong operand types - no operation '/' exists that takes a left-hand operand of type 'highp float' and a right operand of type 'const int' (or there is no acceptable conversion)
[stderr] ERROR: 0:32: '/' : wrong operand types - no operation '/' exists that takes a left-hand operand of type 'highp float' and a right operand of type 'const int' (or there is no acceptable conversion)
[stderr] ERROR: 0:36: '/' : wrong operand types - no operation '/' exists that takes a left-hand operand of type 'highp 2-component vector of float' and a right operand of type 'const int' (or there is no acceptable conversion)
[stderr] ERROR: 0:43: '[' : array indexes for fragment outputs must be constant integral expressions
[stderr] ERROR: 0:43: '*' : wrong operand types - no operation '*' exists that takes a left-hand operand of type 'const int' and a right operand of type 'highp float' (or there is no acceptable conversion)
[stderr] ERROR: 0:47: '[' : array indexes for fragment outputs must be constant integral expressions
[stderr] ERROR: 0:47: '/' : wrong operand types - no operation '/' exists that takes a left-hand operand of type 'highp float' and a right operand of type 'const int' (or there is no acceptable conversion)
[stderr] Error on Fragment compile
[stderr] Shader: ERROR: 0:28: '[' : array indexes for fragment outputs must be constant integral expressions
[stderr] ERROR: 0:28: '*' : wrong operand types - no operation '*' exists that takes a left-hand operand of type 'const int' and a right operand of type 'highp float' (or there is no acceptable conversion)
[stderr] ERROR: 0:30: '/' : wrong operand types - no operation '/' exists that takes a left-hand operand of type 'highp float' and a right operand of type 'const int' (or there is no acceptable conversion)
[stderr] ERROR: 0:30: '/' : wrong operand types - no operation '/' exists that takes a left-hand operand of type 'highp float' and a right operand of type 'const int' (or there is no acceptable conversion)
[stderr] ERROR: 0:31: '/' : wrong operand types - no operation '/' exists that takes a left-hand operand of type 'highp float' and a right operand of type 'const int' (or there is no acceptable conversion)
[stderr] ERROR: 0:31: '/' : wrong operand types - no operation '/' exists that takes a left-hand operand of type 'highp float' and a right operand of type 'const int' (or there is no acceptable conversion)
[stderr] ERROR: 0:32: '/' : wrong operand types - no operation '/' exists that takes a left-hand operand of type 'highp float' and a right operand of type 'const int' (or there is no acceptable conversion)
[stderr] ERROR: 0:32: '/' : wrong operand types - no operation '/' exists that takes a left-hand operand of type 'highp float' and a right operand of type 'const int' (or there is no acceptable conversion)
[stderr] ERROR: 0:36: '/' : wrong operand types - no operation '/' exists that takes a left-hand operand of type 'highp 2-component vector of float' and a right operand of type 'const int' (or there is no acceptable conversion)
[stderr] ERROR: 0:43: '[' : array indexes for fragment outputs must be constant integral expressions
[stderr] ERROR: 0:43: '*' : wrong operand types - no operation '*' exists that takes a left-hand operand of type 'const int' and a right operand of type 'highp float' (or there is no acceptable conversion)
[stderr] ERROR: 0:47: '[' : array indexes for fragment outputs must be constant integral expressions
[stderr] ERROR: 0:47: '/' : wrong operand types - no operation '/' exists that takes a left-hand operand of type 'highp float' and a right operand of type 'const int' (or there is no acceptable conversion)

Converted GLSL source:
#version 300 es
precision highp float;
precision highp int;
in vec2 TexCoord;
#define tc TexCoord
out vec4 color;
uniform float alpha_r;
uniform float alpha_g;
uniform float alpha_b;
uniform float alpha;
uniform vec4 optx;
uniform vec4 random_var;
uniform float alpha_value;
uniform mat4 mv_matrix;
uniform mat4 proj_matrix;
uniform sampler2D samp;
uniform float value_alpha_r, value_alpha_g, value_alpha_b;
uniform float index_value;
uniform float time_f;

uniform float restore_black;

void main(void)
{
    color = texture(samp, tc);
    ivec3 source;
    for(int i = 0; i < 3; ++i) {
        source[i] = int(255 * color[i]);
    }
    vec2 cord1 = vec2(tc[0]/3, tc[1]/3);
    vec2 cord2 = vec2(tc[0]/6, tc[1]/6);
    vec2 cord3 = vec2(tc[0]/9, tc[1]/9);
    vec4 col1 = texture(samp, cord1);
    vec4 col2 = texture(samp, cord2);
    vec4 col3 = texture(samp, cord3);
    vec2 val = gl_FragCoord.xy / 3 * alpha_r;
    vec2 f = fract(val);
    color[0] = (color[0] + col1[2]) * f[0];
    color[1] = (color[1] + col2[1]) * f[1];
    color[2] = (color[2] + col3[0]) * f[0]+f[1];
    ivec3 int_color;
    for(int i = 0; i < 3; ++i) {
        int_color[i] = int(255 * color[i]);
        int_color[i] = int_color[i]^source[i];
        if(int_color[i] > 255)
            int_color[i] = int_color[i]%255;
        color[i] = float(int_color[i])/255;
    }
}



================================================================================
[130] gridcolor_gradient.glsl
3D program: FAILED
2D program: FAILED

Compiler output:
[stderr] Error on Fragment compile
[stderr] Shader: ERROR: 0:27: '*' : wrong operand types - no operation '*' exists that takes a left-hand operand of type 'const int' and a right operand of type 'highp float' (or there is no acceptable conversion)
[stderr] ERROR: 0:31: '/' : wrong operand types - no operation '/' exists that takes a left-hand operand of type 'highp float' and a right operand of type 'const int' (or there is no acceptable conversion)
[stderr] ERROR: 0:40: '*' : wrong operand types - no operation '*' exists that takes a left-hand operand of type 'const int' and a right operand of type 'out highp 4-component vector of float' (or there is no acceptable conversion)
[stderr] Error on Fragment compile
[stderr] Shader: ERROR: 0:27: '*' : wrong operand types - no operation '*' exists that takes a left-hand operand of type 'const int' and a right operand of type 'highp float' (or there is no acceptable conversion)
[stderr] ERROR: 0:31: '/' : wrong operand types - no operation '/' exists that takes a left-hand operand of type 'highp float' and a right operand of type 'const int' (or there is no acceptable conversion)
[stderr] ERROR: 0:40: '*' : wrong operand types - no operation '*' exists that takes a left-hand operand of type 'const int' and a right operand of type 'out highp 4-component vector of float' (or there is no acceptable conversion)

Converted GLSL source:
#version 300 es
precision highp float;
precision highp int;
in vec2 TexCoord;
#define tc TexCoord
out vec4 color;
uniform float alpha_r;
uniform float alpha_g;
uniform float alpha_b;
uniform float alpha;
uniform vec4 optx;
uniform vec4 random_var;
uniform float alpha_value;
uniform mat4 mv_matrix;
uniform mat4 proj_matrix;
uniform sampler2D samp;
uniform float value_alpha_r, value_alpha_g, value_alpha_b;
uniform float index_value;
uniform float time_f;

uniform float restore_black;
in vec2 iResolution_;

vec4 xor_RGB(vec4 icolor, ivec4 isource) {
    ivec3 int_color;
    for(int i = 0; i < 3; ++i) {
        int_color[i] = int(255 * icolor[i]);
        int_color[i] = int_color[i]^isource[i];
        if(int_color[i] > 255)
            int_color[i] = int_color[i]%255;
        icolor[i] = float(int_color[i])/255;
    }
    icolor.a = 1.0;
return icolor;
}

void main(void)
{
    color = texture(samp, tc);
    ivec4 source = ivec4(255 * color);
    vec2 pos = gl_FragCoord.xy/iResolution_.xy;
  
    pos[0] += 0.01;
    pos[1] += 0.01;
    vec4 color2 = texture(samp, pos);
    color *= vec4(tc, tc[0]+tc[1], 1);
    color = (color * 0.5) + (0.5 * color2);
    color = xor_RGB(color, source);
   
}



================================================================================
[131] index_purple.glsl
3D program: FAILED
2D program: FAILED

Compiler output:
[stderr] Error on Fragment compile
[stderr] Shader: ERROR: 0:29: '/' : wrong operand types - no operation '/' exists that takes a left-hand operand of type 'highp float' and a right operand of type 'const int' (or there is no acceptable conversion)
[stderr] ERROR: 0:30: '/' : wrong operand types - no operation '/' exists that takes a left-hand operand of type 'highp float' and a right operand of type 'const int' (or there is no acceptable conversion)
[stderr] ERROR: 0:31: '*' : wrong operand types - no operation '*' exists that takes a left-hand operand of type 'highp float' and a right operand of type 'const int' (or there is no acceptable conversion)
[stderr] ERROR: 0:31: '/' : wrong operand types - no operation '/' exists that takes a left-hand operand of type 'highp float' and a right operand of type 'const int' (or there is no acceptable conversion)
[stderr] ERROR: 0:32: 'assign' : cannot convert from 'const int' to 'highp float'
[stderr] ERROR: 0:33: '*' : wrong operand types - no operation '*' exists that takes a left-hand operand of type 'highp float' and a right operand of type 'const int' (or there is no acceptable conversion)
[stderr] ERROR: 0:33: '/' : wrong operand types - no operation '/' exists that takes a left-hand operand of type 'highp float' and a right operand of type 'const int' (or there is no acceptable conversion)
[stderr] Error on Fragment compile
[stderr] Shader: ERROR: 0:29: '/' : wrong operand types - no operation '/' exists that takes a left-hand operand of type 'highp float' and a right operand of type 'const int' (or there is no acceptable conversion)
[stderr] ERROR: 0:30: '/' : wrong operand types - no operation '/' exists that takes a left-hand operand of type 'highp float' and a right operand of type 'const int' (or there is no acceptable conversion)
[stderr] ERROR: 0:31: '*' : wrong operand types - no operation '*' exists that takes a left-hand operand of type 'highp float' and a right operand of type 'const int' (or there is no acceptable conversion)
[stderr] ERROR: 0:31: '/' : wrong operand types - no operation '/' exists that takes a left-hand operand of type 'highp float' and a right operand of type 'const int' (or there is no acceptable conversion)
[stderr] ERROR: 0:32: 'assign' : cannot convert from 'const int' to 'highp float'
[stderr] ERROR: 0:33: '*' : wrong operand types - no operation '*' exists that takes a left-hand operand of type 'highp float' and a right operand of type 'const int' (or there is no acceptable conversion)
[stderr] ERROR: 0:33: '/' : wrong operand types - no operation '/' exists that takes a left-hand operand of type 'highp float' and a right operand of type 'const int' (or there is no acceptable conversion)

Converted GLSL source:
#version 300 es
precision highp float;
precision highp int;
in vec2 TexCoord;
#define tc TexCoord
out vec4 color;
uniform float alpha_r;
uniform float alpha_g;
uniform float alpha_b;
uniform float alpha;
uniform vec4 optx;
uniform vec4 random_var;
uniform float alpha_value;

uniform mat4 mv_matrix;
uniform mat4 proj_matrix;
uniform sampler2D samp;
uniform float value_alpha_r, value_alpha_g, value_alpha_b;
uniform float index_value;
uniform float time_f;
uniform vec2 iResolution;

uniform float restore_black;

void main(void)
{
    color = texture(samp, tc);
    vec4 back_color = color;
    float x = gl_FragCoord.x / 16;
    float y = gl_FragCoord.y / 16;
    color[0] += (color[0] * 255 / x) / 255;
    color[1] = 0;
    color[2] += (color[2] * 255 / y) / 255;

    color[0] = color[0] * 0.8;
    color[2] = color[2] * 0.8;
}



================================================================================
[132] lightfade.glsl
3D program: FAILED
2D program: FAILED

Compiler output:
[stderr] Error on Fragment compile
[stderr] Shader: ERROR: 0:34: '[' : array indexes for fragment outputs must be constant integral expressions
[stderr] ERROR: 0:34: '*' : wrong operand types - no operation '*' exists that takes a left-hand operand of type 'const int' and a right operand of type 'highp float' (or there is no acceptable conversion)
[stderr] ERROR: 0:40: '/' : wrong operand types - no operation '/' exists that takes a left-hand operand of type 'const int' and a right operand of type 'highp float' (or there is no acceptable conversion)
[stderr] ERROR: 0:40: '=' : cannot convert from 'const int' to 'highp float'
[stderr] ERROR: 0:41: '[' : array indexes for fragment outputs must be constant integral expressions
[stderr] ERROR: 0:41: '[' : array indexes for fragment outputs must be constant integral expressions
[stderr] Error on Fragment compile
[stderr] Shader: ERROR: 0:34: '[' : array indexes for fragment outputs must be constant integral expressions
[stderr] ERROR: 0:34: '*' : wrong operand types - no operation '*' exists that takes a left-hand operand of type 'const int' and a right operand of type 'highp float' (or there is no acceptable conversion)
[stderr] ERROR: 0:40: '/' : wrong operand types - no operation '/' exists that takes a left-hand operand of type 'const int' and a right operand of type 'highp float' (or there is no acceptable conversion)
[stderr] ERROR: 0:40: '=' : cannot convert from 'const int' to 'highp float'
[stderr] ERROR: 0:41: '[' : array indexes for fragment outputs must be constant integral expressions
[stderr] ERROR: 0:41: '[' : array indexes for fragment outputs must be constant integral expressions

Converted GLSL source:
#version 300 es
precision highp float;
precision highp int;
in vec2 TexCoord;
#define tc TexCoord
out vec4 color;
uniform float alpha_r;
uniform float alpha_g;
uniform float alpha_b;
uniform float alpha;
uniform vec4 optx;
uniform vec4 random_var;
uniform float alpha_value;
uniform mat4 mv_matrix;
uniform mat4 proj_matrix;
uniform sampler2D samp;
uniform float value_alpha_r, value_alpha_g, value_alpha_b;
uniform float index_value;
uniform float time_f;

uniform float restore_black;

float random (vec2 st) {
    return fract(sin(dot(st.xy,
                         vec2(12.9898,78.233)))*
        43758.5453123);
}

void main(void)
{
    color = texture(samp, tc);
    ivec3 source;
    for(int i = 0; i < 3; ++i) {
        source[i] = int(255 * color[i]);
    }

    vec3 st = gl_FragCoord.xyz;
    
    for(int i = 0; i < 3; ++i) {
        float f = 1024/st[i];
        color[i] = color[i]*f;
    }
    
    // Assign a random value based on the integer coord
}


================================================================================
[133] lightfade_xor.glsl
3D program: FAILED
2D program: FAILED

Compiler output:
[stderr] Error on Fragment compile
[stderr] Shader: ERROR: 0:37: '*' : wrong operand types - no operation '*' exists that takes a left-hand operand of type 'out highp 4-component vector of float' and a right operand of type 'const int' (or there is no acceptable conversion)
[stderr] ERROR: 0:39: '/' : wrong operand types - no operation '/' exists that takes a left-hand operand of type 'highp 4-component vector of float' and a right operand of type 'const int' (or there is no acceptable conversion)
[stderr] ERROR: 0:42: '[' : array indexes for fragment outputs must be constant integral expressions
[stderr] ERROR: 0:42: '*' : wrong operand types - no operation '*' exists that takes a left-hand operand of type 'const int' and a right operand of type 'highp float' (or there is no acceptable conversion)
[stderr] ERROR: 0:46: '[' : array indexes for fragment outputs must be constant integral expressions
[stderr] ERROR: 0:46: '/' : wrong operand types - no operation '/' exists that takes a left-hand operand of type 'highp float' and a right operand of type 'const int' (or there is no acceptable conversion)
[stderr] Error on Fragment compile
[stderr] Shader: ERROR: 0:37: '*' : wrong operand types - no operation '*' exists that takes a left-hand operand of type 'out highp 4-component vector of float' and a right operand of type 'const int' (or there is no acceptable conversion)
[stderr] ERROR: 0:39: '/' : wrong operand types - no operation '/' exists that takes a left-hand operand of type 'highp 4-component vector of float' and a right operand of type 'const int' (or there is no acceptable conversion)
[stderr] ERROR: 0:42: '[' : array indexes for fragment outputs must be constant integral expressions
[stderr] ERROR: 0:42: '*' : wrong operand types - no operation '*' exists that takes a left-hand operand of type 'const int' and a right operand of type 'highp float' (or there is no acceptable conversion)
[stderr] ERROR: 0:46: '[' : array indexes for fragment outputs must be constant integral expressions
[stderr] ERROR: 0:46: '/' : wrong operand types - no operation '/' exists that takes a left-hand operand of type 'highp float' and a right operand of type 'const int' (or there is no acceptable conversion)

Converted GLSL source:
#version 300 es
precision highp float;
precision highp int;
in vec2 TexCoord;
#define tc TexCoord
out vec4 color;
uniform float alpha_r;
uniform float alpha_g;
uniform float alpha_b;
in float timeval;
uniform float alpha;
uniform vec4 optx;
uniform vec4 random_var;
uniform float alpha_value;
uniform mat4 mv_matrix;
uniform mat4 proj_matrix;
uniform sampler2D samp;
uniform float value_alpha_r, value_alpha_g, value_alpha_b;
uniform float index_value;
uniform float time_f;
uniform vec2 iResolution;

uniform float restore_black;
in vec2 iResolution_;

float random (vec2 st) {
    return fract(sin(dot(st.xy,
                         vec2(12.9898,78.233)))*
        43758.5453123);
}

void main(void)
{
    color = texture(samp, tc);
    vec2 pos = gl_FragCoord.xy / iResolution_.xy * timeval;
    float r = random(pos);
    ivec4 source =ivec4(color * 255);
    vec4 c = vec4(0.2, 0.5, 0.8, 1);
    color = color * c * alpha/2;
    ivec3 int_color;
    for(int i = 0; i < 3; ++i) {
        int_color[i] = int(255 * color[i]);
        int_color[i] = int_color[i]^source[i];
        if(int_color[i] > 255)
            int_color[i] = int_color[i]%255;
        color[i] = float(int_color[i])/255;
    }
   
}



================================================================================
[134] lightfadedark.glsl
3D program: FAILED
2D program: FAILED

Compiler output:
[stderr] Error on Fragment compile
[stderr] Shader: ERROR: 0:2: '
[stderr] ' : #version directive must occur on the first line of the shader
[stderr] ERROR: 0:5: 'in' : storage qualifier supported in GLSL ES 3.00 and above only
[stderr] ERROR: 0:7: 'out' : storage qualifier supported in GLSL ES 3.00 and above only
[stderr] ERROR: 0:25: 'in' : storage qualifier supported in GLSL ES 3.00 and above only
[stderr] ERROR: 0:29: 'texture' : no matching overloaded function found
[stderr] ERROR: 0:29: '=' : dimension mismatch
[stderr] ERROR: 0:29: 'assign' : cannot convert from 'const mediump float' to 'out highp 4-component vector of float'
[stderr] ERROR: 0:32: '[' : array indexes for fragment outputs must be constant integral expressions
[stderr] ERROR: 0:32: '*' : wrong operand types - no operation '*' exists that takes a left-hand operand of type 'const int' and a right operand of type 'highp float' (or there is no acceptable conversion)
[stderr] ERROR: 0:39: '/' : wrong operand types - no operation '/' exists that takes a left-hand operand of type 'const int' and a right operand of type 'highp float' (or there is no acceptable conversion)
[stderr] ERROR: 0:39: '=' : cannot convert from 'const int' to 'highp float'
[stderr] ERROR: 0:40: '[' : array indexes for fragment outputs must be constant integral expressions
[stderr] ERROR: 0:40: '[' : array indexes for fragment outputs must be constant integral expressions
[stderr] ERROR: 0:44: '[' : array indexes for fragment outputs must be constant integral expressions
[stderr] ERROR: 0:44: '*' : wrong operand types - no operation '*' exists that takes a left-hand operand of type 'const int' and a right operand of type 'highp float' (or there is no acceptable conversion)
[stderr] ERROR: 0:45: '^' : bit-wise operator supported in GLSL ES 3.00 and above only
[stderr] ERROR: 0:47: '%' : integer modulus operator supported in GLSL ES 3.00 and above only
[stderr] ERROR: 0:48: '[' : array indexes for fragment outputs must be constant integral expressions
[stderr] ERROR: 0:48: '/' : wrong operand types - no operation '/' exists that takes a left-hand operand of type 'highp float' and a right operand of type 'const int' (or there is no acceptable conversion)
[stderr] Error on Fragment compile
[stderr] Shader: ERROR: 0:2: '
[stderr] ' : #version directive must occur on the first line of the shader
[stderr] ERROR: 0:5: 'in' : storage qualifier supported in GLSL ES 3.00 and above only
[stderr] ERROR: 0:7: 'out' : storage qualifier supported in GLSL ES 3.00 and above only
[stderr] ERROR: 0:25: 'in' : storage qualifier supported in GLSL ES 3.00 and above only
[stderr] ERROR: 0:29: 'texture' : no matching overloaded function found
[stderr] ERROR: 0:29: '=' : dimension mismatch
[stderr] ERROR: 0:29: 'assign' : cannot convert from 'const mediump float' to 'out highp 4-component vector of float'
[stderr] ERROR: 0:32: '[' : array indexes for fragment outputs must be constant integral expressions
[stderr] ERROR: 0:32: '*' : wrong operand types - no operation '*' exists that takes a left-hand operand of type 'const int' and a right operand of type 'highp float' (or there is no acceptable conversion)
[stderr] ERROR: 0:39: '/' : wrong operand types - no operation '/' exists that takes a left-hand operand of type 'const int' and a right operand of type 'highp float' (or there is no acceptable conversion)
[stderr] ERROR: 0:39: '=' : cannot convert from 'const int' to 'highp float'
[stderr] ERROR: 0:40: '[' : array indexes for fragment outputs must be constant integral expressions
[stderr] ERROR: 0:40: '[' : array indexes for fragment outputs must be constant integral expressions
[stderr] ERROR: 0:44: '[' : array indexes for fragment outputs must be constant integral expressions
[stderr] ERROR: 0:44: '*' : wrong operand types - no operation '*' exists that takes a left-hand operand of type 'const int' and a right operand of type 'highp float' (or there is no acceptable conversion)
[stderr] ERROR: 0:45: '^' : bit-wise operator supported in GLSL ES 3.00 and above only
[stderr] ERROR: 0:47: '%' : integer modulus operator supported in GLSL ES 3.00 and above only
[stderr] ERROR: 0:48: '[' : array indexes for fragment outputs must be constant integral expressions
[stderr] ERROR: 0:48: '/' : wrong operand types - no operation '/' exists that takes a left-hand operand of type 'highp float' and a right operand of type 'const int' (or there is no acceptable conversion)

Converted GLSL source:

#version 300 es
precision highp float;
precision highp int;
in vec2 TexCoord;
#define tc TexCoord
out vec4 color;
uniform float alpha_r;
uniform float alpha_g;
uniform float alpha_b;
uniform float alpha;
uniform vec4 optx;
uniform vec4 random_var;
uniform float alpha_value;

uniform mat4 mv_matrix;
uniform mat4 proj_matrix;
uniform sampler2D samp;
uniform float value_alpha_r, value_alpha_g, value_alpha_b;
uniform float index_value;
uniform float time_f;
uniform vec2 iResolution;

uniform float restore_black;
in vec2 iResolution_;

void main(void)
{
    color = texture(samp, tc);
    ivec3 source;
    for(int i = 0; i < 3; ++i) {
        source[i] = int(255 * color[i]);
    }

    vec2 pos = iResolution_.xy;
    vec3 st = gl_FragCoord.zyx;
    
    for(int i = 0; i < 3; ++i) {
        float f = (1024/st[i]);
        color[i] = color[i]*f;
    }
    ivec3 int_color;
    for(int i = 0; i < 3; ++i) {
        int_color[i] = int(255 * color[i]);
        int_color[i] = int_color[i]^source[i];
        if(int_color[i] > 255)
            int_color[i] = int_color[i]%255;
        color[i] = float(int_color[i])/255;
    }
}



================================================================================
[135] Liquid_Crystal_Rainbow1.glsl
3D program: FAILED
2D program: FAILED

Compiler output:
[stderr] Error on Fragment compile
[stderr] Shader: ERROR: 0:27: '=' : global variable initializers must be constant expressions
[stderr] Error on Fragment compile
[stderr] Shader: ERROR: 0:27: '=' : global variable initializers must be constant expressions

Converted GLSL source:
#version 300 es
precision highp float;
precision highp int;

out vec4 color;
in vec2 TexCoord;
#define tc TexCoord

uniform sampler2D samp;
uniform float time_f;
uniform vec2 iResolution;
uniform vec4 iMouse;
const float PI = 3.14159265359;
// --- CONTROLS ---

float pingPong(float x, float length) {
    float modVal = mod(x, length * 2.0);
    return modVal <= length ? modVal : length * 2.0 - modVal;
}

const float iAmplitude  = 0.5;
const float iFrequency  = 1.5;
const float iBrightness = 0.8; 
const float iContrast   = 1.1; 
const float iSaturation = 0.5; // slightly lowered default so texture pops
const float iZoom       = 1.0;
float iRotation   = pingPong(time_f, 10.0);


// --- RAINBOW COLOR FUNCTION ---
vec3 rainbow(float t) {
    t = fract(t);
    float r = abs(t * 6.0 - 3.0) - 1.0;
    float g = 2.0 - abs(t * 6.0 - 2.0);
    float b = 2.0 - abs(t * 6.0 - 4.0);
    return clamp(vec3(r, g, b), 0.0, 1.0);
}

// --- HELPERS ---
vec3 adjustBrightness(vec3 col, float b) { return col * b; }
vec3 adjustContrast(vec3 col, float c) { return (col - 0.5) * c + 0.5; }
vec3 adjustSaturation(vec3 col, float s) {
    float gray = dot(col, vec3(0.299, 0.587, 0.114));
    return mix(vec3(gray), col, s);
}

vec2 wrapUV(vec2 tc) {
    return 1.0 - abs(1.0 - 2.0 * fract(tc * 0.5));
}

vec4 mxTexture(sampler2D tex, vec2 tc) {
    vec2 ts = vec2(textureSize(tex, 0));
    vec2 eps = 0.5 / ts;
    vec2 uv = wrapUV(tc);
    vec2 sampleUV = clamp(uv, eps, 1.0 - eps);
    return texture(tex, sampleUV);
}

vec2 rotate2D(vec2 p, float a) {
    float c = cos(a); float s = sin(a);
    return mat2(c, -s, s, c) * p;
}

// --- NOISE ---
float hash(vec2 p) {
    return fract(sin(dot(p, vec2(127.1, 311.7))) * 43758.5453123);
}

float noise(vec2 p) {
    vec2 i = floor(p);
    vec2 f = fract(p);
    vec2 u = f * f * (3.0 - 2.0 * f);
    float a = hash(i + vec2(0.0, 0.0));
    float b = hash(i + vec2(1.0, 0.0));
    float c = hash(i + vec2(0.0, 1.0));
    float d = hash(i + vec2(1.0, 1.0));
    return mix(mix(a, b, u.x), mix(c, d, u.x), u.y);
}

float fbm(vec2 p, bool ridges) {
    float v = 0.0;
    float a = 0.5;
    for (int i = 0; i < 4; i++) { 
        float n = noise(p);
        if (ridges) n = 1.0 - abs(n * 2.0 - 1.0); 
        v += a * n;
        p *= 2.05;
        a *= 0.5;
    }
    return v;
}

vec2 kaleido(vec2 p, float slices) {
    float r = length(p);
    float a = atan(p.y, p.x);
    float sector = PI * 2.0 / slices;
    a = mod(a, sector);
    a = abs(a - sector * 0.5);
    return vec2(cos(a), sin(a)) * r;
}

// --- CORE EFFECT ---

vec3 sampleLiquidRainbow(vec2 uv, float t, float strength, vec2 center, vec2 res) {
    float aspect = res.x / res.y;
    vec2 p = (uv - center) * vec2(aspect, 1.0);
    
    // 1. Initial Transform
    p = rotate2D(p, iRotation);
    float zoom = max(iZoom, 0.01);
    p /= zoom;

    // 2. WARP ENGINE
    vec2 q = vec2(0.0);
    q.x = fbm(p + vec2(0.0, 0.0) + t * 0.1, false);
    q.y = fbm(p + vec2(5.2, 1.3) - t * 0.1, false);

    vec2 r = vec2(0.0);
    r.x = fbm(p + 4.0 * q + vec2(t * 0.2, 9.2), true); 
    r.y = fbm(p + 4.0 * q + vec2(8.3, 2.8), false);

    p += r * (0.15 * strength);

    // 3. FRACTAL FOLDING
    float slices = 6.0 + floor(iAmplitude * 4.0);
    p = kaleido(p, slices);
    
    int iterations = 4 + int(iAmplitude * 1.5); 
    float scale = 1.1 + (iFrequency * 0.3);
    float shift = 0.1 * strength;
    float angle = t * 0.2;
    
    for(int i = 0; i < iterations; i++) {
        p = abs(p);
        p -= shift;
        p *= scale;
        p = rotate2D(p, angle + float(i)*0.5 + (r.x * 0.2)); 
    }

    // 4. COLOR CALCULATION
    float spiralAngle = atan(p.y, p.x);
    float colorIndex = (spiralAngle / (2.0 * PI)) + length(p) * 0.5 + t * 0.5;
    vec3 rainbowCol = rainbow(colorIndex);

    // 5. COMPOSITION (MODIFIED)
    
    // A. Sample the texture using the warped 'p' coordinate
    // This applies the liquid shape to the texture image
    vec2 finalUV = p * 0.5 + center;
    vec3 texCol = mxTexture(samp, finalUV).rgb;
    
    // B. Calculate "Electric" glow intensity
    float electric = pow(length(r), 3.0) * iContrast; 

    // C. BLEND: Tint the Texture
    // We calculate the luminance (brightness) of the texture
    float texLum = dot(texCol, vec3(0.299, 0.587, 0.114));
    
    // Create a "Colorized" version: 
    // Uses the Texture's brightness but the Rainbow's color.
    // Multiplied by 2.0 to ensure it glows rather than darkening.
    vec3 colorizedTex = rainbowCol * texLum * 2.5;
    
    // Mix the original texture color with the colorized version
    // iSaturation now controls how much of the rainbow tint applies
    vec3 finalCol = mix(texCol, colorizedTex, iSaturation);
    
    // D. Add the glowing electric ridges on top
    finalCol += rainbowCol * electric * strength;
    
    return finalCol;
}

void main() {
    vec2 uv = tc;
    uv = wrapUV(uv);
    
    float t = time_f * (0.2 + iFrequency * 0.1);
    float ampControl = clamp(iAmplitude, 0.0, 2.0);
    float strength = 0.5 + (ampControl * 1.0);
    
    vec2 center = vec2(0.5);
    if (iMouse.z > 0.0) {
        center = iMouse.xy / iResolution;
    }

    vec2 offset = vec2(0.003 * strength, 0.0);
    
    vec3 col;
    col.r = sampleLiquidRainbow(uv + offset, t, strength, center, iResolution).r;
    col.g = sampleLiquidRainbow(uv,          t, strength, center, iResolution).g;
    col.b = sampleLiquidRainbow(uv - offset, t, strength, center, iResolution).b;

    // Post Processing
    col = adjustBrightness(col, iBrightness);
    col = adjustContrast(col, iContrast);
    
    // Vignette
    vec2 vUV = uv * (1.0 - uv.yx); 
    float vig = vUV.x * vUV.y * 15.0; 
    vig = pow(vig, 0.15); 
    col *= vig;
    
    // Pulse
   float pulse = 0.85 + 0.15 * sin(time_f * 2.0);
   color = vec4(col * pulse, 1.0);
}

================================================================================
[136] matrix.glsl
3D program: FAILED
2D program: FAILED

Compiler output:
[stderr] Error on Fragment compile
[stderr] Shader: ERROR: 0:2: '
[stderr] ' : #version directive must occur on the first line of the shader
[stderr] ERROR: 0:5: 'out' : storage qualifier supported in GLSL ES 3.00 and above only
[stderr] ERROR: 0:6: 'in' : storage qualifier supported in GLSL ES 3.00 and above only
[stderr] ERROR: 0:20: 'texture' : no matching overloaded function found
[stderr] ERROR: 0:20: '=' : dimension mismatch
[stderr] ERROR: 0:20: 'assign' : cannot convert from 'const mediump float' to 'out highp 4-component vector of float'
[stderr] Error on Fragment compile
[stderr] Shader: ERROR: 0:2: '
[stderr] ' : #version directive must occur on the first line of the shader
[stderr] ERROR: 0:5: 'out' : storage qualifier supported in GLSL ES 3.00 and above only
[stderr] ERROR: 0:6: 'in' : storage qualifier supported in GLSL ES 3.00 and above only
[stderr] ERROR: 0:20: 'texture' : no matching overloaded function found
[stderr] ERROR: 0:20: '=' : dimension mismatch
[stderr] ERROR: 0:20: 'assign' : cannot convert from 'const mediump float' to 'out highp 4-component vector of float'

Converted GLSL source:
// matrix
#version 300 es
precision highp float;
precision highp int;
out vec4 color;
in vec2 TexCoord;
#define tc TexCoord
uniform sampler2D samp;
uniform vec2 iResolution;
uniform float time_f;

void main(void) {
    float time_t = mod(time_f, 10.0);
    vec2 normCoord = (tc * 2.0 - 1.0) * vec2(iResolution.x / iResolution.y, 1.0);
    float refractionIndex = time_t * 0.5;
    float radius = 1.0 * tan(time_t);
    float distSquared = dot(normCoord, normCoord);
    normCoord *= 1.0 + refractionIndex * distSquared;
    vec2 coord = tan(normCoord * time_t) / vec2(iResolution.x / iResolution.y, 1.0) * 0.5 + 0.5;
    color = texture(samp, coord);
}


================================================================================
[137] matrix_mul.glsl
3D program: FAILED
2D program: FAILED

Compiler output:
[stderr] Error on Fragment compile
[stderr] Shader: ERROR: 0:25: '*' : wrong operand types - no operation '*' exists that takes a left-hand operand of type 'const int' and a right operand of type 'highp float' (or there is no acceptable conversion)
[stderr] ERROR: 0:29: '/' : wrong operand types - no operation '/' exists that takes a left-hand operand of type 'highp float' and a right operand of type 'const int' (or there is no acceptable conversion)
[stderr] ERROR: 0:38: '*' : wrong operand types - no operation '*' exists that takes a left-hand operand of type 'const int' and a right operand of type 'out highp 4-component vector of float' (or there is no acceptable conversion)
[stderr] Error on Fragment compile
[stderr] Shader: ERROR: 0:25: '*' : wrong operand types - no operation '*' exists that takes a left-hand operand of type 'const int' and a right operand of type 'highp float' (or there is no acceptable conversion)
[stderr] ERROR: 0:29: '/' : wrong operand types - no operation '/' exists that takes a left-hand operand of type 'highp float' and a right operand of type 'const int' (or there is no acceptable conversion)
[stderr] ERROR: 0:38: '*' : wrong operand types - no operation '*' exists that takes a left-hand operand of type 'const int' and a right operand of type 'out highp 4-component vector of float' (or there is no acceptable conversion)

Converted GLSL source:
#version 300 es
precision highp float;
precision highp int;
in vec2 TexCoord;
#define tc TexCoord
out vec4 color;
uniform float alpha_r;
uniform float alpha_g;
uniform float alpha_b;
uniform float alpha;
uniform vec4 optx;
uniform vec4 random_var;
uniform float alpha_value;
uniform mat4 mv_matrix;
uniform mat4 proj_matrix;
uniform sampler2D samp;
uniform float value_alpha_r, value_alpha_g, value_alpha_b;
uniform float index_value;
uniform float time_f;
uniform float restore_black;

vec4 xor_RGB(vec4 icolor, ivec4 isource) {
    ivec3 int_color;
    for(int i = 0; i < 3; ++i) {
        int_color[i] = int(255 * icolor[i]);
        int_color[i] = int_color[i]^isource[i];
        if(int_color[i] > 255)
            int_color[i] = int_color[i]%255;
        icolor[i] = float(int_color[i])/255;
    }
    icolor.a = 1.0;
return icolor;
}

void main(void)
{
    color = texture(samp, tc);
    ivec4 source = ivec4(255 * color);
    mat4 matrix = mat4(alpha, 0.1, 0.2, 0.3,
                       0.4, -alpha, 0.5, 0.6,
                       0.7, 0.8, alpha, 0.9,
                       0, 0, 0, -alpha);
    
    color = color * (0.5 * matrix);
    color = xor_RGB(color, source);
    vec4 color2 = texture(samp, tc+0.01);
    vec4 color3 = texture(samp, tc-0.01);
    color = (0.5 * color) + (0.3 * color2) + (0.3 * color3);
}



================================================================================
[138] matrix_mul2.glsl
3D program: FAILED
2D program: FAILED

Compiler output:
[stderr] Error on Fragment compile
[stderr] Shader: ERROR: 0:25: '*' : wrong operand types - no operation '*' exists that takes a left-hand operand of type 'const int' and a right operand of type 'highp float' (or there is no acceptable conversion)
[stderr] ERROR: 0:29: '/' : wrong operand types - no operation '/' exists that takes a left-hand operand of type 'highp float' and a right operand of type 'const int' (or there is no acceptable conversion)
[stderr] ERROR: 0:38: '*' : wrong operand types - no operation '*' exists that takes a left-hand operand of type 'const int' and a right operand of type 'out highp 4-component vector of float' (or there is no acceptable conversion)
[stderr] Error on Fragment compile
[stderr] Shader: ERROR: 0:25: '*' : wrong operand types - no operation '*' exists that takes a left-hand operand of type 'const int' and a right operand of type 'highp float' (or there is no acceptable conversion)
[stderr] ERROR: 0:29: '/' : wrong operand types - no operation '/' exists that takes a left-hand operand of type 'highp float' and a right operand of type 'const int' (or there is no acceptable conversion)
[stderr] ERROR: 0:38: '*' : wrong operand types - no operation '*' exists that takes a left-hand operand of type 'const int' and a right operand of type 'out highp 4-component vector of float' (or there is no acceptable conversion)

Converted GLSL source:
#version 300 es
precision highp float;
precision highp int;
in vec2 TexCoord;
#define tc TexCoord
out vec4 color;
uniform float alpha_r;
uniform float alpha_g;
uniform float alpha_b;
uniform float alpha;
uniform vec4 optx;
uniform vec4 random_var;
uniform float alpha_value;
uniform mat4 mv_matrix;
uniform mat4 proj_matrix;
uniform sampler2D samp;
uniform float value_alpha_r, value_alpha_g, value_alpha_b;
uniform float index_value;
uniform float time_f;
uniform float restore_black;

vec4 xor_RGB(vec4 icolor, ivec4 isource) {
    ivec3 int_color;
    for(int i = 0; i < 3; ++i) {
        int_color[i] = int(255 * icolor[i]);
        int_color[i] = int_color[i]^isource[i];
        if(int_color[i] > 255)
            int_color[i] = int_color[i]%255;
        icolor[i] = float(int_color[i])/255;
    }
    icolor.a = 1.0;
return icolor;
}

void main(void)
{
    color = texture(samp, tc);
    ivec4 source = ivec4(255 * color);
    mat4 matrix = mat4(alpha * tc[0], 0.1, 0.2, 0.3,
                       0.4, -alpha, 0.5, 0.6,
                       0.7, 0.8, alpha * tc[1], 0.9,
                       0, 0, 0, -alpha);
    
    color = color * (0.5 * matrix);
    color = xor_RGB(color, source);
    vec4 color2 = texture(samp, tc+0.01);
    vec4 color3 = texture(samp, tc-0.01);
    color = (0.5 * color) + (0.3 * color2) + (0.3 * color3);
}



================================================================================
[139] matrix_mul3.glsl
3D program: FAILED
2D program: FAILED

Compiler output:
[stderr] Error on Fragment compile
[stderr] Shader: ERROR: 0:25: '*' : wrong operand types - no operation '*' exists that takes a left-hand operand of type 'const int' and a right operand of type 'highp float' (or there is no acceptable conversion)
[stderr] ERROR: 0:29: '/' : wrong operand types - no operation '/' exists that takes a left-hand operand of type 'highp float' and a right operand of type 'const int' (or there is no acceptable conversion)
[stderr] ERROR: 0:39: '*' : wrong operand types - no operation '*' exists that takes a left-hand operand of type 'out highp 4-component vector of float' and a right operand of type 'const int' (or there is no acceptable conversion)
[stderr] Error on Fragment compile
[stderr] Shader: ERROR: 0:25: '*' : wrong operand types - no operation '*' exists that takes a left-hand operand of type 'const int' and a right operand of type 'highp float' (or there is no acceptable conversion)
[stderr] ERROR: 0:29: '/' : wrong operand types - no operation '/' exists that takes a left-hand operand of type 'highp float' and a right operand of type 'const int' (or there is no acceptable conversion)
[stderr] ERROR: 0:39: '*' : wrong operand types - no operation '*' exists that takes a left-hand operand of type 'out highp 4-component vector of float' and a right operand of type 'const int' (or there is no acceptable conversion)

Converted GLSL source:
#version 300 es
precision highp float;
precision highp int;
in vec2 TexCoord;
#define tc TexCoord
out vec4 color;
uniform float alpha_r;
uniform float alpha_g;
uniform float alpha_b;
uniform float alpha;
uniform vec4 optx;
uniform vec4 random_var;
uniform float alpha_value;
uniform mat4 mv_matrix;
uniform mat4 proj_matrix;
uniform sampler2D samp;
uniform float value_alpha_r, value_alpha_g, value_alpha_b;
uniform float index_value;
uniform float time_f;
uniform float restore_black;

vec4 xor_RGB(vec4 icolor, ivec4 isource) {
    ivec3 int_color;
    for(int i = 0; i < 3; ++i) {
        int_color[i] = int(255 * icolor[i]);
        int_color[i] = int_color[i]^isource[i];
        if(int_color[i] > 255)
            int_color[i] = int_color[i]%255;
        icolor[i] = float(int_color[i])/255;
    }
    icolor.a = 1.0;
return icolor;
}

void main(void)
{
    color = texture(samp, tc);
    vec4 tcolor = color;
    ivec4 source = ivec4(color * 255) / 2;
    mat4 matrix = mat4(
                 tc[0], tc[1], tc[1], tc[0],
                 tc[1], tc[0], tc[0], tc[1],
                 tc[0], tc[0], tc[1], tc[0],
                1,1,1,1);
    
    color = color * matrix;
    color = xor_RGB(color, source);
    color = (0.5 * tcolor) + (0.5 * color);
}



================================================================================
[140] matrix_mul4.glsl
3D program: FAILED
2D program: FAILED

Compiler output:
[stderr] Error on Fragment compile
[stderr] Shader: ERROR: 0:25: '*' : wrong operand types - no operation '*' exists that takes a left-hand operand of type 'const int' and a right operand of type 'highp float' (or there is no acceptable conversion)
[stderr] ERROR: 0:29: '/' : wrong operand types - no operation '/' exists that takes a left-hand operand of type 'highp float' and a right operand of type 'const int' (or there is no acceptable conversion)
[stderr] Error on Fragment compile
[stderr] Shader: ERROR: 0:25: '*' : wrong operand types - no operation '*' exists that takes a left-hand operand of type 'const int' and a right operand of type 'highp float' (or there is no acceptable conversion)
[stderr] ERROR: 0:29: '/' : wrong operand types - no operation '/' exists that takes a left-hand operand of type 'highp float' and a right operand of type 'const int' (or there is no acceptable conversion)

Converted GLSL source:
#version 300 es
precision highp float;
precision highp int;
in vec2 TexCoord;
#define tc TexCoord
out vec4 color;
uniform float alpha_r;
uniform float alpha_g;
uniform float alpha_b;
uniform float alpha;
uniform vec4 optx;
uniform vec4 random_var;
uniform float alpha_value;
uniform mat4 mv_matrix;
uniform mat4 proj_matrix;
uniform sampler2D samp;
uniform float value_alpha_r, value_alpha_g, value_alpha_b;
uniform float index_value;
uniform float time_f;
uniform float restore_black;

vec4 xor_RGB(vec4 icolor, ivec4 isource) {
    ivec3 int_color;
    for(int i = 0; i < 3; ++i) {
        int_color[i] = int(255 * icolor[i]);
        int_color[i] = int_color[i]^isource[i];
        if(int_color[i] > 255)
            int_color[i] = int_color[i]%255;
        icolor[i] = float(int_color[i])/255;
    }
    icolor.a = 1.0;
return icolor;
}

void main(void)
{
    color = texture(samp, tc);
    mat4 matrix = mat4(1.0, 0.0, 0.0, color[2],
                       0.0, 1.0, 0.0, color[1],
                       0.0, 0.0, 1.0, color[0],
                       0.0, 0.0, 0.0, 1.0);
    color = color * matrix;
}



================================================================================
[141] mirror-gpt.glsl
3D program: FAILED
2D program: FAILED

Compiler output:
[stderr] Error on Fragment compile
[stderr] Shader: ERROR: 0:39: '*' : wrong operand types - no operation '*' exists that takes a left-hand operand of type 'const float' and a right operand of type 'highp int' (or there is no acceptable conversion)
[stderr] ERROR: 0:39: '*' : wrong operand types - no operation '*' exists that takes a left-hand operand of type 'const float' and a right operand of type 'highp int' (or there is no acceptable conversion)
[stderr] Error on Fragment compile
[stderr] Shader: ERROR: 0:39: '*' : wrong operand types - no operation '*' exists that takes a left-hand operand of type 'const float' and a right operand of type 'highp int' (or there is no acceptable conversion)
[stderr] ERROR: 0:39: '*' : wrong operand types - no operation '*' exists that takes a left-hand operand of type 'const float' and a right operand of type 'highp int' (or there is no acceptable conversion)

Converted GLSL source:
#version 300 es
precision highp float;
precision highp int;
in vec2 TexCoord;
#define tc TexCoord
out vec4 color;
uniform sampler2D samp;
uniform float time_f;
uniform vec2 iResolution;

vec4 xor_RGB(vec4 icolor, vec4 source) {
    ivec3 int_color = ivec3(icolor.rgb * 255.0);
    ivec3 isource = ivec3(source.rgb * 255.0);
    for(int i = 0; i < 3; ++i) {
        int_color[i] = int_color[i] ^ isource[i];
        int_color[i] = int_color[i] % 256; // Ensure value stays within 0-255
        icolor[i] = float(int_color[i]) / 255.0;
    }
    icolor.a = 1.0;
    icolor.a = 1.0;
return icolor;
}

float pingPong(float x, float length) {
    float modVal = mod(x, length * 2.0);
    return modVal <= length ? modVal : length * 2.0 - modVal;
}

vec4 enhancedBlur(sampler2D image, vec2 uv, vec2 resolution) {
    vec2 texelSize = 1.0 / resolution;
    vec4 result = vec4(0.0);
    float totalWeight = 0.0;

    // Adjust the blur radius for a stronger effect
    int radius = 5;
    for (int x = -radius; x <= radius; ++x) {
        for (int y = -radius; y <= radius; ++y) {
            float distance = length(vec2(x, y));
            float weight = exp(-distance * distance / (2.0 * radius * radius));
            vec2 offset = vec2(x, y) * texelSize;
            result += texture(image, uv + offset) * weight;
            totalWeight += weight;
        }
    }
    return result / totalWeight;
}

void main(void) {
		 vec2 uv = 1.0 - abs(1.0 - 2.0 * tc);
    uv = uv - floor(uv);     
    uv.x += sin(uv.y * 20.0 + time_f * 2.0) * 0.005;
    uv.y += cos(uv.x * 20.0 + time_f * 2.0) * 0.005;
    vec4 tcolor = enhancedBlur(samp, uv, iResolution);
    float time_t = pingPong(time_f * 0.3, 5.0) + 1.0;
    vec4 modColor = vec4(
        tcolor.r * (0.5 + 0.5 * sin(time_f + uv.x * 10.0)),
        tcolor.g * (0.5 + 0.5 * sin(time_f + uv.y * 10.0)),
        tcolor.b * (0.5 + 0.5 * sin(time_f + (uv.x + uv.y) * 5.0)),
        tcolor.a
    );
    color = xor_RGB(sin(tcolor * time_f), modColor);
    color.rgb = pow(color.rgb, vec3(1.2));
}

================================================================================
[142] mirror-grad.glsl
3D program: FAILED
2D program: FAILED

Compiler output:
[stderr] Error on Fragment compile
[stderr] Shader: ERROR: 0:16: '*' : wrong operand types - no operation '*' exists that takes a left-hand operand of type 'in highp 4-component vector of float' and a right operand of type 'const int' (or there is no acceptable conversion)
[stderr] ERROR: 0:18: '*' : wrong operand types - no operation '*' exists that takes a left-hand operand of type 'const int' and a right operand of type 'highp float' (or there is no acceptable conversion)
[stderr] ERROR: 0:22: '/' : wrong operand types - no operation '/' exists that takes a left-hand operand of type 'highp float' and a right operand of type 'const int' (or there is no acceptable conversion)
[stderr] ERROR: 0:40: 'mod' : no matching overloaded function found
[stderr] Error on Fragment compile
[stderr] Shader: ERROR: 0:16: '*' : wrong operand types - no operation '*' exists that takes a left-hand operand of type 'in highp 4-component vector of float' and a right operand of type 'const int' (or there is no acceptable conversion)
[stderr] ERROR: 0:18: '*' : wrong operand types - no operation '*' exists that takes a left-hand operand of type 'const int' and a right operand of type 'highp float' (or there is no acceptable conversion)
[stderr] ERROR: 0:22: '/' : wrong operand types - no operation '/' exists that takes a left-hand operand of type 'highp float' and a right operand of type 'const int' (or there is no acceptable conversion)
[stderr] ERROR: 0:40: 'mod' : no matching overloaded function found

Converted GLSL source:
#version 300 es
precision highp float;
precision highp int;
out vec4 color;
in vec2 TexCoord;
#define tc TexCoord
uniform sampler2D samp;
uniform vec2 iResolution;
uniform float time_f;
float rand(vec2 co) {
    return fract(sin(dot(co.xy, vec2(12.9898, 78.233))) * 43758.5453);
}

vec4 xor_RGB(vec4 icolor, vec4 source) {
    ivec3 int_color;
    ivec4 isource = ivec4(source * 255);
    for(int i = 0; i < 3; ++i) {
        int_color[i] = int(255 * icolor[i]);
        int_color[i] = int_color[i]^isource[i];
        if(int_color[i] > 255)
            int_color[i] = int_color[i]%255;
        icolor[i] = float(int_color[i])/255;
    }
    icolor.a = 1.0;
return icolor;
}

void main(void) {
		 vec2 uv = 1.0 - abs(1.0 - 2.0 * tc);
    uv = uv - floor(uv);     
    vec2 warp = uv + vec2(
        sin(uv.y * 10.0 + time_f) * 0.1,
        sin(uv.x * 20.0 + time_f) * 0.1
    );
    vec3 colorShift = vec3(
        0.2 * sin(time_f * 0.2) + 0.8,
        0.4 * sin(time_f * 0.4 + 6.0) + 0.5,
        0.8 * sin(time_f * 0.6 + 4.0) + 0.5
    );
    float time_t = mod(time_f, 50);
    float feedback = rand(uv + time_f);
    vec2 feedbackUv = warp;
    vec4 texColor = texture(samp, feedbackUv);
    vec3 finalColor = texColor.rgb + colorShift;
    color = sin(vec4(finalColor, texColor.a) * (time_f * 0.5));
    color.a = 1.0;
}


================================================================================
[143] mirror-wrap-sphere.glsl
3D program: OK
2D program: FAILED

Compiler output:
[stdout] Compiled: mirror-wrap-sphere.glsl [OK]
[stderr] Linking failed...
[stderr] Program: FRAGMENT varying vNormal does not match any VERTEX varying

Converted GLSL source:
#version 300 es
precision highp float;
precision highp int;
in vec3 vNormal;
uniform sampler2D samp;
out vec4 color;

void main() {
    const float PI = 3.141592653589793;
    vec3 n = normalize(vNormal);

    float u = atan(n.z, n.x) / (2.0 * PI) + 0.5;
    float v = acos(clamp(n.y, -1.0, 1.0)) / PI;

    float uFold = u < 0.5 ? u : 1.0 - u;
    float vFold = v < 0.5 ? v : 1.0 - v;

    vec2 uv = vec2(uFold * 2.0, vFold * 2.0);
    color = texture(samp, uv);
}


================================================================================
[144] mirror-wrap-sphere2.glsl
3D program: OK
2D program: FAILED

Compiler output:
[stdout] Compiled: mirror-wrap-sphere2.glsl [OK]
[stderr] Linking failed...
[stderr] Program: FRAGMENT varying vNormal does not match any VERTEX varying

Converted GLSL source:
#version 300 es
precision highp float;
precision highp int;
in vec3 vNormal;
uniform sampler2D samp;
out vec4 color;

void main() {
    const float PI = 3.141592653589793;
    vec3 n = normalize(vNormal);
    float u = atan(n.z, n.x) / (2.0 * PI) + 0.5;
    float v = acos(clamp(n.y, -1.0, 1.0)) / PI;
    color = texture(samp, vec2(u, v));
}

================================================================================
[145] mirror-wrap2.glsl
3D program: OK
2D program: FAILED

Compiler output:
[stdout] Compiled: mirror-wrap2.glsl [OK]
[stderr] Linking failed...
[stderr] Program: FRAGMENT varying vNormal does not match any VERTEX varying

Converted GLSL source:
#version 300 es
precision highp float;
precision highp int;
in vec3 vNormal;
uniform sampler2D samp;
out vec4 color;

void main() {
    const float PI = 3.141592653589793;
    vec3 n = normalize(vNormal);

    float u = atan(n.z, n.x) / (2.0 * PI) + 0.5;
    float v = acos(clamp(n.y, -1.0, 1.0)) / PI;

    float uFold = u < 0.5 ? u : 1.0 - u;
    float vFold = v < 0.5 ? v : 1.0 - v;

    vec2 uv = vec2(uFold * 2.0, vFold * 2.0);
    color = texture(samp, uv);
}


================================================================================
[146] mirror1.glsl
3D program: FAILED
2D program: FAILED

Compiler output:
[stderr] Error on Fragment compile
[stderr] Shader: ERROR: 0:28: '*' : wrong operand types - no operation '*' exists that takes a left-hand operand of type 'const int' and a right operand of type 'out highp 4-component vector of float' (or there is no acceptable conversion)
[stderr] Error on Fragment compile
[stderr] Shader: ERROR: 0:28: '*' : wrong operand types - no operation '*' exists that takes a left-hand operand of type 'const int' and a right operand of type 'out highp 4-component vector of float' (or there is no acceptable conversion)

Converted GLSL source:
#version 300 es
precision highp float;
precision highp int;
in vec2 TexCoord;
#define tc TexCoord
out vec4 color;
uniform float alpha_r;
uniform float alpha_g;
uniform float alpha_b;
uniform float alpha;
in vec3 vpos;
uniform vec4 optx;
uniform vec4 random_var;
uniform float alpha_value;
uniform mat4 mv_matrix;
uniform mat4 proj_matrix;
uniform sampler2D samp;
uniform float value_alpha_r, value_alpha_g, value_alpha_b;
uniform float index_value;
uniform float time_f;

uniform float restore_black;
in vec2 iResolution_;

void main(void)
{
    color = texture(samp, tc);
    ivec4 source = ivec4(255 * color);
    vec2 pos = gl_FragCoord.xy/iResolution_.xy;
    vec2 vpos = 1.0-tc;
    vec4 color2 = texture(samp, vpos);
    color = (0.5 * color) + (0.5 * color2);
}



================================================================================
[147] mirror1_op.glsl
3D program: FAILED
2D program: FAILED

Compiler output:
[stderr] Error on Fragment compile
[stderr] Shader: ERROR: 0:26: '*' : wrong operand types - no operation '*' exists that takes a left-hand operand of type 'in highp 4-component vector of float' and a right operand of type 'const int' (or there is no acceptable conversion)
[stderr] ERROR: 0:32: '/' : wrong operand types - no operation '/' exists that takes a left-hand operand of type 'highp float' and a right operand of type 'const int' (or there is no acceptable conversion)
[stderr] ERROR: 0:40: '*' : wrong operand types - no operation '*' exists that takes a left-hand operand of type 'const int' and a right operand of type 'out highp 4-component vector of float' (or there is no acceptable conversion)
[stderr] Error on Fragment compile
[stderr] Shader: ERROR: 0:26: '*' : wrong operand types - no operation '*' exists that takes a left-hand operand of type 'in highp 4-component vector of float' and a right operand of type 'const int' (or there is no acceptable conversion)
[stderr] ERROR: 0:32: '/' : wrong operand types - no operation '/' exists that takes a left-hand operand of type 'highp float' and a right operand of type 'const int' (or there is no acceptable conversion)
[stderr] ERROR: 0:40: '*' : wrong operand types - no operation '*' exists that takes a left-hand operand of type 'const int' and a right operand of type 'out highp 4-component vector of float' (or there is no acceptable conversion)

Converted GLSL source:
#version 300 es
precision highp float;
precision highp int;
in vec2 TexCoord;
#define tc TexCoord
out vec4 color;
uniform float alpha_r;
uniform float alpha_g;
uniform float alpha_b;
uniform float alpha;
in vec3 vpos;
uniform vec4 optx;
uniform vec4 random_var;
uniform float alpha_value;
uniform mat4 mv_matrix;
uniform mat4 proj_matrix;
uniform sampler2D samp;
uniform float value_alpha_r, value_alpha_g, value_alpha_b;
uniform float index_value;
uniform float time_f;

uniform float restore_black;
in vec2 iResolution_;

vec4 opposite(vec4 inputx) {
    ivec4 col = ivec4(inputx * 255);
    col[0] = 255-col[0];
    col[1] = 255-col[1];
    col[2] = 255-col[2];
    vec4 val;
    for(int i = 0; i < 4; ++i) {
        val[i] = float(col[i]) / 255;
    }
    return val;
}

void main(void)
{
    color = texture(samp, tc);
    ivec4 source = ivec4(255 * color);
    vec2 pos = gl_FragCoord.xy/iResolution_.xy;
    vec2 vpos = 1.0-tc;
    vec4 color2 = opposite(texture(samp, vpos));
    color = (0.5 * color) + (0.5 * color2);
}



================================================================================
[148] mirror1_s.glsl
3D program: FAILED
2D program: FAILED

Compiler output:
[stderr] Error on Fragment compile
[stderr] Shader: ERROR: 0:28: '*' : wrong operand types - no operation '*' exists that takes a left-hand operand of type 'const int' and a right operand of type 'out highp 4-component vector of float' (or there is no acceptable conversion)
[stderr] Error on Fragment compile
[stderr] Shader: ERROR: 0:28: '*' : wrong operand types - no operation '*' exists that takes a left-hand operand of type 'const int' and a right operand of type 'out highp 4-component vector of float' (or there is no acceptable conversion)

Converted GLSL source:
#version 300 es
precision highp float;
precision highp int;
in vec2 TexCoord;
#define tc TexCoord
out vec4 color;
uniform float alpha_r;
uniform float alpha_g;
uniform float alpha_b;
uniform float alpha;
in vec3 vpos;
uniform vec4 optx;
uniform vec4 random_var;
uniform float alpha_value;
uniform mat4 mv_matrix;
uniform mat4 proj_matrix;
uniform sampler2D samp;
uniform float value_alpha_r, value_alpha_g, value_alpha_b;
uniform float index_value;
uniform float time_f;

uniform float restore_black;
in vec2 iResolution_;

void main(void)
{
    color = texture(samp, tc);
    ivec4 source = ivec4(255 * color);
    vec2 pos = gl_FragCoord.xy/iResolution_.xy;
    vec2 vpos = 1.0-tc;
    vec4 color2 = texture(samp, vpos);
    color = (0.8 * color) + (0.8 * color2);
}



================================================================================
[149] mirror2.glsl
3D program: FAILED
2D program: FAILED

Compiler output:
[stderr] Error on Fragment compile
[stderr] Shader: ERROR: 0:28: '*' : wrong operand types - no operation '*' exists that takes a left-hand operand of type 'const int' and a right operand of type 'out highp 4-component vector of float' (or there is no acceptable conversion)
[stderr] Error on Fragment compile
[stderr] Shader: ERROR: 0:28: '*' : wrong operand types - no operation '*' exists that takes a left-hand operand of type 'const int' and a right operand of type 'out highp 4-component vector of float' (or there is no acceptable conversion)

Converted GLSL source:
#version 300 es
precision highp float;
precision highp int;
in vec2 TexCoord;
#define tc TexCoord
out vec4 color;
uniform float alpha_r;
uniform float alpha_g;
uniform float alpha_b;
uniform float alpha;
in vec3 vpos;
uniform vec4 optx;
uniform vec4 random_var;
uniform float alpha_value;
uniform mat4 mv_matrix;
uniform mat4 proj_matrix;
uniform sampler2D samp;
uniform float value_alpha_r, value_alpha_g, value_alpha_b;
uniform float index_value;
uniform float time_f;

uniform float restore_black;
in vec2 iResolution_;

void main(void)
{
    color = texture(samp, tc);
    ivec4 source = ivec4(255 * color);
    vec2 pos = gl_FragCoord.xy/iResolution_.xy;
    vec2 vpos;
    vpos[0] = 1.0-tc[0];
    vpos[1] = tc[1];
    vec4 color2 = texture(samp, vpos);
    color = (0.5 * color) + (0.5 * color2);
}



================================================================================
[150] mirror2_op.glsl
3D program: FAILED
2D program: FAILED

Compiler output:
[stderr] Error on Fragment compile
[stderr] Shader: ERROR: 0:26: '*' : wrong operand types - no operation '*' exists that takes a left-hand operand of type 'in highp 4-component vector of float' and a right operand of type 'const int' (or there is no acceptable conversion)
[stderr] ERROR: 0:32: '/' : wrong operand types - no operation '/' exists that takes a left-hand operand of type 'highp float' and a right operand of type 'const int' (or there is no acceptable conversion)
[stderr] ERROR: 0:40: '*' : wrong operand types - no operation '*' exists that takes a left-hand operand of type 'const int' and a right operand of type 'out highp 4-component vector of float' (or there is no acceptable conversion)
[stderr] Error on Fragment compile
[stderr] Shader: ERROR: 0:26: '*' : wrong operand types - no operation '*' exists that takes a left-hand operand of type 'in highp 4-component vector of float' and a right operand of type 'const int' (or there is no acceptable conversion)
[stderr] ERROR: 0:32: '/' : wrong operand types - no operation '/' exists that takes a left-hand operand of type 'highp float' and a right operand of type 'const int' (or there is no acceptable conversion)
[stderr] ERROR: 0:40: '*' : wrong operand types - no operation '*' exists that takes a left-hand operand of type 'const int' and a right operand of type 'out highp 4-component vector of float' (or there is no acceptable conversion)

Converted GLSL source:
#version 300 es
precision highp float;
precision highp int;
in vec2 TexCoord;
#define tc TexCoord
out vec4 color;
uniform float alpha_r;
uniform float alpha_g;
uniform float alpha_b;
uniform float alpha;
in vec3 vpos;
uniform vec4 optx;
uniform vec4 random_var;
uniform float alpha_value;
uniform mat4 mv_matrix;
uniform mat4 proj_matrix;
uniform sampler2D samp;
uniform float value_alpha_r, value_alpha_g, value_alpha_b;
uniform float index_value;
uniform float time_f;

uniform float restore_black;
in vec2 iResolution_;

vec4 opposite(vec4 inputx) {
    ivec4 col = ivec4(inputx * 255);
    col[0] = 255-col[0];
    col[1] = 255-col[1];
    col[2] = 255-col[2];
    vec4 val;
    for(int i = 0; i < 4; ++i) {
        val[i] = float(col[i]) / 255;
    }
    return val;
}

void main(void)
{
    color = texture(samp, tc);
    ivec4 source = ivec4(255 * color);
    vec2 pos = gl_FragCoord.xy/iResolution_.xy;
    vec2 vpos;
    vpos[0] = 1.0-tc[0];
    vpos[1] = tc[1];
    vec4 color2 = opposite(texture(samp, vpos));
    
    color = (0.5 * color) + (0.5 * color2);
}



================================================================================
[151] mirror2_s.glsl
3D program: FAILED
2D program: FAILED

Compiler output:
[stderr] Error on Fragment compile
[stderr] Shader: ERROR: 0:28: '*' : wrong operand types - no operation '*' exists that takes a left-hand operand of type 'const int' and a right operand of type 'out highp 4-component vector of float' (or there is no acceptable conversion)
[stderr] Error on Fragment compile
[stderr] Shader: ERROR: 0:28: '*' : wrong operand types - no operation '*' exists that takes a left-hand operand of type 'const int' and a right operand of type 'out highp 4-component vector of float' (or there is no acceptable conversion)

Converted GLSL source:
#version 300 es
precision highp float;
precision highp int;
in vec2 TexCoord;
#define tc TexCoord
out vec4 color;
uniform float alpha_r;
uniform float alpha_g;
uniform float alpha_b;
uniform float alpha;
in vec3 vpos;
uniform vec4 optx;
uniform vec4 random_var;
uniform float alpha_value;
uniform mat4 mv_matrix;
uniform mat4 proj_matrix;
uniform sampler2D samp;
uniform float value_alpha_r, value_alpha_g, value_alpha_b;
uniform float index_value;
uniform float time_f;

uniform float restore_black;
in vec2 iResolution_;

void main(void)
{
    color = texture(samp, tc);
    ivec4 source = ivec4(255 * color);
    vec2 pos = gl_FragCoord.xy/iResolution_.xy;
    vec2 vpos;
    vpos[0] = 1.0-tc[0];
    vpos[1] = tc[1];
    vec4 color2 = texture(samp, vpos);
    color = (0.8 * color) + (0.8 * color2);
}



================================================================================
[152] mirror3.glsl
3D program: FAILED
2D program: FAILED

Compiler output:
[stderr] Error on Fragment compile
[stderr] Shader: ERROR: 0:28: '*' : wrong operand types - no operation '*' exists that takes a left-hand operand of type 'const int' and a right operand of type 'out highp 4-component vector of float' (or there is no acceptable conversion)
[stderr] Error on Fragment compile
[stderr] Shader: ERROR: 0:28: '*' : wrong operand types - no operation '*' exists that takes a left-hand operand of type 'const int' and a right operand of type 'out highp 4-component vector of float' (or there is no acceptable conversion)

Converted GLSL source:
#version 300 es
precision highp float;
precision highp int;
in vec2 TexCoord;
#define tc TexCoord
out vec4 color;
uniform float alpha_r;
uniform float alpha_g;
uniform float alpha_b;
uniform float alpha;
in vec3 vpos;
uniform vec4 optx;
uniform vec4 random_var;
uniform float alpha_value;
uniform mat4 mv_matrix;
uniform mat4 proj_matrix;
uniform sampler2D samp;
uniform float value_alpha_r, value_alpha_g, value_alpha_b;
uniform float index_value;
uniform float time_f;

uniform float restore_black;
in vec2 iResolution_;

void main(void)
{
    color = texture(samp, tc);
    ivec4 source = ivec4(255 * color);
    vec2 pos = gl_FragCoord.xy/iResolution_.xy;
    vec2 vpos;
    vpos[1] = 1.0-tc[1];
    vpos[0] = tc[0];
    vec4 color2 = texture(samp, vpos);
    color = (0.5 * color) + (0.5 * color2);
}



================================================================================
[153] mirror3_op.glsl
3D program: FAILED
2D program: FAILED

Compiler output:
[stderr] Error on Fragment compile
[stderr] Shader: ERROR: 0:26: '*' : wrong operand types - no operation '*' exists that takes a left-hand operand of type 'in highp 4-component vector of float' and a right operand of type 'const int' (or there is no acceptable conversion)
[stderr] ERROR: 0:32: '/' : wrong operand types - no operation '/' exists that takes a left-hand operand of type 'highp float' and a right operand of type 'const int' (or there is no acceptable conversion)
[stderr] ERROR: 0:40: '*' : wrong operand types - no operation '*' exists that takes a left-hand operand of type 'const int' and a right operand of type 'out highp 4-component vector of float' (or there is no acceptable conversion)
[stderr] Error on Fragment compile
[stderr] Shader: ERROR: 0:26: '*' : wrong operand types - no operation '*' exists that takes a left-hand operand of type 'in highp 4-component vector of float' and a right operand of type 'const int' (or there is no acceptable conversion)
[stderr] ERROR: 0:32: '/' : wrong operand types - no operation '/' exists that takes a left-hand operand of type 'highp float' and a right operand of type 'const int' (or there is no acceptable conversion)
[stderr] ERROR: 0:40: '*' : wrong operand types - no operation '*' exists that takes a left-hand operand of type 'const int' and a right operand of type 'out highp 4-component vector of float' (or there is no acceptable conversion)

Converted GLSL source:
#version 300 es
precision highp float;
precision highp int;
in vec2 TexCoord;
#define tc TexCoord
out vec4 color;
uniform float alpha_r;
uniform float alpha_g;
uniform float alpha_b;
uniform float alpha;
in vec3 vpos;
uniform vec4 optx;
uniform vec4 random_var;
uniform float alpha_value;
uniform mat4 mv_matrix;
uniform mat4 proj_matrix;
uniform sampler2D samp;
uniform float value_alpha_r, value_alpha_g, value_alpha_b;
uniform float index_value;
uniform float time_f;

uniform float restore_black;
in vec2 iResolution_;

vec4 opposite(vec4 inputx) {
    ivec4 col = ivec4(inputx * 255);
    col[0] = 255-col[0];
    col[1] = 255-col[1];
    col[2] = 255-col[2];
    vec4 val;
    for(int i = 0; i < 4; ++i) {
        val[i] = float(col[i]) / 255;
    }
    return val;
}

void main(void)
{
    color = texture(samp, tc);
    ivec4 source = ivec4(255 * color);
    vec2 pos = gl_FragCoord.xy/iResolution_.xy;
    vec2 vpos;
    vpos[1] = 1.0-tc[1];
    vpos[0] = tc[0];
    vec4 color2 = opposite(texture(samp, vpos));
    color = (0.5 * color) + (0.5 * color2);
}



================================================================================
[154] mirror3_s.glsl
3D program: FAILED
2D program: FAILED

Compiler output:
[stderr] Error on Fragment compile
[stderr] Shader: ERROR: 0:28: '*' : wrong operand types - no operation '*' exists that takes a left-hand operand of type 'const int' and a right operand of type 'out highp 4-component vector of float' (or there is no acceptable conversion)
[stderr] Error on Fragment compile
[stderr] Shader: ERROR: 0:28: '*' : wrong operand types - no operation '*' exists that takes a left-hand operand of type 'const int' and a right operand of type 'out highp 4-component vector of float' (or there is no acceptable conversion)

Converted GLSL source:
#version 300 es
precision highp float;
precision highp int;
in vec2 TexCoord;
#define tc TexCoord
out vec4 color;
uniform float alpha_r;
uniform float alpha_g;
uniform float alpha_b;
uniform float alpha;
in vec3 vpos;
uniform vec4 optx;
uniform vec4 random_var;
uniform float alpha_value;
uniform mat4 mv_matrix;
uniform mat4 proj_matrix;
uniform sampler2D samp;
uniform float value_alpha_r, value_alpha_g, value_alpha_b;
uniform float index_value;
uniform float time_f;

uniform float restore_black;
in vec2 iResolution_;

void main(void)
{
    color = texture(samp, tc);
    ivec4 source = ivec4(255 * color);
    vec2 pos = gl_FragCoord.xy/iResolution_.xy;
    vec2 vpos;
    vpos[0] = 1.0-tc[0];
    vpos[1] = tc[1];
    vec4 color2 = texture(samp, vpos);
    color = (0.8 * color) + (0.8 * color2);
}



================================================================================
[155] mirror_blur1.glsl
3D program: FAILED
2D program: FAILED

Compiler output:
[stderr] Error on Fragment compile
[stderr] Shader: ERROR: 0:28: '*' : wrong operand types - no operation '*' exists that takes a left-hand operand of type 'const int' and a right operand of type 'out highp 4-component vector of float' (or there is no acceptable conversion)
[stderr] Error on Fragment compile
[stderr] Shader: ERROR: 0:28: '*' : wrong operand types - no operation '*' exists that takes a left-hand operand of type 'const int' and a right operand of type 'out highp 4-component vector of float' (or there is no acceptable conversion)

Converted GLSL source:
#version 300 es
precision highp float;
precision highp int;
in vec2 TexCoord;
#define tc TexCoord
out vec4 color;
uniform float alpha_r;
uniform float alpha_g;
uniform float alpha_b;
uniform float alpha;
in vec3 vpos;
uniform vec4 optx;
uniform vec4 random_var;
uniform float alpha_value;
uniform mat4 mv_matrix;
uniform mat4 proj_matrix;
uniform sampler2D samp;
uniform float value_alpha_r, value_alpha_g, value_alpha_b;
uniform float index_value;
uniform float time_f;

uniform float restore_black;
in vec2 iResolution_;

void main(void)
{
    color = texture(samp, tc);
    ivec4 source = ivec4(255 * color);
    vec2 pos = gl_FragCoord.xy/iResolution_.xy;
    vec2 vpos = 1.0-tc;
    vec4 color2 = texture(samp, vpos);
    vec4 color3 = texture(samp, tc-0.01);
    vec4 color4 = texture(samp, tc+0.01);
    color = (0.3 * color) + (0.3 * color2) + (0.3 * color3) + (0.3 * color4);
}



================================================================================
[156] mirror_blur2.glsl
3D program: FAILED
2D program: FAILED

Compiler output:
[stderr] Error on Fragment compile
[stderr] Shader: ERROR: 0:28: '*' : wrong operand types - no operation '*' exists that takes a left-hand operand of type 'const int' and a right operand of type 'out highp 4-component vector of float' (or there is no acceptable conversion)
[stderr] Error on Fragment compile
[stderr] Shader: ERROR: 0:28: '*' : wrong operand types - no operation '*' exists that takes a left-hand operand of type 'const int' and a right operand of type 'out highp 4-component vector of float' (or there is no acceptable conversion)

Converted GLSL source:
#version 300 es
precision highp float;
precision highp int;
in vec2 TexCoord;
#define tc TexCoord
out vec4 color;
uniform float alpha_r;
uniform float alpha_g;
uniform float alpha_b;
uniform float alpha;
in vec3 vpos;
uniform vec4 optx;
uniform vec4 random_var;
uniform float alpha_value;
uniform mat4 mv_matrix;
uniform mat4 proj_matrix;
uniform sampler2D samp;
uniform float value_alpha_r, value_alpha_g, value_alpha_b;
uniform float index_value;
uniform float time_f;

uniform float restore_black;
in vec2 iResolution_;

void main(void)
{
    color = texture(samp, tc);
    ivec4 source = ivec4(255 * color);
    vec2 pos = gl_FragCoord.xy/iResolution_.xy;
    vec2 vpos;
    vpos[0] = 1.0-tc[0];
    vpos[1] = tc[1];
    vec4 color2 = texture(samp, vpos);
    vec4 color3 = texture(samp, tc-0.01);
    vec4 color4 = texture(samp, tc+0.01);
    color = (0.3 * color) + (0.3 * color2) + (0.3 * color3) + (0.3 * color4);
}



================================================================================
[157] mirror_blur3.glsl
3D program: FAILED
2D program: FAILED

Compiler output:
[stderr] Error on Fragment compile
[stderr] Shader: ERROR: 0:28: '*' : wrong operand types - no operation '*' exists that takes a left-hand operand of type 'const int' and a right operand of type 'out highp 4-component vector of float' (or there is no acceptable conversion)
[stderr] Error on Fragment compile
[stderr] Shader: ERROR: 0:28: '*' : wrong operand types - no operation '*' exists that takes a left-hand operand of type 'const int' and a right operand of type 'out highp 4-component vector of float' (or there is no acceptable conversion)

Converted GLSL source:
#version 300 es
precision highp float;
precision highp int;
in vec2 TexCoord;
#define tc TexCoord
out vec4 color;
uniform float alpha_r;
uniform float alpha_g;
uniform float alpha_b;
uniform float alpha;
in vec3 vpos;
uniform vec4 optx;
uniform vec4 random_var;
uniform float alpha_value;
uniform mat4 mv_matrix;
uniform mat4 proj_matrix;
uniform sampler2D samp;
uniform float value_alpha_r, value_alpha_g, value_alpha_b;
uniform float index_value;
uniform float time_f;

uniform float restore_black;
in vec2 iResolution_;

void main(void)
{
    color = texture(samp, tc);
    ivec4 source = ivec4(255 * color);
    vec2 pos = gl_FragCoord.xy/iResolution_.xy;
    vec2 vpos;
    vpos[1] = 1.0-tc[1];
    vpos[0] = tc[0];
    vec4 color2 = texture(samp, vpos);
    vec4 color3 = texture(samp, tc-0.01);
    vec4 color4 = texture(samp, tc+0.01);
    color = (0.3 * color) + (0.3 * color2) + (0.3 * color3) + (0.3 * color4);
}



================================================================================
[158] mirror_offset.glsl
3D program: FAILED
2D program: FAILED

Compiler output:
[stderr] Linking failed...
[stderr] Program: FRAGMENT varying iResolution_ does not match any VERTEX varying
[stderr] Linking failed...
[stderr] Program: FRAGMENT varying iResolution_ does not match any VERTEX varying

Converted GLSL source:
#version 300 es
precision highp float;
precision highp int;
in vec2 TexCoord;
#define tc TexCoord
out vec4 color;
uniform float alpha_r;
uniform float alpha_g;
uniform float alpha_b;
uniform float alpha;
in vec3 vpos;
uniform vec4 optx;
uniform vec4 random_var;
uniform float alpha_value;
uniform mat4 mv_matrix;
uniform mat4 proj_matrix;
uniform sampler2D samp;
uniform float value_alpha_r, value_alpha_g, value_alpha_b;
uniform float index_value;
uniform float time_f;

uniform float restore_black;
in vec2 iResolution_;

void main(void)
{
    color = texture(samp, tc);
    vec2 pos = gl_FragCoord.xy/iResolution_.xy;
    vec2 vpos = tc;

    vpos[0] = vpos[0]-alpha_r;
    vpos[1] = alpha_g+vpos[1];
    vec4 color2 = texture(samp, vpos);
    color = (0.5 * color) + (0.5 * color2);
}



================================================================================
[159] mirror_offset_rev.glsl
3D program: FAILED
2D program: FAILED

Compiler output:
[stderr] Linking failed...
[stderr] Program: FRAGMENT varying iResolution_ does not match any VERTEX varying
[stderr] Linking failed...
[stderr] Program: FRAGMENT varying iResolution_ does not match any VERTEX varying

Converted GLSL source:
#version 300 es
precision highp float;
precision highp int;
in vec2 TexCoord;
#define tc TexCoord
out vec4 color;
uniform float alpha_r;
uniform float alpha_g;
uniform float alpha_b;
uniform float alpha;
in vec3 vpos;
uniform vec4 optx;
uniform vec4 random_var;
uniform float alpha_value;
uniform mat4 mv_matrix;
uniform mat4 proj_matrix;
uniform sampler2D samp;
uniform float value_alpha_r, value_alpha_g, value_alpha_b;
uniform float index_value;
uniform float time_f;

uniform float restore_black;
in vec2 iResolution_;

void main(void)
{
    color = texture(samp, tc);
    vec2 pos = gl_FragCoord.xy/iResolution_.xy;
    vec2 vpos = tc;

    vpos[0] = vpos[0]+alpha_r;
    vpos[1] = alpha_g-vpos[1];
    vec4 color2 = texture(samp, vpos);
    color = (0.5 * color) + (0.5 * color2);
}


================================================================================
[160] mirror_rev.glsl
3D program: FAILED
2D program: FAILED

Compiler output:
[stderr] Error on Fragment compile
[stderr] Shader: ERROR: 0:28: '*' : wrong operand types - no operation '*' exists that takes a left-hand operand of type 'const int' and a right operand of type 'highp float' (or there is no acceptable conversion)
[stderr] ERROR: 0:32: '/' : wrong operand types - no operation '/' exists that takes a left-hand operand of type 'highp float' and a right operand of type 'const int' (or there is no acceptable conversion)
[stderr] Error on Fragment compile
[stderr] Shader: ERROR: 0:28: '*' : wrong operand types - no operation '*' exists that takes a left-hand operand of type 'const int' and a right operand of type 'highp float' (or there is no acceptable conversion)
[stderr] ERROR: 0:32: '/' : wrong operand types - no operation '/' exists that takes a left-hand operand of type 'highp float' and a right operand of type 'const int' (or there is no acceptable conversion)

Converted GLSL source:
#version 300 es
precision highp float;
precision highp int;
in vec2 TexCoord;
#define tc TexCoord
out vec4 color;
uniform float alpha_r;
uniform float alpha_g;
uniform float alpha_b;
uniform float alpha;
in vec3 vpos;
uniform vec4 optx;
uniform vec4 random_var;
uniform float alpha_value;
uniform mat4 mv_matrix;
uniform mat4 proj_matrix;
uniform sampler2D samp;
uniform float value_alpha_r, value_alpha_g, value_alpha_b;
uniform float index_value;
uniform float time_f;

uniform float restore_black;
in vec2 iResolution_;

vec4 xor_RGB(vec4 icolor, ivec4 isource) {
    ivec3 int_color;
    for(int i = 0; i < 3; ++i) {
        int_color[i] = int(255 * icolor[i]);
        int_color[i] = int_color[i]^isource[i];
        if(int_color[i] > 255)
            int_color[i] = int_color[i]%255;
        icolor[i] = float(int_color[i])/255;
    }
    icolor.a = 1.0;
return icolor;
}

void main(void)
{
    
    vec2 vpos;
    vpos[0] = 1.0-tc[0];
    vpos[1] = tc[1];
    
    vec2 pos = gl_FragCoord.xy / iResolution_.xy;
    
    if(pos[0] < 0.5)
        color = texture(samp, tc);
    else
        color = texture(samp, vpos);
    
}



================================================================================
[161] mirror_rev2.glsl
3D program: FAILED
2D program: FAILED

Compiler output:
[stderr] Error on Fragment compile
[stderr] Shader: ERROR: 0:28: '*' : wrong operand types - no operation '*' exists that takes a left-hand operand of type 'const int' and a right operand of type 'highp float' (or there is no acceptable conversion)
[stderr] ERROR: 0:32: '/' : wrong operand types - no operation '/' exists that takes a left-hand operand of type 'highp float' and a right operand of type 'const int' (or there is no acceptable conversion)
[stderr] Error on Fragment compile
[stderr] Shader: ERROR: 0:28: '*' : wrong operand types - no operation '*' exists that takes a left-hand operand of type 'const int' and a right operand of type 'highp float' (or there is no acceptable conversion)
[stderr] ERROR: 0:32: '/' : wrong operand types - no operation '/' exists that takes a left-hand operand of type 'highp float' and a right operand of type 'const int' (or there is no acceptable conversion)

Converted GLSL source:
#version 300 es
precision highp float;
precision highp int;
in vec2 TexCoord;
#define tc TexCoord
out vec4 color;
uniform float alpha_r;
uniform float alpha_g;
uniform float alpha_b;
uniform float alpha;
in vec3 vpos;
uniform vec4 optx;
uniform vec4 random_var;
uniform float alpha_value;
uniform mat4 mv_matrix;
uniform mat4 proj_matrix;
uniform sampler2D samp;
uniform float value_alpha_r, value_alpha_g, value_alpha_b;
uniform float index_value;
uniform float time_f;

uniform float restore_black;
in vec2 iResolution_;

vec4 xor_RGB(vec4 icolor, ivec4 isource) {
    ivec3 int_color;
    for(int i = 0; i < 3; ++i) {
        int_color[i] = int(255 * icolor[i]);
        int_color[i] = int_color[i]^isource[i];
        if(int_color[i] > 255)
            int_color[i] = int_color[i]%255;
        icolor[i] = float(int_color[i])/255;
    }
    icolor.a = 1.0;
return icolor;
}

void main(void)
{
    
    vec2 vpos;
    vpos[0] = 1.0-tc[0];
    vpos[1] = tc[1];
    
    vec2 pos = gl_FragCoord.xy / iResolution_.xy;
    
    if(pos[0] > 0.5)
        color = texture(samp, tc);
    else
        color = texture(samp, vpos);
    
}



================================================================================
[162] mirror_rev2y.glsl
3D program: FAILED
2D program: FAILED

Compiler output:
[stderr] Error on Fragment compile
[stderr] Shader: ERROR: 0:28: '*' : wrong operand types - no operation '*' exists that takes a left-hand operand of type 'const int' and a right operand of type 'highp float' (or there is no acceptable conversion)
[stderr] ERROR: 0:32: '/' : wrong operand types - no operation '/' exists that takes a left-hand operand of type 'highp float' and a right operand of type 'const int' (or there is no acceptable conversion)
[stderr] Error on Fragment compile
[stderr] Shader: ERROR: 0:28: '*' : wrong operand types - no operation '*' exists that takes a left-hand operand of type 'const int' and a right operand of type 'highp float' (or there is no acceptable conversion)
[stderr] ERROR: 0:32: '/' : wrong operand types - no operation '/' exists that takes a left-hand operand of type 'highp float' and a right operand of type 'const int' (or there is no acceptable conversion)

Converted GLSL source:
#version 300 es
precision highp float;
precision highp int;
in vec2 TexCoord;
#define tc TexCoord
out vec4 color;
uniform float alpha_r;
uniform float alpha_g;
uniform float alpha_b;
uniform float alpha;
in vec3 vpos;
uniform vec4 optx;
uniform vec4 random_var;
uniform float alpha_value;
uniform mat4 mv_matrix;
uniform mat4 proj_matrix;
uniform sampler2D samp;
uniform float value_alpha_r, value_alpha_g, value_alpha_b;
uniform float index_value;
uniform float time_f;

uniform float restore_black;
in vec2 iResolution_;

vec4 xor_RGB(vec4 icolor, ivec4 isource) {
    ivec3 int_color;
    for(int i = 0; i < 3; ++i) {
        int_color[i] = int(255 * icolor[i]);
        int_color[i] = int_color[i]^isource[i];
        if(int_color[i] > 255)
            int_color[i] = int_color[i]%255;
        icolor[i] = float(int_color[i])/255;
    }
    icolor.a = 1.0;
return icolor;
}

void main(void)
{
    
    vec2 vpos;
    vpos[1] = 1.0-tc[1];
    vpos[0] = tc[0];
    
    vec2 pos = gl_FragCoord.xy / iResolution_.xy;
    
    if(pos[1] > 0.5)
        color = texture(samp, tc);
    else
        color = texture(samp, vpos);
    
}



================================================================================
[163] mirror_revy.glsl
3D program: FAILED
2D program: FAILED

Compiler output:
[stderr] Error on Fragment compile
[stderr] Shader: ERROR: 0:28: '*' : wrong operand types - no operation '*' exists that takes a left-hand operand of type 'const int' and a right operand of type 'highp float' (or there is no acceptable conversion)
[stderr] ERROR: 0:32: '/' : wrong operand types - no operation '/' exists that takes a left-hand operand of type 'highp float' and a right operand of type 'const int' (or there is no acceptable conversion)
[stderr] Error on Fragment compile
[stderr] Shader: ERROR: 0:28: '*' : wrong operand types - no operation '*' exists that takes a left-hand operand of type 'const int' and a right operand of type 'highp float' (or there is no acceptable conversion)
[stderr] ERROR: 0:32: '/' : wrong operand types - no operation '/' exists that takes a left-hand operand of type 'highp float' and a right operand of type 'const int' (or there is no acceptable conversion)

Converted GLSL source:
#version 300 es
precision highp float;
precision highp int;
in vec2 TexCoord;
#define tc TexCoord
out vec4 color;
uniform float alpha_r;
uniform float alpha_g;
uniform float alpha_b;
uniform float alpha;
in vec3 vpos;
uniform vec4 optx;
uniform vec4 random_var;
uniform float alpha_value;
uniform mat4 mv_matrix;
uniform mat4 proj_matrix;
uniform sampler2D samp;
uniform float value_alpha_r, value_alpha_g, value_alpha_b;
uniform float index_value;
uniform float time_f;

uniform float restore_black;
in vec2 iResolution_;

vec4 xor_RGB(vec4 icolor, ivec4 isource) {
    ivec3 int_color;
    for(int i = 0; i < 3; ++i) {
        int_color[i] = int(255 * icolor[i]);
        int_color[i] = int_color[i]^isource[i];
        if(int_color[i] > 255)
            int_color[i] = int_color[i]%255;
        icolor[i] = float(int_color[i])/255;
    }
    icolor.a = 1.0;
return icolor;
}

void main(void)
{
    
    vec2 vpos;
    vpos[1] = 1.0-tc[1];
    vpos[0] = tc[0];
    
    vec2 pos = gl_FragCoord.xy / iResolution_.xy;
    
    if(pos[1] < 0.5)
        color = texture(samp, tc);
    else
        color = texture(samp, vpos);
    
}



================================================================================
[164] moving_gradient.glsl
3D program: FAILED
2D program: FAILED

Compiler output:
[stderr] Error on Fragment compile
[stderr] Shader: ERROR: 0:30: '[' : array indexes for fragment outputs must be constant integral expressions
[stderr] ERROR: 0:30: '*' : wrong operand types - no operation '*' exists that takes a left-hand operand of type 'const int' and a right operand of type 'highp float' (or there is no acceptable conversion)
[stderr] ERROR: 0:43: '[' : array indexes for fragment outputs must be constant integral expressions
[stderr] ERROR: 0:43: '*' : wrong operand types - no operation '*' exists that takes a left-hand operand of type 'const int' and a right operand of type 'highp float' (or there is no acceptable conversion)
[stderr] ERROR: 0:47: '[' : array indexes for fragment outputs must be constant integral expressions
[stderr] ERROR: 0:47: '/' : wrong operand types - no operation '/' exists that takes a left-hand operand of type 'highp float' and a right operand of type 'const int' (or there is no acceptable conversion)
[stderr] Error on Fragment compile
[stderr] Shader: ERROR: 0:30: '[' : array indexes for fragment outputs must be constant integral expressions
[stderr] ERROR: 0:30: '*' : wrong operand types - no operation '*' exists that takes a left-hand operand of type 'const int' and a right operand of type 'highp float' (or there is no acceptable conversion)
[stderr] ERROR: 0:43: '[' : array indexes for fragment outputs must be constant integral expressions
[stderr] ERROR: 0:43: '*' : wrong operand types - no operation '*' exists that takes a left-hand operand of type 'const int' and a right operand of type 'highp float' (or there is no acceptable conversion)
[stderr] ERROR: 0:47: '[' : array indexes for fragment outputs must be constant integral expressions
[stderr] ERROR: 0:47: '/' : wrong operand types - no operation '/' exists that takes a left-hand operand of type 'highp float' and a right operand of type 'const int' (or there is no acceptable conversion)

Converted GLSL source:
#version 300 es
precision highp float;
precision highp int;
in vec2 TexCoord;
#define tc TexCoord
out vec4 color;
uniform float alpha_r;
uniform float alpha_g;
uniform float alpha_b;
in float timeval;
uniform float alpha;
uniform vec4 optx;
uniform vec4 random_var;
uniform float alpha_value;

uniform mat4 mv_matrix;
uniform mat4 proj_matrix;
uniform sampler2D samp;
uniform float value_alpha_r, value_alpha_g, value_alpha_b;
uniform float index_value;
uniform float time_f;

uniform float restore_black;

void main(void)
{
    color = texture(samp, tc);
    ivec3 source;
    for(int i = 0; i < 3; ++i) {
        source[i] = int(255 * color[i]);
    }
    
    color[0] += tc[0];
    color[1] += tc[1];
    color[2] += tc[0]+tc[1];
    
    color[0] += 0.1*timeval;
    color[1] += 0.3*timeval;
    color[2] += 0.7*timeval;
    
    ivec3 int_color;
    for(int i = 0; i < 3; ++i) {
        int_color[i] = int(255 * color[i]);
        int_color[i] = int_color[i]^source[i];
        if(int_color[i] > 255)
            int_color[i] = int_color[i]%255;
        color[i] = float(int_color[i])/255;
    }
}


================================================================================
[165] negative_xor_strobe.glsl
3D program: FAILED
2D program: FAILED

Compiler output:
[stderr] Error on Fragment compile
[stderr] Shader: ERROR: 0:40: '*' : wrong operand types - no operation '*' exists that takes a left-hand operand of type 'out highp 4-component vector of float' and a right operand of type 'const int' (or there is no acceptable conversion)
[stderr] ERROR: 0:46: '[' : array indexes for fragment outputs must be constant integral expressions
[stderr] ERROR: 0:46: '*' : wrong operand types - no operation '*' exists that takes a left-hand operand of type 'const int' and a right operand of type 'highp float' (or there is no acceptable conversion)
[stderr] ERROR: 0:51: '[' : array indexes for fragment outputs must be constant integral expressions
[stderr] ERROR: 0:51: '/' : wrong operand types - no operation '/' exists that takes a left-hand operand of type 'highp float' and a right operand of type 'const int' (or there is no acceptable conversion)
[stderr] Error on Fragment compile
[stderr] Shader: ERROR: 0:40: '*' : wrong operand types - no operation '*' exists that takes a left-hand operand of type 'out highp 4-component vector of float' and a right operand of type 'const int' (or there is no acceptable conversion)
[stderr] ERROR: 0:46: '[' : array indexes for fragment outputs must be constant integral expressions
[stderr] ERROR: 0:46: '*' : wrong operand types - no operation '*' exists that takes a left-hand operand of type 'const int' and a right operand of type 'highp float' (or there is no acceptable conversion)
[stderr] ERROR: 0:51: '[' : array indexes for fragment outputs must be constant integral expressions
[stderr] ERROR: 0:51: '/' : wrong operand types - no operation '/' exists that takes a left-hand operand of type 'highp float' and a right operand of type 'const int' (or there is no acceptable conversion)

Converted GLSL source:
#version 300 es
precision highp float;
precision highp int;
in vec2 TexCoord;
#define tc TexCoord
out vec4 color;
uniform float alpha_r;
uniform float alpha_g;
uniform float alpha_b;
in float timeval;
uniform float alpha;
uniform vec4 optx;
in vec4 random_value;
uniform vec4 random_var;
uniform float alpha_value;
uniform mat4 mv_matrix;
uniform mat4 proj_matrix;
uniform sampler2D samp;
uniform float value_alpha_r, value_alpha_g, value_alpha_b;
uniform float index_value;
uniform float time_f;
uniform vec2 iResolution;

uniform float restore_black;
in vec2 iResolution_;
uniform vec4 inc_valuex;
uniform vec4 inc_value;

float random (vec2 st) {
    return fract(sin(dot(st.xy,
                         vec2(12.9898,78.233)))*
        43758.5453123);
}

void main(void)
{
    color = texture(samp, tc);
    vec2 pos = gl_FragCoord.xy / iResolution_.xy * timeval;
    float r = random(pos);
    ivec4 source =ivec4(color * 255);
    vec4 c = vec4(0.2, 0.5, 0.8, 1); // random_value/255;
    color = color * sin(inc_value*(sin(fract(inc_valuex.x+inc_valuex.y/0.3))));
    color = color * c * alpha/timeval;
    ivec3 int_color;
    for(int i = 0; i < 3; ++i) {
        int_color[i] = int(255 * color[i]);
        int value = source[i]^200;
        int_color[i] = int_color[i]^value;
        if(int_color[i] > 255)
            int_color[i] = int_color[i]%255;
        color[i] = float(int_color[i])/255;
    }
}



================================================================================
[166] new_xor_scale_strobe.glsl
3D program: FAILED
2D program: FAILED

Compiler output:
[stderr] Error on Fragment compile
[stderr] Shader: ERROR: 0:14: '*' : wrong operand types - no operation '*' exists that takes a left-hand operand of type 'in highp 4-component vector of float' and a right operand of type 'const int' (or there is no acceptable conversion)
[stderr] ERROR: 0:17: '*' : wrong operand types - no operation '*' exists that takes a left-hand operand of type 'const int' and a right operand of type 'highp float' (or there is no acceptable conversion)
[stderr] ERROR: 0:29: 'mod' : no matching overloaded function found
[stderr] Error on Fragment compile
[stderr] Shader: ERROR: 0:14: '*' : wrong operand types - no operation '*' exists that takes a left-hand operand of type 'in highp 4-component vector of float' and a right operand of type 'const int' (or there is no acceptable conversion)
[stderr] ERROR: 0:17: '*' : wrong operand types - no operation '*' exists that takes a left-hand operand of type 'const int' and a right operand of type 'highp float' (or there is no acceptable conversion)
[stderr] ERROR: 0:29: 'mod' : no matching overloaded function found

Converted GLSL source:
#version 300 es
precision highp float;
precision highp int;

in vec2 TexCoord;
#define tc TexCoord
out vec4 color;
uniform sampler2D samp;
uniform float time_f;
uniform vec2 iResolution;
uniform float alpha;

vec4 xor_RGB(vec4 icolor, vec4 isourcex) {
    ivec4 isource = ivec4(isourcex * 255);
    ivec3 int_color;
    for(int i = 0; i < 3; ++i) {
        int_color[i] = int(255 * icolor[i]);
        int_color[i] ^= isource[i];
        if(int_color[i] > 255)
            int_color[i] %= 255;
        icolor[i] = float(int_color[i]) / 255.0;
    }
    icolor.a = 1.0;
return icolor;
}

void main() {
    vec4 col2 = texture(samp, tc);
    float t = mod(time_f, 10) * mod(alpha, 1.0);
    
    col2 *= t;
    
    vec4 col = xor_RGB(texture(samp, tc), col2);
    color = col;
}
    


================================================================================
[167] nl.glsl
3D program: FAILED
2D program: FAILED

Compiler output:
[stderr] Error on Fragment compile
[stderr] Shader: ERROR: 0:20: '*' : wrong operand types - no operation '*' exists that takes a left-hand operand of type 'const int' and a right operand of type 'highp float' (or there is no acceptable conversion)
[stderr] ERROR: 0:24: '/' : wrong operand types - no operation '/' exists that takes a left-hand operand of type 'highp float' and a right operand of type 'const int' (or there is no acceptable conversion)
[stderr] ERROR: 0:56: '*' : wrong operand types - no operation '*' exists that takes a left-hand operand of type 'highp 4-component vector of float' and a right operand of type 'const int' (or there is no acceptable conversion)
[stderr] Error on Fragment compile
[stderr] Shader: ERROR: 0:20: '*' : wrong operand types - no operation '*' exists that takes a left-hand operand of type 'const int' and a right operand of type 'highp float' (or there is no acceptable conversion)
[stderr] ERROR: 0:24: '/' : wrong operand types - no operation '/' exists that takes a left-hand operand of type 'highp float' and a right operand of type 'const int' (or there is no acceptable conversion)
[stderr] ERROR: 0:56: '*' : wrong operand types - no operation '*' exists that takes a left-hand operand of type 'highp 4-component vector of float' and a right operand of type 'const int' (or there is no acceptable conversion)

Converted GLSL source:
#version 300 es
precision highp float;
precision highp int;

in vec2 TexCoord;
#define tc TexCoord
out vec4 color;
uniform vec2 iResolution;
uniform float time_f;
uniform sampler2D samp;


float rand(vec2 co){
    return fract(sin(dot(co.xy, vec2(12.9898, 78.233))) * 43758.5453);
}

vec4 xor_RGB(vec4 icolor, ivec4 isource) {
    ivec3 int_color;
    for(int i = 0; i < 3; ++i) {
        int_color[i] = int(255 * icolor[i]);
        int_color[i] = int_color[i]^isource[i];
        if(int_color[i] > 255)
            int_color[i] = int_color[i]%255;
        icolor[i] = float(int_color[i])/255;
    }
    icolor.a = 1.0;
return icolor;
}

vec3 smoothBaseColor(float t) {
    vec3 colors[3] = vec3[](vec3(0.1, 0.1, 0.2), vec3(0.05, 0.05, 0.15), vec3(0.15, 0.15, 0.25));
    float index = fract(t * 0.1);
    float transition = sin(index * 3.14159265 * 2.0) * 0.5 + 0.5;
    int i = int(fract(t * 0.05) * 3.0);
    int next = (i + 1) % 3;
    return mix(colors[i], colors[next], transition);
}

void main(void) {
    float aspectRatio = iResolution.x / iResolution.y;
    vec2 adjustedTC = tc;
    adjustedTC.y /= aspectRatio;
    vec2 center = vec2(0.5, 0.5);
    vec2 toCenter = adjustedTC - center;
    float dist = length(toCenter) * aspectRatio;
    vec3 baseColor = smoothBaseColor(time_f);
    float wave1 = sin(tc.x * 3.0 + time_f * 1.5) * 0.5 + 0.5;
    float wave2 = sin(tc.y * 2.0 + time_f * 2.0 + cos(tc.x * 5.0)) * 0.5 + 0.5;
    float auroraFactor = wave1 * wave2;
    vec3 auroraColor = mix(vec3(0.0, 1.0, 0.0), vec3(0.0, 0.5, 1.0), wave2);
    vec3 finalColor = mix(baseColor, auroraColor, auroraFactor * 0.6);
    vec4 ocolor = texture(samp, tc);
    color = vec4(finalColor, 1.0);
    color *= time_f;
    color = mix(color, texture(samp, tc), 0.5);
    color = xor_RGB(color, ivec4(ocolor * 255));
}


================================================================================
[168] ol.glsl
3D program: FAILED
2D program: FAILED

Compiler output:
[stderr] Error on Fragment compile
[stderr] Shader: ERROR: 0:14: 'uniform' :  cannot initialize this type of qualifier
[stderr] ERROR: 0:15: 'uniform' :  cannot initialize this type of qualifier
[stderr] Error on Fragment compile
[stderr] Shader: ERROR: 0:14: 'uniform' :  cannot initialize this type of qualifier
[stderr] ERROR: 0:15: 'uniform' :  cannot initialize this type of qualifier

Converted GLSL source:
#version 300 es
precision highp float;
precision highp int;
in vec2 TexCoord;
#define tc TexCoord
out vec4 color;

uniform float time_f;          // Time value for animation
uniform sampler2D samp;         // Texture sampler
uniform vec2 iResolution;      // Screen resolution
uniform vec4 iMouse;           // Mouse position

// Parameters to control the glitch effect
uniform float frequency = 0.5; // Main frequency of the warp
uniform float strength = 1.0;   // Intensity of the warp

void main() {
    vec2 warpedTexCoord = tc;

    // Add noise-based distortion
    float noise = fract(sin(warpedTexCoord.x * frequency + time_f) *
4.0);
    noise += fract(sin(warpedTexCoord.y * frequency * 2.0 + time_f) *
2.0);
    noise *= strength;

    // Combine with mouse position for interactive warping
    vec2 mousePos = iMouse.xy;
    mousePos.x = sin(mousePos.x * 16.0 + time_f);
    mousePos.y = sin(mousePos.y * 16.0 + time_f);

    warpedTexCoord += noise * mousePos * strength;

    // Apply multiple layers of distortion
    float layer1 = fract(sin(tc.x * 4.0 + time_f) * 2.0);
    float layer2 = fract(sin(tc.y * 4.0 * 2.0 + time_f) * 2.0);
    float layer3 = fract(sin((tc.x + tc.y) * 8.0 + time_f) * 1.0);

    // Combine all layers
    vec2 finalTexCoord = tc + (layer1 + layer2 * mousePos.x + layer3 *
mousePos.y) * strength;

    color = mix(texture(samp, sin(finalTexCoord * time_f)), texture(samp, tc), 0.5);
}

================================================================================
[169] optxtime.glsl
3D program: FAILED
2D program: FAILED

Compiler output:
[stderr] Error on Fragment compile
[stderr] Shader: ERROR: 0:29: '[' : array indexes for fragment outputs must be constant integral expressions
[stderr] ERROR: 0:29: '*' : wrong operand types - no operation '*' exists that takes a left-hand operand of type 'const int' and a right operand of type 'highp float' (or there is no acceptable conversion)
[stderr] ERROR: 0:38: '[' : array indexes for fragment outputs must be constant integral expressions
[stderr] ERROR: 0:38: '*' : wrong operand types - no operation '*' exists that takes a left-hand operand of type 'const int' and a right operand of type 'highp float' (or there is no acceptable conversion)
[stderr] ERROR: 0:42: '[' : array indexes for fragment outputs must be constant integral expressions
[stderr] ERROR: 0:42: '/' : wrong operand types - no operation '/' exists that takes a left-hand operand of type 'highp float' and a right operand of type 'const int' (or there is no acceptable conversion)
[stderr] Error on Fragment compile
[stderr] Shader: ERROR: 0:29: '[' : array indexes for fragment outputs must be constant integral expressions
[stderr] ERROR: 0:29: '*' : wrong operand types - no operation '*' exists that takes a left-hand operand of type 'const int' and a right operand of type 'highp float' (or there is no acceptable conversion)
[stderr] ERROR: 0:38: '[' : array indexes for fragment outputs must be constant integral expressions
[stderr] ERROR: 0:38: '*' : wrong operand types - no operation '*' exists that takes a left-hand operand of type 'const int' and a right operand of type 'highp float' (or there is no acceptable conversion)
[stderr] ERROR: 0:42: '[' : array indexes for fragment outputs must be constant integral expressions
[stderr] ERROR: 0:42: '/' : wrong operand types - no operation '/' exists that takes a left-hand operand of type 'highp float' and a right operand of type 'const int' (or there is no acceptable conversion)

Converted GLSL source:
#version 300 es
precision highp float;
precision highp int;
in vec2 TexCoord;
#define tc TexCoord
out vec4 color;
uniform float alpha_r;
uniform float alpha_g;
uniform float alpha_b;
in float timeval;
uniform float alpha;
uniform vec4 optx;
uniform vec4 random_var;
uniform float alpha_value;
uniform mat4 mv_matrix;
uniform mat4 proj_matrix;
uniform sampler2D samp;
uniform float value_alpha_r, value_alpha_g, value_alpha_b;
uniform float index_value;
uniform float time_f;

uniform float restore_black;

void main(void)
{
    color = texture(samp, tc);
    ivec3 source;
    for(int i = 0; i < 3; ++i) {
        source[i] = int(255 * color[i]);
    }
    
    color[0] = color[0]+(timeval*optx[0]);
    color[1] = color[1]+(timeval*optx[1]);
    color[2] = color[2]*tc[0]+(timeval*optx[2]);
    
    ivec3 int_color;
    for(int i = 0; i < 3; ++i) {
        int_color[i] = int(255 * color[i]);
        int_color[i] = int_color[i]^source[i];
        if(int_color[i] > 255)
            int_color[i] = int_color[i]%255;
        color[i] = float(int_color[i])/255;
    }
}



================================================================================
[170] optxtime_cos.glsl
3D program: FAILED
2D program: FAILED

Compiler output:
[stderr] Error on Fragment compile
[stderr] Shader: ERROR: 0:29: '[' : array indexes for fragment outputs must be constant integral expressions
[stderr] ERROR: 0:29: '*' : wrong operand types - no operation '*' exists that takes a left-hand operand of type 'const int' and a right operand of type 'highp float' (or there is no acceptable conversion)
[stderr] ERROR: 0:36: '[' : array indexes for fragment outputs must be constant integral expressions
[stderr] ERROR: 0:36: '*' : wrong operand types - no operation '*' exists that takes a left-hand operand of type 'const int' and a right operand of type 'highp float' (or there is no acceptable conversion)
[stderr] ERROR: 0:39: '[' : array indexes for fragment outputs must be constant integral expressions
[stderr] ERROR: 0:39: '/' : wrong operand types - no operation '/' exists that takes a left-hand operand of type 'highp float' and a right operand of type 'const int' (or there is no acceptable conversion)
[stderr] Error on Fragment compile
[stderr] Shader: ERROR: 0:29: '[' : array indexes for fragment outputs must be constant integral expressions
[stderr] ERROR: 0:29: '*' : wrong operand types - no operation '*' exists that takes a left-hand operand of type 'const int' and a right operand of type 'highp float' (or there is no acceptable conversion)
[stderr] ERROR: 0:36: '[' : array indexes for fragment outputs must be constant integral expressions
[stderr] ERROR: 0:36: '*' : wrong operand types - no operation '*' exists that takes a left-hand operand of type 'const int' and a right operand of type 'highp float' (or there is no acceptable conversion)
[stderr] ERROR: 0:39: '[' : array indexes for fragment outputs must be constant integral expressions
[stderr] ERROR: 0:39: '/' : wrong operand types - no operation '/' exists that takes a left-hand operand of type 'highp float' and a right operand of type 'const int' (or there is no acceptable conversion)

Converted GLSL source:
#version 300 es
precision highp float;
precision highp int;
in vec2 TexCoord;
#define tc TexCoord
out vec4 color;
uniform float alpha_r;
uniform float alpha_g;
uniform float alpha_b;
in float timeval;
uniform float alpha;
uniform vec4 optx;
uniform vec4 random_var;
uniform float alpha_value;
uniform mat4 mv_matrix;
uniform mat4 proj_matrix;
uniform sampler2D samp;
uniform float value_alpha_r, value_alpha_g, value_alpha_b;
uniform float index_value;
uniform float time_f;

uniform float restore_black;

void main(void)
{
    color = texture(samp, tc);
    ivec3 source;
    for(int i = 0; i < 3; ++i) {
        source[i] = int(255 * color[i]);
    }
    color[0] = color[0] + (cos(optx[0])*timeval);
    color[1] = color[1] + (cos(optx[1])*timeval);
    color[2] = color[2] + (cos(optx[2])*timeval);
    ivec3 int_color;
    for(int i = 0; i < 3; ++i) {
        int_color[i] = int(255 * color[i]);
        if(int_color[i] > 255)
            int_color[i] = int_color[i]%255;
        color[i] = float(int_color[i])/255;
    }
}



================================================================================
[171] optxtime_tex.glsl
3D program: FAILED
2D program: FAILED

Compiler output:
[stderr] Error on Fragment compile
[stderr] Shader: ERROR: 0:30: '[' : array indexes for fragment outputs must be constant integral expressions
[stderr] ERROR: 0:30: '*' : wrong operand types - no operation '*' exists that takes a left-hand operand of type 'const int' and a right operand of type 'highp float' (or there is no acceptable conversion)
[stderr] ERROR: 0:37: '[' : array indexes for fragment outputs must be constant integral expressions
[stderr] ERROR: 0:37: '*' : wrong operand types - no operation '*' exists that takes a left-hand operand of type 'const int' and a right operand of type 'highp float' (or there is no acceptable conversion)
[stderr] ERROR: 0:41: '[' : array indexes for fragment outputs must be constant integral expressions
[stderr] ERROR: 0:41: '/' : wrong operand types - no operation '/' exists that takes a left-hand operand of type 'highp float' and a right operand of type 'const int' (or there is no acceptable conversion)
[stderr] Error on Fragment compile
[stderr] Shader: ERROR: 0:30: '[' : array indexes for fragment outputs must be constant integral expressions
[stderr] ERROR: 0:30: '*' : wrong operand types - no operation '*' exists that takes a left-hand operand of type 'const int' and a right operand of type 'highp float' (or there is no acceptable conversion)
[stderr] ERROR: 0:37: '[' : array indexes for fragment outputs must be constant integral expressions
[stderr] ERROR: 0:37: '*' : wrong operand types - no operation '*' exists that takes a left-hand operand of type 'const int' and a right operand of type 'highp float' (or there is no acceptable conversion)
[stderr] ERROR: 0:41: '[' : array indexes for fragment outputs must be constant integral expressions
[stderr] ERROR: 0:41: '/' : wrong operand types - no operation '/' exists that takes a left-hand operand of type 'highp float' and a right operand of type 'const int' (or there is no acceptable conversion)

Converted GLSL source:
#version 300 es
precision highp float;
precision highp int;
in vec2 TexCoord;
#define tc TexCoord
out vec4 color;
uniform float alpha_r;
uniform float alpha_g;
uniform float alpha_b;
in float timeval;
uniform float alpha;
in vec3 vpos;
uniform vec4 optx;
uniform vec4 random_var;
uniform float alpha_value;
uniform mat4 mv_matrix;
uniform mat4 proj_matrix;
uniform sampler2D samp;
uniform float value_alpha_r, value_alpha_g, value_alpha_b;
uniform float index_value;
uniform float time_f;

uniform float restore_black;

void main(void)
{
    color = texture(samp, tc);
    ivec3 source;
    for(int i = 0; i < 3; ++i) {
        source[i] = int(255 * color[i]);
    }
    color[0] = color[0]*(0.142*vpos[0])+(timeval*optx[0]);
    color[1] = color[1]*(0.341*vpos[1])+(timeval*optx[1]);
    color[2] = color[2]*(0.451*vpos[2])+(timeval*optx[2]);
    ivec3 int_color;
    for(int i = 0; i < 3; ++i) {
        int_color[i] = int(255 * color[i]);
        int_color[i] = int_color[i]^source[i];
        if(int_color[i] > 255)
            int_color[i] = int_color[i]%255;
        color[i] = float(int_color[i])/255;
    }
}



================================================================================
[172] PI_x1.mp4.glsl
3D program: FAILED
2D program: FAILED

Compiler output:
[stderr] Error on Fragment compile
[stderr] Shader: ERROR: 0:2: '
[stderr] ' : #version directive must occur on the first line of the shader
[stderr] ERROR: 0:5: 'out' : storage qualifier supported in GLSL ES 3.00 and above only
[stderr] ERROR: 0:6: 'in' : storage qualifier supported in GLSL ES 3.00 and above only
[stderr] ERROR: 0:51: 'texture' : no matching overloaded function found
[stderr] ERROR: 0:52: 'texture' : no matching overloaded function found
[stderr] ERROR: 0:53: 'texture' : no matching overloaded function found
[stderr] ERROR: 0:54: 'texture' : no matching overloaded function found
[stderr] ERROR: 0:55: 'texture' : no matching overloaded function found
[stderr] ERROR: 0:56: 'texture' : no matching overloaded function found
[stderr] ERROR: 0:57: 'texture' : no matching overloaded function found
[stderr] ERROR: 0:58: 'texture' : no matching overloaded function found
[stderr] ERROR: 0:59: 'texture' : no matching overloaded function found
[stderr] ERROR: 0:69: 'texture' : no matching overloaded function found
[stderr] ERROR: 0:69: 'rgb' :  field selection requires structure or vector on left hand side
[stderr] ERROR: 0:69: '=' : dimension mismatch
[stderr] ERROR: 0:69: '=' : cannot convert from 'const mediump float' to 'highp 3-component vector of float'
[stderr] ERROR: 0:79: 'texture' : no matching overloaded function found
[stderr] ERROR: 0:79: '=' : dimension mismatch
[stderr] ERROR: 0:79: '=' : cannot convert from 'const mediump float' to 'highp 4-component vector of float'
[stderr] ERROR: 0:80: 'texture' : no matching overloaded function found
[stderr] ERROR: 0:80: '=' : dimension mismatch
[stderr] ERROR: 0:80: '=' : cannot convert from 'const mediump float' to 'highp 4-component vector of float'
[stderr] ERROR: 0:81: 'texture' : no matching overloaded function found
[stderr] ERROR: 0:81: '=' : dimension mismatch
[stderr] ERROR: 0:81: '=' : cannot convert from 'const mediump float' to 'highp 4-component vector of float'
[stderr] ERROR: 0:96: 'dFdx' : no matching overloaded function found
[stderr] ERROR: 0:97: 'dFdy' : no matching overloaded function found
[stderr] Error on Fragment compile
[stderr] Shader: ERROR: 0:2: '
[stderr] ' : #version directive must occur on the first line of the shader
[stderr] ERROR: 0:5: 'out' : storage qualifier supported in GLSL ES 3.00 and above only
[stderr] ERROR: 0:6: 'in' : storage qualifier supported in GLSL ES 3.00 and above only
[stderr] ERROR: 0:51: 'texture' : no matching overloaded function found
[stderr] ERROR: 0:52: 'texture' : no matching overloaded function found
[stderr] ERROR: 0:53: 'texture' : no matching overloaded function found
[stderr] ERROR: 0:54: 'texture' : no matching overloaded function found
[stderr] ERROR: 0:55: 'texture' : no matching overloaded function found
[stderr] ERROR: 0:56: 'texture' : no matching overloaded function found
[stderr] ERROR: 0:57: 'texture' : no matching overloaded function found
[stderr] ERROR: 0:58: 'texture' : no matching overloaded function found
[stderr] ERROR: 0:59: 'texture' : no matching overloaded function found
[stderr] ERROR: 0:69: 'texture' : no matching overloaded function found
[stderr] ERROR: 0:69: 'rgb' :  field selection requires structure or vector on left hand side
[stderr] ERROR: 0:69: '=' : dimension mismatch
[stderr] ERROR: 0:69: '=' : cannot convert from 'const mediump float' to 'highp 3-component vector of float'
[stderr] ERROR: 0:79: 'texture' : no matching overloaded function found
[stderr] ERROR: 0:79: '=' : dimension mismatch
[stderr] ERROR: 0:79: '=' : cannot convert from 'const mediump float' to 'highp 4-component vector of float'
[stderr] ERROR: 0:80: 'texture' : no matching overloaded function found
[stderr] ERROR: 0:80: '=' : dimension mismatch
[stderr] ERROR: 0:80: '=' : cannot convert from 'const mediump float' to 'highp 4-component vector of float'
[stderr] ERROR: 0:81: 'texture' : no matching overloaded function found
[stderr] ERROR: 0:81: '=' : dimension mismatch
[stderr] ERROR: 0:81: '=' : cannot convert from 'const mediump float' to 'highp 4-component vector of float'
[stderr] ERROR: 0:96: 'dFdx' : no matching overloaded function found
[stderr] ERROR: 0:97: 'dFdy' : no matching overloaded function found

Converted GLSL source:

#version 300 es
precision highp float;
precision highp int;
out vec4 color;
in vec2 TexCoord;
#define tc TexCoord

uniform sampler2D samp;
uniform float time_f;
uniform vec2 iResolution;
uniform vec4 iMouse;

float PI = 3.1415926535897932384626433832795;

float pingPong(float x, float length) {
    float m = mod(x, length * 2.0);
    return m <= length ? m : length * 2.0 - m;
}



float hash(vec2 p){return fract(sin(dot(p,vec2(127.1,311.7)))*43758.5453);}
float noise(vec2 p){vec2 i=floor(p),f=fract(p);vec2 u=f*f*(3.0-2.0*f);float a=hash(i),b=hash(i+vec2(1,0)),c=hash(i+vec2(0,1)),d=hash(i+vec2(1,1));return mix(mix(a,b,u.x),mix(c,d,u.x),u.y);}
vec3 rainbow(float t){t=fract(t);float r=abs(t*6.0-3.0)-1.0;float g=2.0-abs(t*6.0-2.0);float b=2.0-abs(t*6.0-4.0);return clamp(vec3(r,g,b),0.0,1.0);}

vec2 kaleido(vec2 uv, vec2 c, float seg, vec2 ar){
    vec2 p=(uv-c)*ar;
    float ang=atan(p.y,p.x);
    float ra=length(p);
    float a=6.2831853/seg;
    ang=mod(ang,a);
    ang=abs(ang-a*0.5);
    p=vec2(cos(ang),sin(ang))*ra;
    return c+p/ar;
}

vec2 vortex(vec2 uv, vec2 c, float t){
    vec2 d=uv-c;
    float r=length(d);
    float a=atan(d.y,d.x);
    a+=sin(t*0.9+r*12.0)*0.6+0.3*sin(r*24.0-t*1.7);
    float z=0.15*sin(t*0.6+pow(r,0.6)*10.0);
    r=clamp(r*(1.0-z),0.0,1.0);
    return c+vec2(cos(a),sin(a))*r;
}

vec4 blur9(sampler2D img, vec2 uv, vec2 res){
    vec2 ts=1.0/res;
    vec4 s=vec4(0.0);
    s+=texture(img,uv+ts*vec2(-1,-1));
    s+=texture(img,uv+ts*vec2( 0,-1));
    s+=texture(img,uv+ts*vec2( 1,-1));
    s+=texture(img,uv+ts*vec2(-1, 0));
    s+=texture(img,uv+ts*vec2( 0, 0));
    s+=texture(img,uv+ts*vec2( 1, 0));
    s+=texture(img,uv+ts*vec2(-1, 1));
    s+=texture(img,uv+ts*vec2( 0, 1));
    s+=texture(img,uv+ts*vec2( 1, 1));
    return s/9.0;
}

float luma(vec3 c){return dot(c,vec3(0.299,0.587,0.114));}

void main(){
    vec2 ar=vec2(1.0,iResolution.y/iResolution.x);
    vec2 m=(iMouse.z>0.5)?(iMouse.xy/iResolution):vec2(0.5);

    vec3 orig=texture(samp, tc).rgb;

    vec2 uv=tc;
    uv=kaleido(uv,m,6.0,ar);
    uv=vortex(uv,m,time_f);

    float r1=0.003+0.003*sin(time_f*1.1);
    vec2 dir=normalize(uv-m+1e-6);
    vec2 tw=dir*(0.004*(noise(uv*vec2(iResolution.x/iResolution.y,1.0)*5.0+time_f*0.7)-0.5));
    vec4 b=blur9(samp,uv,iResolution);
    vec4 cR=texture(samp, uv+dir*r1+tw);
    vec4 cG=texture(samp, uv+tw);
    vec4 cB=texture(samp, uv-dir*r1+tw);
    vec3 texRGB=mix(b.rgb, vec3(cR.r,cG.g,cB.b), 0.85);

    vec2 p=(uv-m)*ar;
    float rad=length(p);
    float ang=atan(p.y,p.x);
    float beat=0.5+0.5*sin(time_f*2.1);
    vec3 base=rainbow(ang/6.2831853+time_f*0.12);
    vec3 glow=base*smoothstep(0.85,0.0,rad)*beat;
    float strobe=0.5+0.5*sin(time_f*10.0+rad*40.0);
    float w=0.28+0.22*strobe;

    vec3 fractal=mix(texRGB, texRGB*rainbow(time_f*0.08+rad*2.0), w)+glow*0.7;

    float L=luma(orig);
    float gx=abs(dFdx(L));
    float gy=abs(dFdy(L));
    float edge=smoothstep(0.02,0.15,gx+gy);

    float radial=smoothstep(0.05,0.65,rad);
    float band=1.0-smoothstep(0.015,0.035,abs(fract(ang*3.0/3.14159+time_f*0.08)-0.5));
    float n=0.35+0.65*noise(tc*vec2(iResolution.x/iResolution.y,1.0)*3.0+time_f*0.4);
    float strength=clamp(0.55*radial+0.25*strobe,0.0,1.0);
    strength*=mix(1.0,0.4,edge);
    strength*=mix(1.0,0.6,band);
    strength=mix(strength,strength*n,0.6);

    vec3 screenMix=1.5-(1.0-fractal)*(1.0-orig);
    vec3 outRGB=mix(orig, sin(screenMix * pingPong(time_f * PI, 10.0)), strength);


    float vign=1.0-smoothstep(0.8,1.08,length((tc-m)*ar));
    color=vec4(outRGB*vign,1.0);
}





================================================================================
[173] picolor.glsl
3D program: FAILED
2D program: FAILED

Compiler output:
[stderr] Error on Fragment compile
[stderr] Shader: ERROR: 0:26: '*' : wrong operand types - no operation '*' exists that takes a left-hand operand of type 'const int' and a right operand of type 'out highp 4-component vector of float' (or there is no acceptable conversion)
[stderr] ERROR: 0:30: '[' : array indexes for fragment outputs must be constant integral expressions
[stderr] ERROR: 0:30: '*' : wrong operand types - no operation '*' exists that takes a left-hand operand of type 'const int' and a right operand of type 'highp float' (or there is no acceptable conversion)
[stderr] ERROR: 0:34: '[' : array indexes for fragment outputs must be constant integral expressions
[stderr] ERROR: 0:34: '/' : wrong operand types - no operation '/' exists that takes a left-hand operand of type 'highp float' and a right operand of type 'const int' (or there is no acceptable conversion)
[stderr] Error on Fragment compile
[stderr] Shader: ERROR: 0:26: '*' : wrong operand types - no operation '*' exists that takes a left-hand operand of type 'const int' and a right operand of type 'out highp 4-component vector of float' (or there is no acceptable conversion)
[stderr] ERROR: 0:30: '[' : array indexes for fragment outputs must be constant integral expressions
[stderr] ERROR: 0:30: '*' : wrong operand types - no operation '*' exists that takes a left-hand operand of type 'const int' and a right operand of type 'highp float' (or there is no acceptable conversion)
[stderr] ERROR: 0:34: '[' : array indexes for fragment outputs must be constant integral expressions
[stderr] ERROR: 0:34: '/' : wrong operand types - no operation '/' exists that takes a left-hand operand of type 'highp float' and a right operand of type 'const int' (or there is no acceptable conversion)

Converted GLSL source:
#version 300 es
precision highp float;
precision highp int;
in vec2 TexCoord;
#define tc TexCoord
out vec4 color;
uniform float alpha_r;
uniform float alpha_g;
uniform float alpha_b;
uniform float alpha;
uniform vec4 optx;
uniform vec4 random_var;
uniform float alpha_value;
uniform mat4 mv_matrix;
uniform mat4 proj_matrix;
uniform sampler2D samp;
uniform float value_alpha_r, value_alpha_g, value_alpha_b;
uniform float index_value;
uniform float time_f;

uniform float restore_black;

void main(void)
{
    color = texture(samp, tc);
    ivec4 source = ivec4(255 * color);
    color += color / sin(3.1415926535/alpha);
    ivec3 int_color;
    for(int i = 0; i < 3; ++i) {
        int_color[i] = int(255 * color[i]);
        int_color[i] = int_color[i]^source[i];
        if(int_color[i] > 255)
            int_color[i] = int_color[i]%255;
        color[i] = float(int_color[i])/255;
    }
}



================================================================================
[174] pigrid.glsl
3D program: FAILED
2D program: FAILED

Compiler output:
[stderr] Error on Fragment compile
[stderr] Shader: ERROR: 0:27: '*' : wrong operand types - no operation '*' exists that takes a left-hand operand of type 'const int' and a right operand of type 'out highp 4-component vector of float' (or there is no acceptable conversion)
[stderr] ERROR: 0:36: '[' : array indexes for fragment outputs must be constant integral expressions
[stderr] ERROR: 0:36: '*' : wrong operand types - no operation '*' exists that takes a left-hand operand of type 'const int' and a right operand of type 'highp float' (or there is no acceptable conversion)
[stderr] ERROR: 0:40: '[' : array indexes for fragment outputs must be constant integral expressions
[stderr] ERROR: 0:40: '/' : wrong operand types - no operation '/' exists that takes a left-hand operand of type 'highp float' and a right operand of type 'const int' (or there is no acceptable conversion)
[stderr] Error on Fragment compile
[stderr] Shader: ERROR: 0:27: '*' : wrong operand types - no operation '*' exists that takes a left-hand operand of type 'const int' and a right operand of type 'out highp 4-component vector of float' (or there is no acceptable conversion)
[stderr] ERROR: 0:36: '[' : array indexes for fragment outputs must be constant integral expressions
[stderr] ERROR: 0:36: '*' : wrong operand types - no operation '*' exists that takes a left-hand operand of type 'const int' and a right operand of type 'highp float' (or there is no acceptable conversion)
[stderr] ERROR: 0:40: '[' : array indexes for fragment outputs must be constant integral expressions
[stderr] ERROR: 0:40: '/' : wrong operand types - no operation '/' exists that takes a left-hand operand of type 'highp float' and a right operand of type 'const int' (or there is no acceptable conversion)

Converted GLSL source:
#version 300 es
precision highp float;
precision highp int;
in vec2 TexCoord;
#define tc TexCoord
out vec4 color;
uniform float alpha_r;
uniform float alpha_g;
uniform float alpha_b;
uniform float alpha;
uniform vec4 optx;
uniform vec4 random_var;
uniform float alpha_value;
uniform mat4 mv_matrix;
uniform mat4 proj_matrix;
uniform sampler2D samp;
uniform float value_alpha_r, value_alpha_g, value_alpha_b;
uniform float index_value;
uniform float time_f;

uniform float restore_black;
in vec2 iResolution_;

void main(void)
{
    color = texture(samp, tc);
    ivec4 source = ivec4(255 * color);
    vec2 pos = gl_FragCoord.xy/iResolution_.xy;
    color = color / sin(3.1415926535/alpha);
    color[0] *= pos[0];
    color[1] *= pos[1];
    color[2] *= pos[0]+pos[1];
    
    ivec3 int_color;
    for(int i = 0; i < 3; ++i) {
        int_color[i] = int(255 * color[i]);
        int_color[i] = int_color[i]^source[i];
        if(int_color[i] > 255)
            int_color[i] = int_color[i]%255;
        color[i] = float(int_color[i])/255;
    }
}



================================================================================
[175] plasma_rainbow.glsl
3D program: FAILED
2D program: FAILED

Compiler output:
[stderr] Error on Fragment compile
[stderr] Shader: ERROR: 0:15: '*' : wrong operand types - no operation '*' exists that takes a left-hand operand of type 'in highp 4-component vector of float' and a right operand of type 'const int' (or there is no acceptable conversion)
[stderr] ERROR: 0:18: '*' : wrong operand types - no operation '*' exists that takes a left-hand operand of type 'const int' and a right operand of type 'highp float' (or there is no acceptable conversion)
[stderr] Error on Fragment compile
[stderr] Shader: ERROR: 0:15: '*' : wrong operand types - no operation '*' exists that takes a left-hand operand of type 'in highp 4-component vector of float' and a right operand of type 'const int' (or there is no acceptable conversion)
[stderr] ERROR: 0:18: '*' : wrong operand types - no operation '*' exists that takes a left-hand operand of type 'const int' and a right operand of type 'highp float' (or there is no acceptable conversion)

Converted GLSL source:
#version 300 es
precision highp float;
precision highp int;

in vec2 TexCoord;
#define tc TexCoord
out vec4 color;
uniform float time_f;
uniform vec2 iResolution;
uniform sampler2D samp;

float PI = 3.1415926535897932384626433832795;

vec4 xor_RGB(vec4 icolor, vec4 isourcex) {
    ivec4 isource = ivec4(isourcex * 255);
    ivec3 int_color;
    for(int i = 0; i < 3; ++i) {
        int_color[i] = int(255 * icolor[i]);
        int_color[i] ^= isource[i];
        if(int_color[i] > 255)
            int_color[i] %= 255;
        icolor[i] = float(int_color[i]) / 255.0;
    }
    icolor.a = 1.0;
return icolor;
}

float hash(float n) {
    return fract(sin(n) * 43758.5453123);
}

vec2 random2(vec2 st) {
    st = vec2(dot(st, vec2(127.1, 311.7)), dot(st, vec2(269.5, 183.3)));
    return -1.0 + 2.0 * fract(sin(st) * 43758.5453123);
}

vec2 smoothRandom2(float t) {
    float t0 = floor(t);
    float t1 = t0 + 1.0;
    vec2 rand0 = random2(vec2(t0));
    vec2 rand1 = random2(vec2(t1));
    float mix_factor = fract(t);
    return mix(rand0, rand1, smoothstep(0.0, 1.0, mix_factor));
}

vec3 rainbow(float t) {
    t = fract(t);
    float r = abs(t * 6.0 - 3.0) - 1.0;
    float g = 2.0 - abs(t * 6.0 - 2.0);
    float b = 2.0 - abs(t * 6.0 - 4.0);
    return clamp(vec3(r, g, b), 0.0, 1.0);
}

void main() {
    vec2 uv = (tc - 0.5) * 2.0;
    uv.x *= iResolution.x / iResolution.y;

    float plasma = 0.0;
    plasma += sin((uv.x + time_f) * 5.0);
    plasma += sin((uv.y + time_f) * 5.0);
    plasma += sin((uv.x + uv.y + time_f) * 5.0);
    plasma += cos(length(uv + time_f) * 10.0);
    plasma *= 0.25;

    vec3 col;
    col.r = cos(plasma * PI + time_f * 0.2) * 0.5 + 0.5;
    col.g = sin(plasma * PI + time_f * 0.2) * 0.5 + 0.5;
    col.b = sin(plasma * PI + time_f * 0.4) * 0.5 + 0.5;

    vec4 plasma_color = vec4(col, 1.0);
    vec4 tex_color = texture(samp, tc);
    vec4 xor_color = xor_RGB(plasma_color, tex_color);

    vec2 random_direction = smoothRandom2(time_f) * 0.5;
    float expand = 0.5 + 0.5 * sin(time_f * 2.0);
    vec2 spiral_uv = uv * expand + random_direction;
    float angle = atan(spiral_uv.y + sin(uv.x * 10.0 + time_f * 2.0) * 0.1, spiral_uv.x) + time_f * 2.0;
    vec3 rainbow_color = rainbow(angle / (2.0 * PI));

    vec3 blended_color = mix(xor_color.rgb, rainbow_color, 0.5);
    float time_t = mod(time_f, 30.0);
    color = vec4(sin(blended_color * time_t), tex_color.a);
}


================================================================================
[176] plasma_xor.glsl
3D program: FAILED
2D program: FAILED

Compiler output:
[stderr] Error on Fragment compile
[stderr] Shader: ERROR: 0:14: '*' : wrong operand types - no operation '*' exists that takes a left-hand operand of type 'in highp 4-component vector of float' and a right operand of type 'const int' (or there is no acceptable conversion)
[stderr] ERROR: 0:17: '*' : wrong operand types - no operation '*' exists that takes a left-hand operand of type 'const int' and a right operand of type 'highp float' (or there is no acceptable conversion)
[stderr] Error on Fragment compile
[stderr] Shader: ERROR: 0:14: '*' : wrong operand types - no operation '*' exists that takes a left-hand operand of type 'in highp 4-component vector of float' and a right operand of type 'const int' (or there is no acceptable conversion)
[stderr] ERROR: 0:17: '*' : wrong operand types - no operation '*' exists that takes a left-hand operand of type 'const int' and a right operand of type 'highp float' (or there is no acceptable conversion)

Converted GLSL source:
#version 300 es
precision highp float;
precision highp int;

in vec2 TexCoord;
#define tc TexCoord
out vec4 color;
uniform float time_f;
uniform vec2 iResolution;
float PI = 3.1415926535897932384626433832795;
uniform sampler2D samp;

vec4 xor_RGB(vec4 icolor, vec4 isourcex) {
    ivec4 isource = ivec4(isourcex * 255);
    ivec3 int_color;
    for(int i = 0; i < 3; ++i) {
        int_color[i] = int(255 * icolor[i]);
        int_color[i] ^= isource[i];
        if(int_color[i] > 255)
            int_color[i] %= 255;
        icolor[i] = float(int_color[i]) / 255.0;
    }
    icolor.a = 1.0;
return icolor;
}


void main() {
    vec2 uv = (tc - 0.5) * 2.0;
    uv.x *= iResolution.x / iResolution.y;
    float plasma = 0.0;
    plasma += sin((uv.x + time_f) * 5.0);
    plasma += sin((uv.y + time_f) * 5.0);
    plasma += sin((uv.x + uv.y + time_f) * 5.0);
    plasma += cos(length(uv + time_f) * 10.0);
    plasma *= 0.25;
    vec3 col;
    col.r = cos(plasma * PI + time_f * 0.2) * 0.5 + 0.5;
    col.g = sin(plasma * PI + time_f * 0.2) * 0.5 + 0.5;
    col.b = sin(plasma * PI + time_f * 0.4) * 0.5 + 0.5;
    color = vec4(col, 1.0);
    color = xor_RGB(color, texture(samp, tc));
}




================================================================================
[177] pool.glsl
3D program: FAILED
2D program: FAILED

Compiler output:
[stderr] Error on Fragment compile
[stderr] Shader: ERROR: 0:12: 'mod' : no matching overloaded function found
[stderr] Error on Fragment compile
[stderr] Shader: ERROR: 0:12: 'mod' : no matching overloaded function found

Converted GLSL source:
#version 300 es
precision highp float;
precision highp int;
out vec4 color;
in vec2 TexCoord;
#define tc TexCoord

uniform sampler2D samp;
uniform float time_f;

void main(void) {
    float time_t = mod(time_f, 100);
    float scale = time_t;
    float speed = 16.0;
    float offset = sin(time_f * speed + tc.x * scale) * 0.05;
    vec2 tcOffset = vec2(tc.x, tc.y + offset);
   color = texture(samp, tcOffset);
}


================================================================================
[178] pos_light.glsl
3D program: FAILED
2D program: FAILED

Compiler output:
[stderr] Error on Fragment compile
[stderr] Shader: ERROR: 0:27: '*' : wrong operand types - no operation '*' exists that takes a left-hand operand of type 'const int' and a right operand of type 'highp float' (or there is no acceptable conversion)
[stderr] ERROR: 0:31: '/' : wrong operand types - no operation '/' exists that takes a left-hand operand of type 'highp float' and a right operand of type 'const int' (or there is no acceptable conversion)
[stderr] Error on Fragment compile
[stderr] Shader: ERROR: 0:27: '*' : wrong operand types - no operation '*' exists that takes a left-hand operand of type 'const int' and a right operand of type 'highp float' (or there is no acceptable conversion)
[stderr] ERROR: 0:31: '/' : wrong operand types - no operation '/' exists that takes a left-hand operand of type 'highp float' and a right operand of type 'const int' (or there is no acceptable conversion)

Converted GLSL source:
#version 300 es
precision highp float;
precision highp int;
in vec2 TexCoord;
#define tc TexCoord
out vec4 color;
uniform float alpha_r;
uniform float alpha_g;
uniform float alpha_b;
uniform float alpha;
uniform vec4 optx;
uniform vec4 random_var;
uniform float alpha_value;

uniform mat4 mv_matrix;
uniform mat4 proj_matrix;
uniform sampler2D samp;
uniform float value_alpha_r, value_alpha_g, value_alpha_b;
uniform float index_value;
uniform float time_f;
uniform vec2 iResolution;
uniform float restore_black;

vec4 xor_RGB(vec4 icolor, ivec4 isource) {
    ivec3 int_color;
    for(int i = 0; i < 3; ++i) {
        int_color[i] = int(255 * icolor[i]);
        int_color[i] = int_color[i]^isource[i];
        if(int_color[i] > 255)
            int_color[i] = int_color[i]%255;
        icolor[i] = float(int_color[i])/255;
    }
    icolor.a = 1.0;
return icolor;
}

void main(void)
{
    color = texture(samp, tc);
    vec2 pos = gl_FragCoord.xy/iResolution.xy;
    color = color * vec4(pos*alpha, 1, 1);
}



================================================================================
[179] psych_pattern.glsl
3D program: FAILED
2D program: FAILED

Compiler output:
[stderr] Error on Fragment compile
[stderr] Shader: ERROR: 0:13: '*' : wrong operand types - no operation '*' exists that takes a left-hand operand of type 'in highp 4-component vector of float' and a right operand of type 'const int' (or there is no acceptable conversion)
[stderr] ERROR: 0:16: '*' : wrong operand types - no operation '*' exists that takes a left-hand operand of type 'const int' and a right operand of type 'highp float' (or there is no acceptable conversion)
[stderr] Error on Fragment compile
[stderr] Shader: ERROR: 0:13: '*' : wrong operand types - no operation '*' exists that takes a left-hand operand of type 'in highp 4-component vector of float' and a right operand of type 'const int' (or there is no acceptable conversion)
[stderr] ERROR: 0:16: '*' : wrong operand types - no operation '*' exists that takes a left-hand operand of type 'const int' and a right operand of type 'highp float' (or there is no acceptable conversion)

Converted GLSL source:
#version 300 es
precision highp float;
precision highp int;

in vec2 TexCoord;
#define tc TexCoord
out vec4 color;
uniform float time_f;
uniform vec2 iResolution;
uniform sampler2D samp;

vec4 xor_RGB(vec4 icolor, vec4 isourcex) {
    ivec4 isource = ivec4(isourcex * 255);
    ivec3 int_color;
    for(int i = 0; i < 3; ++i) {
        int_color[i] = int(255 * icolor[i]);
        int_color[i] ^= isource[i];
        if(int_color[i] > 255)
            int_color[i] %= 255;
        icolor[i] = float(int_color[i]) / 255.0;
    }
    icolor.a = 1.0;
return icolor;
}


float kaleido(vec2 uv) {
    uv = uv * 2.0 - 1.0;
    float angle = atan(uv.y, uv.x) + time_f;
    float radius = length(uv);
    angle = mod(angle, 3.14159 / 4.0) * 8.0;
    return abs(cos(angle * radius * 10.0 - time_f * 4.0));
}

vec3 colorCycle(float t) {
    return vec3(
        sin(t * 2.0 + 0.0) * 0.5 + 0.5,
        sin(t * 2.0 + 2.09439) * 0.5 + 0.5,
        sin(t * 2.0 + 4.18879) * 0.5 + 0.5
    );
}

void main() {
    vec2 uv = tc - 0.5;
    uv.x *= iResolution.x / iResolution.y;
    float pattern = kaleido(uv);
    vec3 col = colorCycle(pattern + time_f);
    color = vec4(col, 1.0);
    color = xor_RGB(color, texture(samp, tc));
}


================================================================================
[180] psych_ripple.glsl
3D program: FAILED
2D program: FAILED

Compiler output:
[stderr] Error on Fragment compile
[stderr] Shader: ERROR: 0:13: '*' : wrong operand types - no operation '*' exists that takes a left-hand operand of type 'in highp 4-component vector of float' and a right operand of type 'const int' (or there is no acceptable conversion)
[stderr] ERROR: 0:16: '*' : wrong operand types - no operation '*' exists that takes a left-hand operand of type 'const int' and a right operand of type 'highp float' (or there is no acceptable conversion)
[stderr] Error on Fragment compile
[stderr] Shader: ERROR: 0:13: '*' : wrong operand types - no operation '*' exists that takes a left-hand operand of type 'in highp 4-component vector of float' and a right operand of type 'const int' (or there is no acceptable conversion)
[stderr] ERROR: 0:16: '*' : wrong operand types - no operation '*' exists that takes a left-hand operand of type 'const int' and a right operand of type 'highp float' (or there is no acceptable conversion)

Converted GLSL source:
#version 300 es
precision highp float;
precision highp int;

in vec2 TexCoord;
#define tc TexCoord
out vec4 color;
uniform float time_f;
uniform sampler2D samp;
uniform vec2 iResolution;

vec4 xor_RGB(vec4 icolor, vec4 isourcex) {
    ivec4 isource = ivec4(isourcex * 255);
    ivec3 int_color;
    for(int i = 0; i < 3; ++i) {
        int_color[i] = int(255 * icolor[i]);
        int_color[i] ^= isource[i];
        if(int_color[i] > 255)
            int_color[i] %= 255;
        icolor[i] = float(int_color[i]) / 255.0;
    }
    icolor.a = 1.0;
return icolor;
}

float hash(float n) {
    return fract(sin(n) * 43758.5453123);
}

vec2 random2(vec2 st) {
    st = vec2(dot(st, vec2(127.1, 311.7)), dot(st, vec2(269.5, 183.3)));
    return -1.0 + 2.0 * fract(sin(st) * 43758.5453123);
}

vec2 smoothRandom2(float t) {
    float t0 = floor(t);
    float t1 = t0 + 1.0;
    vec2 rand0 = random2(vec2(t0));
    vec2 rand1 = random2(vec2(t1));
    float mix_factor = fract(t);
    return mix(rand0, rand1, smoothstep(0.0, 1.0, mix_factor));
}

vec3 rainbow(float t) {
    t = fract(t);
    float r = abs(t * 6.0 - 3.0) - 1.0;
    float g = 2.0 - abs(t * 6.0 - 2.0);
    float b = 2.0 - abs(t * 6.0 - 4.0);
    return clamp(vec3(r, g, b), 0.0, 1.0);
}

void main(void) {
    vec2 normPos = (gl_FragCoord.xy / iResolution.xy) * 2.0 - 1.0;
    float dist = length(normPos);
    float phase = sin(dist * 10.0 - time_f * 4.0);
    vec2 tcAdjusted = tc + (normPos * 0.305 * phase);
    vec4 texColor = texture(samp, tcAdjusted);
    
    vec2 uv = (tc - 0.5) * 2.0;
    uv.x *= iResolution.x / iResolution.y;
    float time = time_f * 0.5;
    float sine1 = sin(uv.x * 10.0 + time) * cos(uv.y * 10.0 + time);
    float sine2 = sin(uv.y * 15.0 - time) * cos(uv.x * 15.0 - time);
    float sine3 = sin(sqrt(uv.x * uv.x + uv.y * uv.y) * 20.0 + time);
    float pattern = sine1 + sine2 + sine3;
    float colorIntensity = pattern * 0.5 + 0.5;
    vec3 psychedelicColor = vec3(
        sin(colorIntensity * 6.28318 + 0.0) * 0.5 + 0.5,
        sin(colorIntensity * 6.28318 + 2.09439) * 0.5 + 0.5,
        sin(colorIntensity * 6.28318 + 4.18879) * 0.5 + 0.5
    );
    vec4 finalColor = vec4(psychedelicColor, 1.0);
    vec4 xorColor = xor_RGB(finalColor, texColor);

    vec2 uv2 = tc * 2.0 - 1.0;
    uv2.y *= iResolution.y / iResolution.x;
    float wave = sin(uv2.x * 10.0 + time_f * 2.0) * 0.1;
    vec2 random_direction = smoothRandom2(time_f) * 0.5;
    float expand = 0.5 + 0.5 * sin(time_f * 2.0);
    vec2 spiral_uv = uv2 * expand + random_direction;
    float angle = atan(spiral_uv.y + wave, spiral_uv.x) + time_f * 2.0;
    vec3 rainbow_color = rainbow(angle / (2.0 * 3.14159));
    vec4 original_color = texture(samp, tc);
    vec3 blended_color = mix(original_color.rgb, rainbow_color, 0.5);
    float time_t = mod(time_f, 30.0);
    vec4 finalBlendedColor = vec4(sin(blended_color * time_t), original_color.a);
    
    color = mix(xorColor, finalBlendedColor, 0.5);
}


================================================================================
[181] psych_wave_rainbow.glsl
3D program: FAILED
2D program: FAILED

Compiler output:
[stderr] Error on Fragment compile
[stderr] Shader: ERROR: 0:13: '*' : wrong operand types - no operation '*' exists that takes a left-hand operand of type 'in highp 4-component vector of float' and a right operand of type 'const int' (or there is no acceptable conversion)
[stderr] ERROR: 0:16: '*' : wrong operand types - no operation '*' exists that takes a left-hand operand of type 'const int' and a right operand of type 'highp float' (or there is no acceptable conversion)
[stderr] Error on Fragment compile
[stderr] Shader: ERROR: 0:13: '*' : wrong operand types - no operation '*' exists that takes a left-hand operand of type 'in highp 4-component vector of float' and a right operand of type 'const int' (or there is no acceptable conversion)
[stderr] ERROR: 0:16: '*' : wrong operand types - no operation '*' exists that takes a left-hand operand of type 'const int' and a right operand of type 'highp float' (or there is no acceptable conversion)

Converted GLSL source:
#version 300 es
precision highp float;
precision highp int;

in vec2 TexCoord;
#define tc TexCoord
out vec4 color;
uniform float time_f;
uniform sampler2D samp;
uniform vec2 iResolution;

vec4 xor_RGB(vec4 icolor, vec4 isourcex) {
    ivec4 isource = ivec4(isourcex * 255);
    ivec3 int_color;
    for(int i = 0; i < 3; ++i) {
        int_color[i] = int(255 * icolor[i]);
        int_color[i] ^= isource[i];
        if(int_color[i] > 255)
            int_color[i] %= 255;
        icolor[i] = float(int_color[i]) / 255.0;
    }
    icolor.a = 1.0;
return icolor;
}

float hash(float n) {
    return fract(sin(n) * 43758.5453123);
}

vec2 random2(vec2 st) {
    st = vec2(dot(st, vec2(127.1, 311.7)), dot(st, vec2(269.5, 183.3)));
    return -1.0 + 2.0 * fract(sin(st) * 43758.5453123);
}

vec2 smoothRandom2(float t) {
    float t0 = floor(t);
    float t1 = t0 + 1.0;
    vec2 rand0 = random2(vec2(t0));
    vec2 rand1 = random2(vec2(t1));
    float mix_factor = fract(t);
    return mix(rand0, rand1, smoothstep(0.0, 1.0, mix_factor));
}

vec3 rainbow(float t) {
    t = fract(t);
    float r = abs(t * 6.0 - 3.0) - 1.0;
    float g = 2.0 - abs(t * 6.0 - 2.0);
    float b = 2.0 - abs(t * 6.0 - 4.0);
    return clamp(vec3(r, g, b), 0.0, 1.0);
}

void main(void) {
    vec2 normPos = (gl_FragCoord.xy / iResolution.xy) * 2.0 - 1.0;
    float dist = length(normPos);
    float phase = sin(dist * 10.0 - time_f * 4.0);
    vec2 tcAdjusted = tc + (normPos * 0.305 * phase);
    vec4 texColor = texture(samp, tcAdjusted);
    
    vec2 uv = (tc - 0.5) * 2.0;
    uv.x *= iResolution.x / iResolution.y;
    float time = time_f * 0.5;
    float sine1 = sin(uv.x * 10.0 + time) * cos(uv.y * 10.0 + time);
    float sine2 = sin(uv.y * 15.0 - time) * cos(uv.x * 15.0 - time);
    float sine3 = sin(sqrt(uv.x * uv.x + uv.y * uv.y) * 20.0 + time);
    float pattern = sine1 + sine2 + sine3;
    float colorIntensity = pattern * 0.5 + 0.5;
    vec3 psychedelicColor = vec3(
        sin(colorIntensity * 6.28318 + 0.0) * 0.5 + 0.5,
        sin(colorIntensity * 6.28318 + 2.09439) * 0.5 + 0.5,
        sin(colorIntensity * 6.28318 + 4.18879) * 0.5 + 0.5
    );
    vec4 finalColor = vec4(psychedelicColor, 1.0);
    vec4 xorColor = xor_RGB(finalColor, texColor);

    vec2 uv2 = tc * 2.0 - 1.0;
    uv2.y *= iResolution.y / iResolution.x;
    float wave = sin(uv2.x * 10.0 + time_f * 2.0) * 0.1;
    vec2 random_direction = smoothRandom2(time_f) * 0.5;
    float expand = 0.5 + 0.5 * sin(time_f * 2.0);
    vec2 spiral_uv = uv2 * expand + random_direction;
    float angle = atan(spiral_uv.y + wave, spiral_uv.x) + time_f * 2.0;
    vec3 rainbow_color = rainbow(angle / (2.0 * 3.14159));
    vec4 original_color = texture(samp, tc);
    vec3 blended_color = mix(original_color.rgb, rainbow_color, 0.5);
    float time_t = mod(time_f, 30.0);
    vec4 finalBlendedColor = vec4(sin(blended_color * time_t), original_color.a);

    float speed = 5.0;
    float amplitude = 0.03;
    float wavelength = 10.0;
    float ripple = sin(tc.x * wavelength + time_f * speed) * amplitude;
    ripple += sin(tc.y * wavelength + time_f * speed) * amplitude;
    vec2 rippleTC = tc + vec2(ripple, ripple);
    vec4 rippleColor = texture(samp, rippleTC);

    vec4 combinedColor = mix(xorColor, finalBlendedColor, 0.5);
    color = mix(combinedColor, rippleColor, 0.5);
}


================================================================================
[182] psych_xor.glsl
3D program: FAILED
2D program: FAILED

Compiler output:
[stderr] Error on Fragment compile
[stderr] Shader: ERROR: 0:13: '*' : wrong operand types - no operation '*' exists that takes a left-hand operand of type 'in highp 4-component vector of float' and a right operand of type 'const int' (or there is no acceptable conversion)
[stderr] ERROR: 0:16: '*' : wrong operand types - no operation '*' exists that takes a left-hand operand of type 'const int' and a right operand of type 'highp float' (or there is no acceptable conversion)
[stderr] Error on Fragment compile
[stderr] Shader: ERROR: 0:13: '*' : wrong operand types - no operation '*' exists that takes a left-hand operand of type 'in highp 4-component vector of float' and a right operand of type 'const int' (or there is no acceptable conversion)
[stderr] ERROR: 0:16: '*' : wrong operand types - no operation '*' exists that takes a left-hand operand of type 'const int' and a right operand of type 'highp float' (or there is no acceptable conversion)

Converted GLSL source:
#version 300 es
precision highp float;
precision highp int;

in vec2 TexCoord;
#define tc TexCoord
out vec4 color;
uniform float time_f;
uniform vec2 iResolution;
uniform sampler2D samp;

vec4 xor_RGB(vec4 icolor, vec4 isourcex) {
    ivec4 isource = ivec4(isourcex * 255);
    ivec3 int_color;
    for(int i = 0; i < 3; ++i) {
        int_color[i] = int(255 * icolor[i]);
        int_color[i] ^= isource[i];
        if(int_color[i] > 255)
            int_color[i] %= 255;
        icolor[i] = float(int_color[i]) / 255.0;
    }
    icolor.a = 1.0;
return icolor;
}


void main() {
    vec2 uv = (tc - 0.5) * 2.0;
    uv.x *= iResolution.x / iResolution.y;
    float time = time_f * 0.5;
    float sine1 = sin(uv.x * 10.0 + time) * cos(uv.y * 10.0 + time);
    float sine2 = sin(uv.y * 15.0 - time) * cos(uv.x * 15.0 - time);
    float sine3 = sin(sqrt(uv.x * uv.x + uv.y * uv.y) * 20.0 + time);
    float pattern = sine1 + sine2 + sine3;
    float colorIntensity = pattern * 0.5 + 0.5;
    vec3 psychedelicColor = vec3(
        sin(colorIntensity * 6.28318 + 0.0) * 0.5 + 0.5,
        sin(colorIntensity * 6.28318 + 2.09439) * 0.5 + 0.5,
        sin(colorIntensity * 6.28318 + 4.18879) * 0.5 + 0.5
    );
    color = vec4(psychedelicColor, 1.0);
    color = xor_RGB(color, texture(samp, tc));
}



================================================================================
[183] purple_strobe.glsl
3D program: FAILED
2D program: FAILED

Compiler output:
[stderr] Error on Fragment compile
[stderr] Shader: ERROR: 0:41: '/' : wrong operand types - no operation '/' exists that takes a left-hand operand of type 'highp float' and a right operand of type 'const int' (or there is no acceptable conversion)
[stderr] ERROR: 0:41: '/' : wrong operand types - no operation '/' exists that takes a left-hand operand of type 'highp float' and a right operand of type 'const int' (or there is no acceptable conversion)
[stderr] ERROR: 0:41: '/' : wrong operand types - no operation '/' exists that takes a left-hand operand of type 'highp float' and a right operand of type 'const int' (or there is no acceptable conversion)
[stderr] Error on Fragment compile
[stderr] Shader: ERROR: 0:41: '/' : wrong operand types - no operation '/' exists that takes a left-hand operand of type 'highp float' and a right operand of type 'const int' (or there is no acceptable conversion)
[stderr] ERROR: 0:41: '/' : wrong operand types - no operation '/' exists that takes a left-hand operand of type 'highp float' and a right operand of type 'const int' (or there is no acceptable conversion)
[stderr] ERROR: 0:41: '/' : wrong operand types - no operation '/' exists that takes a left-hand operand of type 'highp float' and a right operand of type 'const int' (or there is no acceptable conversion)

Converted GLSL source:
#version 300 es
precision highp float;
precision highp int;
in vec2 TexCoord;
#define tc TexCoord
out vec4 color;
uniform float alpha_r;
uniform float alpha_g;
uniform float alpha_b;
uniform float alpha;
uniform vec4 optx;
uniform vec4 random_var;
uniform float alpha_value;
uniform mat4 mv_matrix;
uniform mat4 proj_matrix;
uniform sampler2D samp;

uniform float value_alpha_r, value_alpha_g, value_alpha_b;
uniform float index_value;
uniform float time_f;
in vec2 iResolution_;
uniform vec2 iResolution;
uniform float restore_black;

float random (vec2 st) {
    return fract(sin(dot(st.xy,
                         vec2(12.9898,78.233)))*
        43758.5453123);
}

void main(void)
{
    color = texture(samp, tc);
    //vec4 value = vec4(0.2, 0.1, 0.8, 1.0);
    vec2 color_value1 = gl_FragCoord.xy / iResolution_.xy;

    vec4 col = vec4(0.2, 0.4, 0.8, 1.0);
    
    float rnd = random(color_value1);
    
    vec4 value = vec4(gl_FragCoord.x/255, gl_FragCoord.y/255, gl_FragCoord.x/255/rnd,1.0);
    
    col += value + alpha_r;
    color = color * col;
    color = color / 3.0;
}



================================================================================
[184] rainbow_blur.glsl
3D program: FAILED
2D program: FAILED

Compiler output:
[stderr] Error on Fragment compile
[stderr] Shader: ERROR: 0:79: '*' : wrong operand types - no operation '*' exists that takes a left-hand operand of type 'in highp 4-component vector of float' and a right operand of type 'const int' (or there is no acceptable conversion)
[stderr] ERROR: 0:83: '/' : wrong operand types - no operation '/' exists that takes a left-hand operand of type 'highp 4-component vector of int' and a right operand of type 'const float' (or there is no acceptable conversion)
[stderr] Error on Fragment compile
[stderr] Shader: ERROR: 0:79: '*' : wrong operand types - no operation '*' exists that takes a left-hand operand of type 'in highp 4-component vector of float' and a right operand of type 'const int' (or there is no acceptable conversion)
[stderr] ERROR: 0:83: '/' : wrong operand types - no operation '/' exists that takes a left-hand operand of type 'highp 4-component vector of int' and a right operand of type 'const float' (or there is no acceptable conversion)

Converted GLSL source:
#version 300 es
precision highp float;
precision highp int;

in vec2 TexCoord;
#define tc TexCoord
out vec4 color;
uniform sampler2D samp;
uniform float time_f;
uniform vec2 iResolution;

float hash(float n) {
    return fract(sin(n) * 43758.5453123);
}

vec2 random2(vec2 st) {
    st = vec2(dot(st, vec2(127.1, 311.7)),
              dot(st, vec2(269.5, 183.3)));
    return -1.0 + 2.0 * fract(sin(st) * 43758.5453123);
}

vec2 smoothRandom2(float t) {
    float t0 = floor(t);
    float t1 = t0 + 1.0;
    vec2 rand0 = random2(vec2(t0));
    vec2 rand1 = random2(vec2(t1));
    float mix_factor = fract(t);
    return mix(rand0, rand1, smoothstep(0.0, 1.0, mix_factor));
}

vec3 rainbow(float t) {
    t = fract(t);
    float r = abs(t * 6.0 - 3.0) - 1.0;
    float g = 2.0 - abs(t * 6.0 - 2.0);
    float b = 2.0 - abs(t * 6.0 - 4.0);
    return clamp(vec3(r, g, b), 0.0, 1.0);
}

float pingPong(float x, float length) {
    float modVal = mod(x, length * 2.0);
    return modVal <= length ? modVal : length * 2.0 - modVal;
}

vec4 blur(sampler2D image, vec2 uv, vec2 resolution) {
    vec2 texelSize = 1.0 / resolution;
    vec4 result = vec4(0.0);
    float kernel[100];
    float kernelVals[100] = float[](0.5, 1.0, 1.5, 2.0, 2.5, 2.5, 2.0, 1.5, 1.0, 0.5,
                                    1.0, 2.0, 2.5, 3.0, 3.5, 3.5, 3.0, 2.5, 2.0, 1.0,
                                    1.5, 2.5, 3.0, 3.5, 4.0, 4.0, 3.5, 3.0, 2.5, 1.5,
                                    2.0, 3.0, 3.5, 4.0, 4.5, 4.5, 4.0, 3.5, 3.0, 2.0,
                                    2.5, 3.5, 4.0, 4.5, 5.0, 5.0, 4.5, 4.0, 3.5, 2.5,
                                    2.5, 3.5, 4.0, 4.5, 5.0, 5.0, 4.5, 4.0, 3.5, 2.5,
                                    2.0, 3.0, 3.5, 4.0, 4.5, 4.5, 4.0, 3.5, 3.0, 2.0,
                                    1.5, 2.5, 3.0, 3.5, 4.0, 4.0, 3.5, 3.0, 2.5, 1.5,
                                    1.0, 2.0, 2.5, 3.0, 3.5, 3.5, 3.0, 2.5, 2.0, 1.0,
                                    0.5, 1.0, 1.5, 2.0, 2.5, 2.5, 2.0, 1.5, 1.0, 0.5);

    for (int i = 0; i < 100; i++) {
        kernel[i] = kernelVals[i];
    }

    float kernelSum = 0.0;
    for (int i = 0; i < 100; i++) {
        kernelSum += kernel[i];
    }

    for (int x = -5; x <= 4; ++x) {
        for (int y = -5; y <= 4; ++y) {
            vec2 offset = vec2(float(x), float(y)) * texelSize;
            result += texture(image, uv + offset) * kernel[(y + 5) * 10 + (x + 5)];
        }
    }

    return result / kernelSum;
}

vec4 colorRotate(vec4 color) {
    ivec4 col = ivec4(color * 255);
    for (int i = 0; i < 3; ++i) {
        col[i] = col[i] % 0xFF;
    }
    return vec4(col / 255.0);
}

void main(void) {
    vec2 uv = tc * 2.0 - 1.0;
    uv.y *= iResolution.y / iResolution.x;
    float time_t = pingPong(time_f, 15.0) + 1.0;
    float wave = sin(uv.x * 10.0 + time_t * 2.0) * 0.1;
    vec2 random_direction = smoothRandom2(time_t) * 0.5;
    float expand = 0.5 + 0.5 * sin(time_t * 2.0);
    vec2 spiral_uv = uv * expand + random_direction;

    vec3 rainbow_color = rainbow(uv.x + sin(time_f * 0.5 + uv.y * 5.0) * 0.1);

    vec4 blurred_color = blur(samp, tc, iResolution);
    vec3 blended_color = mix(blurred_color.rgb, rainbow_color, 0.5);
    color = vec4(sin(blended_color * time_t), blurred_color.a);
}


================================================================================
[185] rainbow_expand_noise_xor.glsl
3D program: FAILED
2D program: FAILED

Compiler output:
[stderr] Error on Fragment compile
[stderr] Shader: ERROR: 0:14: '*' : wrong operand types - no operation '*' exists that takes a left-hand operand of type 'in highp 3-component vector of float' and a right operand of type 'const int' (or there is no acceptable conversion)
[stderr] ERROR: 0:16: '*' : wrong operand types - no operation '*' exists that takes a left-hand operand of type 'const int' and a right operand of type 'highp float' (or there is no acceptable conversion)
[stderr] ERROR: 0:20: '/' : wrong operand types - no operation '/' exists that takes a left-hand operand of type 'highp float' and a right operand of type 'const int' (or there is no acceptable conversion)
[stderr] Error on Fragment compile
[stderr] Shader: ERROR: 0:14: '*' : wrong operand types - no operation '*' exists that takes a left-hand operand of type 'in highp 3-component vector of float' and a right operand of type 'const int' (or there is no acceptable conversion)
[stderr] ERROR: 0:16: '*' : wrong operand types - no operation '*' exists that takes a left-hand operand of type 'const int' and a right operand of type 'highp float' (or there is no acceptable conversion)
[stderr] ERROR: 0:20: '/' : wrong operand types - no operation '/' exists that takes a left-hand operand of type 'highp float' and a right operand of type 'const int' (or there is no acceptable conversion)

Converted GLSL source:
#version 300 es
precision highp float;
precision highp int;

in vec2 TexCoord;
#define tc TexCoord
out vec4 color;
uniform sampler2D samp;
uniform float time_f;
uniform vec2 iResolution;

vec4 xor_RGB(vec4 icolor, vec3 source) {
    ivec3 int_color;
    ivec3 isource = ivec3(source * 255);
    for(int i = 0; i < 3; ++i) {
        int_color[i] = int(255 * icolor[i]);
        int_color[i] = int_color[i]^isource[i];
        if(int_color[i] > 255)
            int_color[i] = int_color[i]%255;
        icolor[i] = float(int_color[i])/255;
    }
    icolor.a = 1.0;
return icolor;
}

float hash(float n) {
    return fract(sin(n) * 43758.5453123);
}

vec2 random2(vec2 st) {
    st = vec2(dot(st, vec2(127.1, 311.7)),
              dot(st, vec2(269.5, 183.3)));
    return -1.0 + 2.0 * fract(sin(st) * 43758.5453123);
}

vec2 smoothRandom2(float t) {
    float t0 = floor(t);
    float t1 = t0 + 1.0;
    vec2 rand0 = random2(vec2(t0));
    vec2 rand1 = random2(vec2(t1));
    float mix_factor = fract(t);
    return mix(rand0, rand1, smoothstep(0.0, 1.0, mix_factor));
}

vec3 rainbow(float t) {
    t = fract(t);
    float r = abs(t * 6.0 - 3.0) - 1.0;
    float g = 2.0 - abs(t * 6.0 - 2.0);
    float b = 2.0 - abs(t * 6.0 - 4.0);
    return clamp(vec3(r, g, b), 0.0, 1.0) * 0.5 + 0.5;
}

float pingPong(float x, float length) {
    float modVal = mod(x, length * 2.0);
    return modVal <= length ? modVal : length * 2.0 - modVal;
}

void main(void) {
    vec2 uv = tc * 2.0 - 1.0;
    uv.y *= iResolution.y / iResolution.x;
    float time_t = pingPong(time_f, 15.0) + 1.0;
    float wave = sin(uv.x * 10.0 + time_t * 2.0) * 0.1;
    vec2 random_direction = smoothRandom2(time_t) * 0.5;
    float expand = 0.5 + 0.5 * sin(time_t * 2.0);
    vec2 spiral_uv = uv * expand + random_direction;
    
    float rotation_period = 3.0;
    float rotation_angle = mod(time_f, rotation_period * 2.0) < rotation_period ? time_t : -time_t;
    
    float angle = atan(spiral_uv.y + wave, spiral_uv.x) + rotation_angle * 2.0;
    vec3 rainbow_color = rainbow(angle / (2.0 * 3.14159));
    vec4 original_color = texture(samp, tc);
    vec4 blended_color = xor_RGB(original_color, rainbow_color);
    
    
    color = sin(time_t * blended_color);
    color.a = 1.0;
}


================================================================================
[186] rainbow_expand_noise_xor_light.glsl
3D program: FAILED
2D program: FAILED

Compiler output:
[stderr] Error on Fragment compile
[stderr] Shader: ERROR: 0:14: '*' : wrong operand types - no operation '*' exists that takes a left-hand operand of type 'in highp 3-component vector of float' and a right operand of type 'const int' (or there is no acceptable conversion)
[stderr] ERROR: 0:16: '*' : wrong operand types - no operation '*' exists that takes a left-hand operand of type 'const int' and a right operand of type 'highp float' (or there is no acceptable conversion)
[stderr] ERROR: 0:20: '/' : wrong operand types - no operation '/' exists that takes a left-hand operand of type 'highp float' and a right operand of type 'const int' (or there is no acceptable conversion)
[stderr] Error on Fragment compile
[stderr] Shader: ERROR: 0:14: '*' : wrong operand types - no operation '*' exists that takes a left-hand operand of type 'in highp 3-component vector of float' and a right operand of type 'const int' (or there is no acceptable conversion)
[stderr] ERROR: 0:16: '*' : wrong operand types - no operation '*' exists that takes a left-hand operand of type 'const int' and a right operand of type 'highp float' (or there is no acceptable conversion)
[stderr] ERROR: 0:20: '/' : wrong operand types - no operation '/' exists that takes a left-hand operand of type 'highp float' and a right operand of type 'const int' (or there is no acceptable conversion)

Converted GLSL source:
#version 300 es
precision highp float;
precision highp int;

in vec2 TexCoord;
#define tc TexCoord
out vec4 color;
uniform sampler2D samp;
uniform float time_f;
uniform vec2 iResolution;

vec4 xor_RGB(vec4 icolor, vec3 source) {
    ivec3 int_color;
    ivec3 isource = ivec3(source * 255);
    for(int i = 0; i < 3; ++i) {
        int_color[i] = int(255 * icolor[i]);
        int_color[i] = int_color[i]^isource[i];
        if(int_color[i] > 255)
            int_color[i] = int_color[i]%255;
        icolor[i] = float(int_color[i])/255;
    }
    icolor.a = 1.0;
return icolor;
}

float hash(float n) {
    return fract(sin(n) * 43758.5453123);
}

vec2 random2(vec2 st) {
    st = vec2(dot(st, vec2(127.1, 311.7)),
              dot(st, vec2(269.5, 183.3)));
    return -1.0 + 2.0 * fract(sin(st) * 43758.5453123);
}

vec2 smoothRandom2(float t) {
    float t0 = floor(t);
    float t1 = t0 + 1.0;
    vec2 rand0 = random2(vec2(t0));
    vec2 rand1 = random2(vec2(t1));
    float mix_factor = fract(t);
    return mix(rand0, rand1, smoothstep(0.0, 1.0, mix_factor));
}

vec3 rainbow(float t) {
    t = fract(t);
    float r = abs(t * 6.0 - 3.0) - 1.0;
    float g = 2.0 - abs(t * 6.0 - 2.0);
    float b = 2.0 - abs(t * 6.0 - 4.0);
    return clamp(vec3(r, g, b), 0.0, 1.0) * 0.5 + 0.5;
}

float pingPong(float x, float length) {
    float modVal = mod(x, length * 2.0);
    return modVal <= length ? modVal : length * 2.0 - modVal;
}

void main(void) {
    vec2 uv = tc * 2.0 - 1.0;
    uv.y *= iResolution.y / iResolution.x;
    float time_t = pingPong(time_f, 15.0) + 1.0;
    float wave = sin(uv.x * 10.0 + time_t * 2.0) * 0.1;
    vec2 random_direction = smoothRandom2(time_t) * 0.5;
    float expand = 0.5 + 0.5 * sin(time_t * 2.0);
    vec2 spiral_uv = uv * expand + random_direction;
    
    float rotation_period = 3.0;
    float rotation_angle = mod(time_f, rotation_period * 2.0) < rotation_period ? time_t : -time_t;
    
    float angle = atan(spiral_uv.y + wave, spiral_uv.x) + rotation_angle * 2.0;
    vec3 rainbow_color = rainbow(angle / (2.0 * 3.14159));
    vec4 original_color = texture(samp, tc);
    vec4 blended_color = xor_RGB(original_color, rainbow_color);  
    color = blended_color;
    color.a = 1.0;
}


================================================================================
[187] rainbow_spiral.glsl
3D program: FAILED
2D program: FAILED

Compiler output:
[stderr] Error on Fragment compile
[stderr] Shader: ERROR: 0:79: '*' : wrong operand types - no operation '*' exists that takes a left-hand operand of type 'in highp 4-component vector of float' and a right operand of type 'const int' (or there is no acceptable conversion)
[stderr] ERROR: 0:83: '/' : wrong operand types - no operation '/' exists that takes a left-hand operand of type 'highp 4-component vector of int' and a right operand of type 'const float' (or there is no acceptable conversion)
[stderr] Error on Fragment compile
[stderr] Shader: ERROR: 0:79: '*' : wrong operand types - no operation '*' exists that takes a left-hand operand of type 'in highp 4-component vector of float' and a right operand of type 'const int' (or there is no acceptable conversion)
[stderr] ERROR: 0:83: '/' : wrong operand types - no operation '/' exists that takes a left-hand operand of type 'highp 4-component vector of int' and a right operand of type 'const float' (or there is no acceptable conversion)

Converted GLSL source:
#version 300 es
precision highp float;
precision highp int;

in vec2 TexCoord;
#define tc TexCoord
out vec4 color;
uniform sampler2D samp;
uniform float time_f;
uniform vec2 iResolution;

float hash(float n) {
    return fract(sin(n) * 43758.5453123);
}

vec2 random2(vec2 st) {
    st = vec2(dot(st, vec2(127.1, 311.7)),
              dot(st, vec2(269.5, 183.3)));
    return -1.0 + 2.0 * fract(sin(st) * 43758.5453123);
}

vec2 smoothRandom2(float t) {
    float t0 = floor(t);
    float t1 = t0 + 1.0;
    vec2 rand0 = random2(vec2(t0));
    vec2 rand1 = random2(vec2(t1));
    float mix_factor = fract(t);
    return mix(rand0, rand1, smoothstep(0.0, 1.0, mix_factor));
}

vec3 rainbow(float t) {
    t = fract(t);
    float r = abs(t * 6.0 - 3.0) - 1.0;
    float g = 2.0 - abs(t * 6.0 - 2.0);
    float b = 2.0 - abs(t * 6.0 - 4.0);
    return clamp(vec3(r, g, b), 0.0, 1.0);
}

float pingPong(float x, float length) {
    float modVal = mod(x, length * 2.0);
    return modVal <= length ? modVal : length * 2.0 - modVal;
}

vec4 blur(sampler2D image, vec2 uv, vec2 resolution) {
    vec2 texelSize = 1.0 / resolution;
    vec4 result = vec4(0.0);
    float kernel[100];
    float kernelVals[100] = float[](0.5, 1.0, 1.5, 2.0, 2.5, 2.5, 2.0, 1.5, 1.0, 0.5,
                                    1.0, 2.0, 2.5, 3.0, 3.5, 3.5, 3.0, 2.5, 2.0, 1.0,
                                    1.5, 2.5, 3.0, 3.5, 4.0, 4.0, 3.5, 3.0, 2.5, 1.5,
                                    2.0, 3.0, 3.5, 4.0, 4.5, 4.5, 4.0, 3.5, 3.0, 2.0,
                                    2.5, 3.5, 4.0, 4.5, 5.0, 5.0, 4.5, 4.0, 3.5, 2.5,
                                    2.5, 3.5, 4.0, 4.5, 5.0, 5.0, 4.5, 4.0, 3.5, 2.5,
                                    2.0, 3.0, 3.5, 4.0, 4.5, 4.5, 4.0, 3.5, 3.0, 2.0,
                                    1.5, 2.5, 3.0, 3.5, 4.0, 4.0, 3.5, 3.0, 2.5, 1.5,
                                    1.0, 2.0, 2.5, 3.0, 3.5, 3.5, 3.0, 2.5, 2.0, 1.0,
                                    0.5, 1.0, 1.5, 2.0, 2.5, 2.5, 2.0, 1.5, 1.0, 0.5);

    for (int i = 0; i < 100; i++) {
        kernel[i] = kernelVals[i];
    }

    float kernelSum = 0.0;
    for (int i = 0; i < 100; i++) {
        kernelSum += kernel[i];
    }

    for (int x = -5; x <= 4; ++x) {
        for (int y = -5; y <= 4; ++y) {
            vec2 offset = vec2(float(x), float(y)) * texelSize;
            result += texture(image, uv + offset) * kernel[(y + 5) * 10 + (x + 5)];
        }
    }

    return result / kernelSum;
}

vec4 colorRotate(vec4 color) {
    ivec4 col = ivec4(color * 255);
    for (int i = 0; i < 3; ++i) {
        col[i] = col[i] % 0xFF;
    }
    return vec4(col / 255.0);
}

void main(void) {
    vec2 uv = tc * 2.0 - 1.0;
    uv.y *= iResolution.y / iResolution.x;
    float time_t = pingPong(time_f, 15.0) + 1.0;
    float r = length(uv);
    float theta = atan(uv.y, uv.x);
   theta += time_f * 5.0 + r * 15.0;
    uv = vec2(cos(theta), sin(theta)) * r;
    vec3 rainbow_color = rainbow(uv.x + uv.y + time_f);
    vec4 blurred_color = blur(samp, tc, iResolution);
    vec3 blended_color = mix(blurred_color.rgb, rainbow_color, 0.5);
    color = vec4(sin(blended_color * time_t), blurred_color.a);
}


================================================================================
[188] rainbow_spiral_loose.glsl
3D program: FAILED
2D program: FAILED

Compiler output:
[stderr] Error on Fragment compile
[stderr] Shader: ERROR: 0:79: '*' : wrong operand types - no operation '*' exists that takes a left-hand operand of type 'in highp 4-component vector of float' and a right operand of type 'const int' (or there is no acceptable conversion)
[stderr] ERROR: 0:83: '/' : wrong operand types - no operation '/' exists that takes a left-hand operand of type 'highp 4-component vector of int' and a right operand of type 'const float' (or there is no acceptable conversion)
[stderr] Error on Fragment compile
[stderr] Shader: ERROR: 0:79: '*' : wrong operand types - no operation '*' exists that takes a left-hand operand of type 'in highp 4-component vector of float' and a right operand of type 'const int' (or there is no acceptable conversion)
[stderr] ERROR: 0:83: '/' : wrong operand types - no operation '/' exists that takes a left-hand operand of type 'highp 4-component vector of int' and a right operand of type 'const float' (or there is no acceptable conversion)

Converted GLSL source:
#version 300 es
precision highp float;
precision highp int;

in vec2 TexCoord;
#define tc TexCoord
out vec4 color;
uniform sampler2D samp;
uniform float time_f;
uniform vec2 iResolution;

float hash(float n) {
    return fract(sin(n) * 43758.5453123);
}

vec2 random2(vec2 st) {
    st = vec2(dot(st, vec2(127.1, 311.7)),
              dot(st, vec2(269.5, 183.3)));
    return -1.0 + 2.0 * fract(sin(st) * 43758.5453123);
}

vec2 smoothRandom2(float t) {
    float t0 = floor(t);
    float t1 = t0 + 1.0;
    vec2 rand0 = random2(vec2(t0));
    vec2 rand1 = random2(vec2(t1));
    float mix_factor = fract(t);
    return mix(rand0, rand1, smoothstep(0.0, 1.0, mix_factor));
}

vec3 rainbow(float t) {
    t = fract(t);
    float r = abs(t * 6.0 - 3.0) - 1.0;
    float g = 2.0 - abs(t * 6.0 - 2.0);
    float b = 2.0 - abs(t * 6.0 - 4.0);
    return clamp(vec3(r, g, b), 0.0, 1.0);
}

float pingPong(float x, float length) {
    float modVal = mod(x, length * 2.0);
    return modVal <= length ? modVal : length * 2.0 - modVal;
}

vec4 blur(sampler2D image, vec2 uv, vec2 resolution) {
    vec2 texelSize = 1.0 / resolution;
    vec4 result = vec4(0.0);
    float kernel[100];
    float kernelVals[100] = float[](0.5, 1.0, 1.5, 2.0, 2.5, 2.5, 2.0, 1.5, 1.0, 0.5,
                                    1.0, 2.0, 2.5, 3.0, 3.5, 3.5, 3.0, 2.5, 2.0, 1.0,
                                    1.5, 2.5, 3.0, 3.5, 4.0, 4.0, 3.5, 3.0, 2.5, 1.5,
                                    2.0, 3.0, 3.5, 4.0, 4.5, 4.5, 4.0, 3.5, 3.0, 2.0,
                                    2.5, 3.5, 4.0, 4.5, 5.0, 5.0, 4.5, 4.0, 3.5, 2.5,
                                    2.5, 3.5, 4.0, 4.5, 5.0, 5.0, 4.5, 4.0, 3.5, 2.5,
                                    2.0, 3.0, 3.5, 4.0, 4.5, 4.5, 4.0, 3.5, 3.0, 2.0,
                                    1.5, 2.5, 3.0, 3.5, 4.0, 4.0, 3.5, 3.0, 2.5, 1.5,
                                    1.0, 2.0, 2.5, 3.0, 3.5, 3.5, 3.0, 2.5, 2.0, 1.0,
                                    0.5, 1.0, 1.5, 2.0, 2.5, 2.5, 2.0, 1.5, 1.0, 0.5);

    for (int i = 0; i < 100; i++) {
        kernel[i] = kernelVals[i];
    }

    float kernelSum = 0.0;
    for (int i = 0; i < 100; i++) {
        kernelSum += kernel[i];
    }

    for (int x = -5; x <= 4; ++x) {
        for (int y = -5; y <= 4; ++y) {
            vec2 offset = vec2(float(x), float(y)) * texelSize;
            result += texture(image, uv + offset) * kernel[(y + 5) * 10 + (x + 5)];
        }
    }

    return result / kernelSum;
}

vec4 colorRotate(vec4 color) {
    ivec4 col = ivec4(color * 255);
    for (int i = 0; i < 3; ++i) {
        col[i] = col[i] % 0xFF;
    }
    return vec4(col / 255.0);
}

void main(void) {
    vec2 uv = tc * 2.0 - 1.0;
    uv.y *= iResolution.y / iResolution.x;
    float r = length(uv);
    float time_t = pingPong(time_f, 15.0) + 2.0;
    float theta = atan(uv.y, uv.x);
    theta += time_f * 2.0 + r * 5.0;
    uv = vec2(cos(theta), sin(theta)) * r;
    vec3 rainbow_color = rainbow(uv.x + uv.y + time_f);
    vec4 blurred_color = blur(samp, tc, iResolution);
    vec3 blended_color = mix(blurred_color.rgb, rainbow_color, 0.5);
    color = vec4(sin(blended_color * time_t), blurred_color.a);
}


================================================================================
[189] rainbow_spiral_rev.glsl
3D program: FAILED
2D program: FAILED

Compiler output:
[stderr] Error on Fragment compile
[stderr] Shader: ERROR: 0:79: '*' : wrong operand types - no operation '*' exists that takes a left-hand operand of type 'in highp 4-component vector of float' and a right operand of type 'const int' (or there is no acceptable conversion)
[stderr] ERROR: 0:83: '/' : wrong operand types - no operation '/' exists that takes a left-hand operand of type 'highp 4-component vector of int' and a right operand of type 'const float' (or there is no acceptable conversion)
[stderr] Error on Fragment compile
[stderr] Shader: ERROR: 0:79: '*' : wrong operand types - no operation '*' exists that takes a left-hand operand of type 'in highp 4-component vector of float' and a right operand of type 'const int' (or there is no acceptable conversion)
[stderr] ERROR: 0:83: '/' : wrong operand types - no operation '/' exists that takes a left-hand operand of type 'highp 4-component vector of int' and a right operand of type 'const float' (or there is no acceptable conversion)

Converted GLSL source:
#version 300 es
precision highp float;
precision highp int;

in vec2 TexCoord;
#define tc TexCoord
out vec4 color;
uniform sampler2D samp;
uniform float time_f;
uniform vec2 iResolution;

float hash(float n) {
    return fract(sin(n) * 43758.5453123);
}

vec2 random2(vec2 st) {
    st = vec2(dot(st, vec2(127.1, 311.7)),
              dot(st, vec2(269.5, 183.3)));
    return -1.0 + 2.0 * fract(sin(st) * 43758.5453123);
}

vec2 smoothRandom2(float t) {
    float t0 = floor(t);
    float t1 = t0 + 1.0;
    vec2 rand0 = random2(vec2(t0));
    vec2 rand1 = random2(vec2(t1));
    float mix_factor = fract(t);
    return mix(rand0, rand1, smoothstep(0.0, 1.0, mix_factor));
}

vec3 rainbow(float t) {
    t = fract(t);
    float r = abs(t * 6.0 - 3.0) - 1.0;
    float g = 2.0 - abs(t * 6.0 - 2.0);
    float b = 2.0 - abs(t * 6.0 - 4.0);
    return clamp(vec3(r, g, b), 0.0, 1.0);
}

float pingPong(float x, float length) {
    float modVal = mod(x, length * 2.0);
    return modVal <= length ? modVal : length * 2.0 - modVal;
}

vec4 blur(sampler2D image, vec2 uv, vec2 resolution) {
    vec2 texelSize = 1.0 / resolution;
    vec4 result = vec4(0.0);
    float kernel[100];
    float kernelVals[100] = float[](0.5, 1.0, 1.5, 2.0, 2.5, 2.5, 2.0, 1.5, 1.0, 0.5,
                                    1.0, 2.0, 2.5, 3.0, 3.5, 3.5, 3.0, 2.5, 2.0, 1.0,
                                    1.5, 2.5, 3.0, 3.5, 4.0, 4.0, 3.5, 3.0, 2.5, 1.5,
                                    2.0, 3.0, 3.5, 4.0, 4.5, 4.5, 4.0, 3.5, 3.0, 2.0,
                                    2.5, 3.5, 4.0, 4.5, 5.0, 5.0, 4.5, 4.0, 3.5, 2.5,
                                    2.5, 3.5, 4.0, 4.5, 5.0, 5.0, 4.5, 4.0, 3.5, 2.5,
                                    2.0, 3.0, 3.5, 4.0, 4.5, 4.5, 4.0, 3.5, 3.0, 2.0,
                                    1.5, 2.5, 3.0, 3.5, 4.0, 4.0, 3.5, 3.0, 2.5, 1.5,
                                    1.0, 2.0, 2.5, 3.0, 3.5, 3.5, 3.0, 2.5, 2.0, 1.0,
                                    0.5, 1.0, 1.5, 2.0, 2.5, 2.5, 2.0, 1.5, 1.0, 0.5);

    for (int i = 0; i < 100; i++) {
        kernel[i] = kernelVals[i];
    }

    float kernelSum = 0.0;
    for (int i = 0; i < 100; i++) {
        kernelSum += kernel[i];
    }

    for (int x = -5; x <= 4; ++x) {
        for (int y = -5; y <= 4; ++y) {
            vec2 offset = vec2(float(x), float(y)) * texelSize;
            result += texture(image, uv + offset) * kernel[(y + 5) * 10 + (x + 5)];
        }
    }

    return result / kernelSum;
}

vec4 colorRotate(vec4 color) {
    ivec4 col = ivec4(color * 255);
    for (int i = 0; i < 3; ++i) {
        col[i] = col[i] % 0xFF;
    }
    return vec4(col / 255.0);
}

void main(void) {
    vec2 uv = tc * 2.0 - 1.0;
    uv.y *= iResolution.y / iResolution.x;
    float r = length(uv);
    float interval = abs(sin(time_f * 0.1)) * 10.0 + 5.0;
    float time_t = pingPong(time_f, interval) + 2.0;
    float direction = sign(sin(time_f * 0.05));
    float theta = atan(uv.y, uv.x);
    theta += direction * (time_f * 2.0 + r * 5.0);
    vec2 spiralDirection = vec2(sin(time_f * 0.1), cos(time_f * 0.1));
    uv = mat2(cos(theta), -sin(theta), sin(theta), cos(theta)) * uv;
    uv += spiralDirection * time_f * 0.1;
    
    vec3 rainbow_color = rainbow(uv.x + uv.y + time_f);
    vec4 blurred_color = blur(samp, tc, iResolution);
    vec3 blended_color = mix(blurred_color.rgb, rainbow_color, 0.5);
    vec3 final_color = sin(blended_color * time_t) * 0.5 + 0.5;
    color = vec4(final_color, blurred_color.a);
}


================================================================================
[190] rainbow_swirl_limit.glsl
3D program: FAILED
2D program: FAILED

Compiler output:
[stderr] Error on Fragment compile
[stderr] Shader: ERROR: 0:30: 'pingPong' : no matching overloaded function found
[stderr] Error on Fragment compile
[stderr] Shader: ERROR: 0:30: 'pingPong' : no matching overloaded function found

Converted GLSL source:
#version 300 es
precision highp float;
precision highp int;

in vec2 TexCoord;
#define tc TexCoord
out vec4 color;
uniform sampler2D samp;
uniform float time_f;
uniform vec2 iResolution;

vec3 rainbow(float t) {
    t = fract(t);
    float r = abs(t * 6.0 - 3.0) - 1.0;
    float g = 2.0 - abs(t * 6.0 - 2.0);
    float b = 2.0 - abs(t * 6.0 - 4.0);
    return clamp(vec3(r, g, b), 0.0, 1.0);
}

float pingPong(float x, float length) {
    float modVal = mod(x, length * 2.0);
    return modVal <= length ? modVal : length * 2.0 - modVal;
}


void main(void) {
    vec2 uv = tc * 2.0 - 1.0;
    uv.y *= iResolution.y / iResolution.x;

    float t = pingPong(time_f, 15) + 1.0;
    
    float wave = sin(uv.x * 10.0 + t * 2.0) * 0.1;
    float expand = 0.5 + 0.5 * sin(t * 2.0);
    vec2 spiral_uv = uv * expand + vec2(cos(t), sin(t)) * 0.2;

    float angle = atan(spiral_uv.y + wave, spiral_uv.x) + t * 2.0;

    vec3 rainbow_color = rainbow(angle / (2.0 * 3.14159));
    vec4 original_color = texture(samp, tc);
    vec3 blended_color = mix(original_color.rgb, rainbow_color, 0.5);

    color = vec4(sin(blended_color * t), original_color.a);
}



================================================================================
[191] rainbow_swirl_limit_discard.glsl
3D program: FAILED
2D program: FAILED

Compiler output:
[stderr] Error on Fragment compile
[stderr] Shader: ERROR: 0:29: 'pingPong' : no matching overloaded function found
[stderr] Error on Fragment compile
[stderr] Shader: ERROR: 0:29: 'pingPong' : no matching overloaded function found

Converted GLSL source:
#version 300 es
precision highp float;
precision highp int;

in vec2 TexCoord;
#define tc TexCoord
out vec4 color;
uniform sampler2D samp;
uniform float time_f;
uniform vec2 iResolution;

vec3 rainbow(float t) {
    t = fract(t);
    float r = abs(t * 6.0 - 3.0) - 1.0;
    float g = 2.0 - abs(t * 6.0 - 2.0);
    float b = 2.0 - abs(t * 6.0 - 4.0);
    return clamp(vec3(r, g, b), 0.0, 1.0);
}

float pingPong(float x, float length) {
    float modVal = mod(x, length * 2.0);
    return modVal <= length ? modVal : length * 2.0 - modVal;
}

void main(void) {
    vec2 uv = tc * 2.0 - 1.0;
    uv.y *= iResolution.y / iResolution.x;

    float t = pingPong(time_f, 15) + 1.0;

    float wave = sin(uv.x * 10.0 + t * 2.0) * 0.1;
    float expand = 0.5 + 0.5 * sin(t * 2.0);
    vec2 spiral_uv = uv * expand + vec2(cos(t), sin(t)) * 0.2;

    float angle = atan(spiral_uv.y + wave, spiral_uv.x) + t * 2.0;

    vec3 rainbow_color = rainbow(angle / (2.0 * 3.14159));
    vec4 original_color = texture(samp, tc);
    
    if (original_color.rgb == vec3(0.0, 0.0, 0.0)) {
        discard;
    }

    vec3 blended_color = mix(original_color.rgb, rainbow_color, 0.5);

    color = vec4(sin(blended_color * t), original_color.a);
}


================================================================================
[192] random_colors.glsl
3D program: FAILED
2D program: FAILED

Compiler output:
[stderr] Error on Fragment compile
[stderr] Shader: ERROR: 0:29: '[' : array indexes for fragment outputs must be constant integral expressions
[stderr] ERROR: 0:29: '*' : wrong operand types - no operation '*' exists that takes a left-hand operand of type 'const int' and a right operand of type 'highp float' (or there is no acceptable conversion)
[stderr] ERROR: 0:33: '[' : array indexes for fragment outputs must be constant integral expressions
[stderr] ERROR: 0:33: '/' : wrong operand types - no operation '/' exists that takes a left-hand operand of type 'const int' and a right operand of type 'highp float' (or there is no acceptable conversion)
[stderr] ERROR: 0:33: 'assign' : cannot convert from 'const int' to 'highp float'
[stderr] ERROR: 0:37: '[' : array indexes for fragment outputs must be constant integral expressions
[stderr] ERROR: 0:37: '*' : wrong operand types - no operation '*' exists that takes a left-hand operand of type 'const int' and a right operand of type 'highp float' (or there is no acceptable conversion)
[stderr] ERROR: 0:41: '[' : array indexes for fragment outputs must be constant integral expressions
[stderr] ERROR: 0:41: '/' : wrong operand types - no operation '/' exists that takes a left-hand operand of type 'highp float' and a right operand of type 'const int' (or there is no acceptable conversion)
[stderr] Error on Fragment compile
[stderr] Shader: ERROR: 0:29: '[' : array indexes for fragment outputs must be constant integral expressions
[stderr] ERROR: 0:29: '*' : wrong operand types - no operation '*' exists that takes a left-hand operand of type 'const int' and a right operand of type 'highp float' (or there is no acceptable conversion)
[stderr] ERROR: 0:33: '[' : array indexes for fragment outputs must be constant integral expressions
[stderr] ERROR: 0:33: '/' : wrong operand types - no operation '/' exists that takes a left-hand operand of type 'const int' and a right operand of type 'highp float' (or there is no acceptable conversion)
[stderr] ERROR: 0:33: 'assign' : cannot convert from 'const int' to 'highp float'
[stderr] ERROR: 0:37: '[' : array indexes for fragment outputs must be constant integral expressions
[stderr] ERROR: 0:37: '*' : wrong operand types - no operation '*' exists that takes a left-hand operand of type 'const int' and a right operand of type 'highp float' (or there is no acceptable conversion)
[stderr] ERROR: 0:41: '[' : array indexes for fragment outputs must be constant integral expressions
[stderr] ERROR: 0:41: '/' : wrong operand types - no operation '/' exists that takes a left-hand operand of type 'highp float' and a right operand of type 'const int' (or there is no acceptable conversion)

Converted GLSL source:
#version 300 es
precision highp float;
precision highp int;
in vec2 TexCoord;
#define tc TexCoord
out vec4 color;
uniform float alpha_r;
uniform float alpha_g;
uniform float alpha_b;
uniform float alpha;
uniform vec4 optx;
in vec4 random_value;
uniform vec4 random_var;
uniform float alpha_value;
uniform mat4 mv_matrix;
uniform mat4 proj_matrix;
uniform sampler2D samp;
uniform float value_alpha_r, value_alpha_g, value_alpha_b;
uniform float index_value;
uniform float time_f;

uniform float restore_black;

void main(void)
{
    color = texture(samp, tc);
    ivec3 source;
    for(int i = 0; i < 3; ++i) {
        source[i] = int(255 * color[i]);
    }
    
    for(int i  = 0; i < 3; ++i) {
        color[i] = 255/random_value[i];
    }
    ivec3 int_color;
    for(int i = 0; i < 3; ++i) {
        int_color[i] = int(255 * color[i]);
        int_color[i] = int_color[i]^source[i];
        if(int_color[i] > 255)
            int_color[i] = int_color[i]%255;
        color[i] = float(int_color[i])/255;
    }
}



================================================================================
[193] random_pixels_static.glsl
3D program: FAILED
2D program: FAILED

Compiler output:
[stderr] Error on Fragment compile
[stderr] Shader: ERROR: 0:35: '/' : wrong operand types - no operation '/' exists that takes a left-hand operand of type 'in highp 2-component vector of float' and a right operand of type 'const int' (or there is no acceptable conversion)
[stderr] ERROR: 0:38: '/' : wrong operand types - no operation '/' exists that takes a left-hand operand of type 'uniform highp 4-component vector of float' and a right operand of type 'const int' (or there is no acceptable conversion)
[stderr] ERROR: 0:39: '/' : wrong operand types - no operation '/' exists that takes a left-hand operand of type 'uniform highp 4-component vector of float' and a right operand of type 'const int' (or there is no acceptable conversion)
[stderr] Error on Fragment compile
[stderr] Shader: ERROR: 0:35: '/' : wrong operand types - no operation '/' exists that takes a left-hand operand of type 'in highp 2-component vector of float' and a right operand of type 'const int' (or there is no acceptable conversion)
[stderr] ERROR: 0:38: '/' : wrong operand types - no operation '/' exists that takes a left-hand operand of type 'uniform highp 4-component vector of float' and a right operand of type 'const int' (or there is no acceptable conversion)
[stderr] ERROR: 0:39: '/' : wrong operand types - no operation '/' exists that takes a left-hand operand of type 'uniform highp 4-component vector of float' and a right operand of type 'const int' (or there is no acceptable conversion)

Converted GLSL source:
#version 300 es
precision highp float;
precision highp int;
in vec2 TexCoord;
#define tc TexCoord
out vec4 color;
uniform float alpha_r;
uniform float alpha_g;
uniform float alpha_b;
uniform float alpha;
uniform vec4 optx;
uniform vec4 random_var;
uniform float alpha_value;

uniform mat4 mv_matrix;
uniform mat4 proj_matrix;
uniform sampler2D samp;
uniform float value_alpha_r, value_alpha_g, value_alpha_b;
uniform float index_value;
uniform float time_f;
uniform vec4 inc_valuex;
uniform vec4 inc_value;

uniform float restore_black;

float random (vec2 st) {
    return fract(sin(dot(st.xy,
                         vec2(12.9898,78.233)))*
        43758.5453123);
}

void main(void)
{
    color = texture(samp, tc);
    vec4 color2 = texture(samp, tc / 2);
    vec2 pos1 = tc;
    vec2 pos2 = tc;
    vec4 iv1 = inc_valuex/255;
    vec4 iv2 = inc_value/255;
    pos1[0] - tc[0]-iv1[0];
    pos1[1] = tc[1]-iv1[1];
    pos2[0] = tc[0]-iv2[0];
    pos2[1] = tc[1]-iv2[1];
    vec2 pos3 = tc;
    pos3[0] = tc[0]-iv1[2];
    pos3[1] = tc[1]-iv2[2];    
    float rand_x = random(pos1);
    float rand_y = random(pos2);
    float rand_z = random(pos3);
    color = (0.5 * color) + (0.5 * vec4(rand_x, rand_y, rand_z, 1));
}



================================================================================
[194] random_rgb.glsl
3D program: FAILED
2D program: FAILED

Compiler output:
[stderr] Error on Fragment compile
[stderr] Shader: ERROR: 0:39: '[' : array indexes for fragment outputs must be constant integral expressions
[stderr] ERROR: 0:39: '*' : wrong operand types - no operation '*' exists that takes a left-hand operand of type 'const int' and a right operand of type 'highp float' (or there is no acceptable conversion)
[stderr] ERROR: 0:48: '[' : array indexes for fragment outputs must be constant integral expressions
[stderr] ERROR: 0:48: '*' : wrong operand types - no operation '*' exists that takes a left-hand operand of type 'const int' and a right operand of type 'highp float' (or there is no acceptable conversion)
[stderr] ERROR: 0:52: '[' : array indexes for fragment outputs must be constant integral expressions
[stderr] ERROR: 0:52: '/' : wrong operand types - no operation '/' exists that takes a left-hand operand of type 'highp float' and a right operand of type 'const int' (or there is no acceptable conversion)
[stderr] Error on Fragment compile
[stderr] Shader: ERROR: 0:39: '[' : array indexes for fragment outputs must be constant integral expressions
[stderr] ERROR: 0:39: '*' : wrong operand types - no operation '*' exists that takes a left-hand operand of type 'const int' and a right operand of type 'highp float' (or there is no acceptable conversion)
[stderr] ERROR: 0:48: '[' : array indexes for fragment outputs must be constant integral expressions
[stderr] ERROR: 0:48: '*' : wrong operand types - no operation '*' exists that takes a left-hand operand of type 'const int' and a right operand of type 'highp float' (or there is no acceptable conversion)
[stderr] ERROR: 0:52: '[' : array indexes for fragment outputs must be constant integral expressions
[stderr] ERROR: 0:52: '/' : wrong operand types - no operation '/' exists that takes a left-hand operand of type 'highp float' and a right operand of type 'const int' (or there is no acceptable conversion)

Converted GLSL source:
#version 300 es
precision highp float;
precision highp int;
in vec2 TexCoord;
#define tc TexCoord
out vec4 color;
uniform float alpha_r;
uniform float alpha_g;
uniform float alpha_b;
uniform float alpha;
uniform vec4 optx;
uniform vec4 random_var;
uniform float alpha_value;

uniform mat4 mv_matrix;
uniform mat4 proj_matrix;
uniform sampler2D samp;
uniform float value_alpha_r, value_alpha_g, value_alpha_b;
uniform float index_value;
uniform float time_f;
uniform vec2 iResolution;

uniform float restore_black;

void main(void)
{
    color = texture(samp, tc);

    vec2 uv = tc;
    uv[0] = uv[0] / alpha_r;
    uv[1] = uv[1] / alpha_g;
    uv[0] = tc[0]/uv[0];
    uv[1] = tc[1]/uv[1];
    
    vec4 color2 = texture(samp, uv);
    
    ivec3 source;
    for(int i = 0; i < 3; ++i) {
        source[i] = int(255 * color[i]);
    }
    
    color[0] = (color[0] * color2[0]) / uv[0];
    color[1] = (color[1] * color2[1]) / uv[1];
    color[2] = (color[0] * color2[0]) / (uv[0]+uv[1]);

    ivec3 int_color;
    for(int i = 0; i < 3; ++i) {
        int_color[i] = int(255 * color[i]);
        int_color[i] = int_color[i]^source[i];
        if(int_color[i] > 255)
            int_color[i] = int_color[i]%255;
        color[i] = float(int_color[i])/255;
    }
}


================================================================================
[195] random_rgb_strobe.glsl
3D program: FAILED
2D program: FAILED

Compiler output:
[stderr] Error on Fragment compile
[stderr] Shader: ERROR: 0:35: '/' : wrong operand types - no operation '/' exists that takes a left-hand operand of type 'highp 4-component vector of float' and a right operand of type 'const int' (or there is no acceptable conversion)
[stderr] Error on Fragment compile
[stderr] Shader: ERROR: 0:35: '/' : wrong operand types - no operation '/' exists that takes a left-hand operand of type 'highp 4-component vector of float' and a right operand of type 'const int' (or there is no acceptable conversion)

Converted GLSL source:
#version 300 es
precision highp float;
precision highp int;
in vec2 TexCoord;
#define tc TexCoord
out vec4 color;
uniform float alpha_r;
uniform float alpha_g;
uniform float alpha_b;
uniform float alpha;
uniform vec4 optx;
in vec4 random_value;
uniform vec4 random_var;
uniform float alpha_value;
uniform mat4 mv_matrix;
uniform mat4 proj_matrix;
uniform sampler2D samp;
uniform vec2 mat_size;
uniform vec4 inc_valuex;
uniform float value_alpha_r, value_alpha_g, value_alpha_b;
uniform float index_value;
uniform float time_f;
uniform vec2 iResolution;
uniform float restore_black;

float random (vec2 st) {
    return fract(sin(dot(st.xy,
                         vec2(12.9898,78.233)))*
        43758.5453123);
}

void main(void)
{
    color = texture(samp, tc);
    color = color * random_value/255;
}


================================================================================
[196] random_square.glsl
3D program: FAILED
2D program: FAILED

Compiler output:
[stderr] Error on Fragment compile
[stderr] Shader: ERROR: 0:29: '[' : array indexes for fragment outputs must be constant integral expressions
[stderr] ERROR: 0:29: '*' : wrong operand types - no operation '*' exists that takes a left-hand operand of type 'const int' and a right operand of type 'highp float' (or there is no acceptable conversion)
[stderr] ERROR: 0:41: '[' : array indexes for fragment outputs must be constant integral expressions
[stderr] ERROR: 0:41: '*' : wrong operand types - no operation '*' exists that takes a left-hand operand of type 'const int' and a right operand of type 'highp float' (or there is no acceptable conversion)
[stderr] ERROR: 0:45: '[' : array indexes for fragment outputs must be constant integral expressions
[stderr] ERROR: 0:45: '/' : wrong operand types - no operation '/' exists that takes a left-hand operand of type 'highp float' and a right operand of type 'const int' (or there is no acceptable conversion)
[stderr] Error on Fragment compile
[stderr] Shader: ERROR: 0:29: '[' : array indexes for fragment outputs must be constant integral expressions
[stderr] ERROR: 0:29: '*' : wrong operand types - no operation '*' exists that takes a left-hand operand of type 'const int' and a right operand of type 'highp float' (or there is no acceptable conversion)
[stderr] ERROR: 0:41: '[' : array indexes for fragment outputs must be constant integral expressions
[stderr] ERROR: 0:41: '*' : wrong operand types - no operation '*' exists that takes a left-hand operand of type 'const int' and a right operand of type 'highp float' (or there is no acceptable conversion)
[stderr] ERROR: 0:45: '[' : array indexes for fragment outputs must be constant integral expressions
[stderr] ERROR: 0:45: '/' : wrong operand types - no operation '/' exists that takes a left-hand operand of type 'highp float' and a right operand of type 'const int' (or there is no acceptable conversion)

Converted GLSL source:
#version 300 es
precision highp float;
precision highp int;
in vec2 TexCoord;
#define tc TexCoord
out vec4 color;
uniform float alpha_r;
uniform float alpha_g;
uniform float alpha_b;
uniform float alpha;
uniform vec4 optx;
in vec4 random_value;
uniform vec4 random_var;
uniform float alpha_value;
uniform mat4 mv_matrix;
uniform mat4 proj_matrix;
uniform sampler2D samp;
uniform float value_alpha_r, value_alpha_g, value_alpha_b;
uniform float index_value;
uniform float time_f;

uniform float restore_black;

void main(void)
{
    color = texture(samp, tc);
    ivec3 source;
    for(int i = 0; i < 3; ++i) {
        source[i] = int(255 * color[i]);
    }

    vec2 posv = gl_FragCoord.xy / random_value[0];
    vec2 posi = fract(posv)*0.5;
    
    color[0] = (color[0] * posi[0])*alpha_r;
    color[1] = (color[1] * posi[1])*alpha_g;
    color[2] = (color[2] * posi[0]+posi[1])*alpha_b;
    
    ivec3 int_color;
    for(int i = 0; i < 3; ++i) {
        int_color[i] = int(255 * color[i]);
        int_color[i] = int_color[i]^source[i];
        if(int_color[i] > 255)
            int_color[i] = int_color[i]%255;
        color[i] = float(int_color[i])/255;
    }
}



================================================================================
[197] random_strobe.glsl
3D program: FAILED
2D program: FAILED

Compiler output:
[stderr] Error on Fragment compile
[stderr] Shader: ERROR: 0:28: '[' : array indexes for fragment outputs must be constant integral expressions
[stderr] ERROR: 0:28: '/' : wrong operand types - no operation '/' exists that takes a left-hand operand of type 'highp float' and a right operand of type 'const int' (or there is no acceptable conversion)
[stderr] Error on Fragment compile
[stderr] Shader: ERROR: 0:28: '[' : array indexes for fragment outputs must be constant integral expressions
[stderr] ERROR: 0:28: '/' : wrong operand types - no operation '/' exists that takes a left-hand operand of type 'highp float' and a right operand of type 'const int' (or there is no acceptable conversion)

Converted GLSL source:
#version 300 es
precision highp float;
precision highp int;
in vec2 TexCoord;
#define tc TexCoord
out vec4 color;
uniform float alpha_r;
uniform float alpha_g;
uniform float alpha_b;
uniform float alpha;
uniform vec4 optx;
in vec4 random_value;
uniform vec4 random_var;
uniform float alpha_value;
uniform mat4 mv_matrix;
uniform mat4 proj_matrix;
uniform sampler2D samp;
uniform float value_alpha_r, value_alpha_g, value_alpha_b;
uniform float index_value;
uniform float time_f;

uniform float restore_black;

void main(void)
{
    color = texture(samp, tc);
    for(int i = 0; i < 3; ++i) {
        color[i] += random_value[i]/255;
    }
}



================================================================================
[198] random_strobe_time.glsl
3D program: FAILED
2D program: FAILED

Compiler output:
[stderr] Error on Fragment compile
[stderr] Shader: ERROR: 0:2: '
[stderr] ' : #version directive must occur on the first line of the shader
[stderr] ERROR: 0:5: 'in' : storage qualifier supported in GLSL ES 3.00 and above only
[stderr] ERROR: 0:7: 'out' : storage qualifier supported in GLSL ES 3.00 and above only
[stderr] ERROR: 0:11: 'in' : storage qualifier supported in GLSL ES 3.00 and above only
[stderr] ERROR: 0:14: 'in' : storage qualifier supported in GLSL ES 3.00 and above only
[stderr] ERROR: 0:29: 'texture' : no matching overloaded function found
[stderr] ERROR: 0:29: '=' : dimension mismatch
[stderr] ERROR: 0:29: 'assign' : cannot convert from 'const mediump float' to 'out highp 4-component vector of float'
[stderr] ERROR: 0:32: '[' : array indexes for fragment outputs must be constant integral expressions
[stderr] ERROR: 0:32: '*' : wrong operand types - no operation '*' exists that takes a left-hand operand of type 'const int' and a right operand of type 'highp float' (or there is no acceptable conversion)
[stderr] ERROR: 0:36: '/' : wrong operand types - no operation '/' exists that takes a left-hand operand of type 'highp float' and a right operand of type 'const int' (or there is no acceptable conversion)
[stderr] ERROR: 0:37: '[' : array indexes for fragment outputs must be constant integral expressions
[stderr] ERROR: 0:42: '[' : array indexes for fragment outputs must be constant integral expressions
[stderr] ERROR: 0:42: '*' : wrong operand types - no operation '*' exists that takes a left-hand operand of type 'const int' and a right operand of type 'highp float' (or there is no acceptable conversion)
[stderr] ERROR: 0:43: '^' : bit-wise operator supported in GLSL ES 3.00 and above only
[stderr] ERROR: 0:43: '^' : bit-wise operator supported in GLSL ES 3.00 and above only
[stderr] ERROR: 0:45: '%' : integer modulus operator supported in GLSL ES 3.00 and above only
[stderr] ERROR: 0:46: '[' : array indexes for fragment outputs must be constant integral expressions
[stderr] ERROR: 0:46: '/' : wrong operand types - no operation '/' exists that takes a left-hand operand of type 'highp float' and a right operand of type 'const int' (or there is no acceptable conversion)
[stderr] Error on Fragment compile
[stderr] Shader: ERROR: 0:2: '
[stderr] ' : #version directive must occur on the first line of the shader
[stderr] ERROR: 0:5: 'in' : storage qualifier supported in GLSL ES 3.00 and above only
[stderr] ERROR: 0:7: 'out' : storage qualifier supported in GLSL ES 3.00 and above only
[stderr] ERROR: 0:11: 'in' : storage qualifier supported in GLSL ES 3.00 and above only
[stderr] ERROR: 0:14: 'in' : storage qualifier supported in GLSL ES 3.00 and above only
[stderr] ERROR: 0:29: 'texture' : no matching overloaded function found
[stderr] ERROR: 0:29: '=' : dimension mismatch
[stderr] ERROR: 0:29: 'assign' : cannot convert from 'const mediump float' to 'out highp 4-component vector of float'
[stderr] ERROR: 0:32: '[' : array indexes for fragment outputs must be constant integral expressions
[stderr] ERROR: 0:32: '*' : wrong operand types - no operation '*' exists that takes a left-hand operand of type 'const int' and a right operand of type 'highp float' (or there is no acceptable conversion)
[stderr] ERROR: 0:36: '/' : wrong operand types - no operation '/' exists that takes a left-hand operand of type 'highp float' and a right operand of type 'const int' (or there is no acceptable conversion)
[stderr] ERROR: 0:37: '[' : array indexes for fragment outputs must be constant integral expressions
[stderr] ERROR: 0:42: '[' : array indexes for fragment outputs must be constant integral expressions
[stderr] ERROR: 0:42: '*' : wrong operand types - no operation '*' exists that takes a left-hand operand of type 'const int' and a right operand of type 'highp float' (or there is no acceptable conversion)
[stderr] ERROR: 0:43: '^' : bit-wise operator supported in GLSL ES 3.00 and above only
[stderr] ERROR: 0:43: '^' : bit-wise operator supported in GLSL ES 3.00 and above only
[stderr] ERROR: 0:45: '%' : integer modulus operator supported in GLSL ES 3.00 and above only
[stderr] ERROR: 0:46: '[' : array indexes for fragment outputs must be constant integral expressions
[stderr] ERROR: 0:46: '/' : wrong operand types - no operation '/' exists that takes a left-hand operand of type 'highp float' and a right operand of type 'const int' (or there is no acceptable conversion)

Converted GLSL source:

#version 300 es
precision highp float;
precision highp int;
in vec2 TexCoord;
#define tc TexCoord
out vec4 color;
uniform float alpha_r;
uniform float alpha_g;
uniform float alpha_b;
in float timeval;
uniform float alpha;
uniform vec4 optx;
in vec4 random_value;
uniform vec4 random_var;
uniform float alpha_value;

uniform mat4 mv_matrix;
uniform mat4 proj_matrix;
uniform sampler2D samp;
uniform float value_alpha_r, value_alpha_g, value_alpha_b;
uniform float index_value;
uniform float time_f;

uniform float restore_black;

void main(void)
{
    color = texture(samp, tc);
    ivec3 source;
    for(int i = 0; i < 3; ++i) {
        source[i] = int(255 * color[i]);
    }

    for(int i = 0; i < 3; ++i) {
        float val = random_value[i]/255;
        color[i] += (val * timeval)*0.6;
    }
    
    ivec3 int_color;
    for(int i = 0; i < 3; ++i) {
        int_color[i] = int(255 * color[i]);
        int_color[i] = int(tc[0])^int_color[i]^source[i];
        if(int_color[i] > 255)
            int_color[i] = int_color[i]%255;
        color[i] = float(int_color[i])/255;
    }
}



================================================================================
[199] random_uneven_square.glsl
3D program: FAILED
2D program: FAILED

Compiler output:
[stderr] Error on Fragment compile
[stderr] Shader: ERROR: 0:2: '
[stderr] ' : #version directive must occur on the first line of the shader
[stderr] ERROR: 0:5: 'in' : storage qualifier supported in GLSL ES 3.00 and above only
[stderr] ERROR: 0:7: 'out' : storage qualifier supported in GLSL ES 3.00 and above only
[stderr] ERROR: 0:11: 'in' : storage qualifier supported in GLSL ES 3.00 and above only
[stderr] ERROR: 0:26: 'in' : storage qualifier supported in GLSL ES 3.00 and above only
[stderr] ERROR: 0:30: 'texture' : no matching overloaded function found
[stderr] ERROR: 0:30: '=' : dimension mismatch
[stderr] ERROR: 0:30: 'assign' : cannot convert from 'const mediump float' to 'out highp 4-component vector of float'
[stderr] ERROR: 0:33: '[' : array indexes for fragment outputs must be constant integral expressions
[stderr] ERROR: 0:33: '*' : wrong operand types - no operation '*' exists that takes a left-hand operand of type 'const int' and a right operand of type 'highp float' (or there is no acceptable conversion)
[stderr] ERROR: 0:44: '[' : array indexes for fragment outputs must be constant integral expressions
[stderr] ERROR: 0:44: '*' : wrong operand types - no operation '*' exists that takes a left-hand operand of type 'const int' and a right operand of type 'highp float' (or there is no acceptable conversion)
[stderr] ERROR: 0:45: '^' : bit-wise operator supported in GLSL ES 3.00 and above only
[stderr] ERROR: 0:47: '%' : integer modulus operator supported in GLSL ES 3.00 and above only
[stderr] ERROR: 0:48: '[' : array indexes for fragment outputs must be constant integral expressions
[stderr] ERROR: 0:48: '/' : wrong operand types - no operation '/' exists that takes a left-hand operand of type 'highp float' and a right operand of type 'const int' (or there is no acceptable conversion)
[stderr] Error on Fragment compile
[stderr] Shader: ERROR: 0:2: '
[stderr] ' : #version directive must occur on the first line of the shader
[stderr] ERROR: 0:5: 'in' : storage qualifier supported in GLSL ES 3.00 and above only
[stderr] ERROR: 0:7: 'out' : storage qualifier supported in GLSL ES 3.00 and above only
[stderr] ERROR: 0:11: 'in' : storage qualifier supported in GLSL ES 3.00 and above only
[stderr] ERROR: 0:26: 'in' : storage qualifier supported in GLSL ES 3.00 and above only
[stderr] ERROR: 0:30: 'texture' : no matching overloaded function found
[stderr] ERROR: 0:30: '=' : dimension mismatch
[stderr] ERROR: 0:30: 'assign' : cannot convert from 'const mediump float' to 'out highp 4-component vector of float'
[stderr] ERROR: 0:33: '[' : array indexes for fragment outputs must be constant integral expressions
[stderr] ERROR: 0:33: '*' : wrong operand types - no operation '*' exists that takes a left-hand operand of type 'const int' and a right operand of type 'highp float' (or there is no acceptable conversion)
[stderr] ERROR: 0:44: '[' : array indexes for fragment outputs must be constant integral expressions
[stderr] ERROR: 0:44: '*' : wrong operand types - no operation '*' exists that takes a left-hand operand of type 'const int' and a right operand of type 'highp float' (or there is no acceptable conversion)
[stderr] ERROR: 0:45: '^' : bit-wise operator supported in GLSL ES 3.00 and above only
[stderr] ERROR: 0:47: '%' : integer modulus operator supported in GLSL ES 3.00 and above only
[stderr] ERROR: 0:48: '[' : array indexes for fragment outputs must be constant integral expressions
[stderr] ERROR: 0:48: '/' : wrong operand types - no operation '/' exists that takes a left-hand operand of type 'highp float' and a right operand of type 'const int' (or there is no acceptable conversion)

Converted GLSL source:

#version 300 es
precision highp float;
precision highp int;
in vec2 TexCoord;
#define tc TexCoord
out vec4 color;
uniform float alpha_r;
uniform float alpha_g;
uniform float alpha_b;
in float timeval;
uniform float alpha;
uniform vec4 optx;
uniform vec4 random_var;
uniform float alpha_value;

uniform mat4 mv_matrix;
uniform mat4 proj_matrix;
uniform sampler2D samp;
uniform float value_alpha_r, value_alpha_g, value_alpha_b;
uniform float index_value;
uniform float time_f;
uniform vec2 iResolution;

uniform float restore_black;
in vec2 iResolution_;

void main(void)
{
    color = texture(samp, tc);
    ivec3 source;
    for(int i = 0; i < 3; ++i) {
        source[i] = int(255 * color[i]);
    }
    float x = iResolution_.x / (gl_FragCoord.x / alpha_r);
    float y = iResolution_.y / (gl_FragCoord.y / alpha_g);
    vec2 f = fract(vec2(x,y)) / timeval;
    color[0] = (color[0]*15.5 * (f[0]+f[1]))*(alpha_r+0.1);
    color[1] = (color[1]*15.5 * (f[0]+f[1]))*(alpha_g+0.1);
    color[2] = (color[2]*15.5 * (f[0]+f[1]))*(alpha_b+0.1);
    
    ivec3 int_color;
    for(int i = 0; i < 3; ++i) {
        int_color[i] = int(255 * color[i]);
        int_color[i] = int_color[i]^source[i];
        if(int_color[i] > 255)
            int_color[i] = int_color[i]%255;
        color[i] = float(int_color[i])/255;
    }
}


================================================================================
[200] react14.glsl
3D program: FAILED
2D program: FAILED

Compiler output:
[stderr] Error on Fragment compile
[stderr] Shader: ERROR: 0:45: '/' : wrong operand types - no operation '/' exists that takes a left-hand operand of type 'in highp 2-component vector of float' and a right operand of type 'const int' (or there is no acceptable conversion)
[stderr] ERROR: 0:50: '/' : wrong operand types - no operation '/' exists that takes a left-hand operand of type 'highp 2-component vector of float' and a right operand of type 'const int' (or there is no acceptable conversion)
[stderr] ERROR: 0:51: '/' : wrong operand types - no operation '/' exists that takes a left-hand operand of type 'highp 2-component vector of float' and a right operand of type 'const int' (or there is no acceptable conversion)
[stderr] Error on Fragment compile
[stderr] Shader: ERROR: 0:45: '/' : wrong operand types - no operation '/' exists that takes a left-hand operand of type 'in highp 2-component vector of float' and a right operand of type 'const int' (or there is no acceptable conversion)
[stderr] ERROR: 0:50: '/' : wrong operand types - no operation '/' exists that takes a left-hand operand of type 'highp 2-component vector of float' and a right operand of type 'const int' (or there is no acceptable conversion)
[stderr] ERROR: 0:51: '/' : wrong operand types - no operation '/' exists that takes a left-hand operand of type 'highp 2-component vector of float' and a right operand of type 'const int' (or there is no acceptable conversion)

Converted GLSL source:
#version 300 es
precision highp float;
precision highp int;

in vec2 TexCoord;
#define tc TexCoord
out vec4 color;
uniform sampler2D samp;
uniform float time_f;
uniform vec2 iResolution;
uniform float restore_black;

vec3 rainbow(float t) {
    t = fract(t);
    float r = abs(t * 6.0 - 3.0) - 1.0;
    float g = 2.0 - abs(t * 6.0 - 2.0);
    float b = 2.0 - abs(t * 6.0 - 4.0);
    return clamp(vec3(r, g, b), 0.0, 1.0);
}

float pingPong(float x, float length) {
    float modVal = mod(x, length * 2.0);
    return modVal <= length ? modVal : length * 2.0 - modVal;
}

void main(void) {
    vec2 uv = tc * 2.0 - 1.0;
    uv.y *= iResolution.y / iResolution.x;

    float t = pingPong(time_f, 15.0);

    float wave = sin(uv.x * 10.0 + t * 2.0) * 0.1;
    float expand = 0.5 + 0.5 * sin(t * 2.0);
    vec2 spiral_uv = uv * expand + vec2(cos(t), sin(t)) * 0.2;

    float angle = atan(spiral_uv.y + wave, spiral_uv.x) + t * 2.0;

    vec3 rainbow_color = rainbow(angle / (2.0 * 3.14159));
    vec4 original_color = texture(samp, tc);
    vec3 blended_color = mix(original_color.rgb, rainbow_color, 0.5);

    vec3 shifted_color = sin(blended_color * t * 2.0);
    vec4 color_result = vec4(shifted_color, original_color.a);

    vec4 color2 = texture(samp, tc / 2);
    vec2 tc1 = tc;
    vec2 tc2 = tc;
    tc1[0] = 1.0 - tc1[0];
    tc2[1] = 1.0 - tc2[1];
    vec4 color3 = texture(samp, tc1 / 4);
    vec4 color4 = texture(samp, tc2 / 4);
    color_result = (color_result * 0.4) + (color2 * 0.4) + (color3 * 0.4) + (color4 * 0.4);

    color = color_result;
}


================================================================================
[201] react19.glsl
3D program: FAILED
2D program: FAILED

Compiler output:
[stderr] Error on Fragment compile
[stderr] Shader: ERROR: 0:14: '*' : wrong operand types - no operation '*' exists that takes a left-hand operand of type 'in highp 4-component vector of float' and a right operand of type 'const int' (or there is no acceptable conversion)
[stderr] ERROR: 0:16: '*' : wrong operand types - no operation '*' exists that takes a left-hand operand of type 'const int' and a right operand of type 'highp float' (or there is no acceptable conversion)
[stderr] ERROR: 0:20: '/' : wrong operand types - no operation '/' exists that takes a left-hand operand of type 'highp float' and a right operand of type 'const int' (or there is no acceptable conversion)
[stderr] Error on Fragment compile
[stderr] Shader: ERROR: 0:14: '*' : wrong operand types - no operation '*' exists that takes a left-hand operand of type 'in highp 4-component vector of float' and a right operand of type 'const int' (or there is no acceptable conversion)
[stderr] ERROR: 0:16: '*' : wrong operand types - no operation '*' exists that takes a left-hand operand of type 'const int' and a right operand of type 'highp float' (or there is no acceptable conversion)
[stderr] ERROR: 0:20: '/' : wrong operand types - no operation '/' exists that takes a left-hand operand of type 'highp float' and a right operand of type 'const int' (or there is no acceptable conversion)

Converted GLSL source:
#version 300 es
precision highp float;
precision highp int;
out vec4 color;
in vec2 TexCoord;
#define tc TexCoord

uniform sampler2D samp;
uniform float time_f;
uniform vec2 iResolution;

vec4 xor_RGB(vec4 icolor, vec4 source) {
    ivec3 int_color;
    ivec4 isource = ivec4(source * 255);
    for(int i = 0; i < 3; ++i) {
        int_color[i] = int(255 * icolor[i]);
        int_color[i] = int_color[i]^isource[i];
        if(int_color[i] > 255)
            int_color[i] = int_color[i]%255;
        icolor[i] = float(int_color[i])/255;
    }
    icolor.a = 1.0;
return icolor;
}

float pingPong(float x, float length) {
    float modVal = mod(x, length * 2.0);
    return modVal <= length ? modVal : length * 2.0 - modVal;
}

vec4 blur(sampler2D image, vec2 uv, vec2 resolution) {
    vec2 texelSize = 1.0 / resolution;
    vec4 result = vec4(0.0);
    float kernel[100];
    
    float kernelVals[100] = float[](0.5, 1.0, 1.5, 2.0, 2.5, 2.5, 2.0, 1.5, 1.0, 0.5,
                                    1.0, 2.0, 2.5, 3.0, 3.5, 3.5, 3.0, 2.5, 2.0, 1.0,
                                    1.5, 2.5, 3.0, 3.5, 4.0, 4.0, 3.5, 3.0, 2.5, 1.5,
                                    2.0, 3.0, 3.5, 4.0, 4.5, 4.5, 4.0, 3.5, 3.0, 2.0,
                                    2.5, 3.5, 4.0, 4.5, 5.0, 5.0, 4.5, 4.0, 3.5, 2.5,
                                    2.5, 3.5, 4.0, 4.5, 5.0, 5.0, 4.5, 4.0, 3.5, 2.5,
                                    2.0, 3.0, 3.5, 4.0, 4.5, 4.5, 4.0, 3.5, 3.0, 2.0,
                                    1.5, 2.5, 3.0, 3.5, 4.0, 4.0, 3.5, 3.0, 2.5, 1.5,
                                    1.0, 2.0, 2.5, 3.0, 3.5, 3.5, 3.0, 2.5, 2.0, 1.0,
                                    0.5, 1.0, 1.5, 2.0, 2.5, 2.5, 2.0, 1.5, 1.0, 0.5);
    
    for (int i = 0; i < 100; i++) {
        kernel[i] = kernelVals[i];
    }
    float kernelSum = 842.0;

    for (int x = -5; x <= 4; ++x) {
        for (int y = -5; y <= 4; ++y) {
            vec2 offset = vec2(float(x), float(y)) * texelSize;
            result += texture(image, uv + offset) * kernel[(y + 5) * 10 + (x + 5)];
        }
    }

    return result / kernelSum;
}

void main() {
    vec2 uv = tc / iResolution;
    float amplitude = sin(time_f) * 0.5 + 0.5;
    vec3 gradientColor = mix(vec3(0.0, 0.0, 1.0), vec3(1.0, 0.0, 0.0), amplitude);
    
    vec4 texColor = blur(samp, tc, iResolution);
    vec3 finalColor = mix(texColor.rgb, gradientColor, 0.5 * sin(time_f * 2.0 + uv.y * 3.14159) + 0.5);
    
    color = vec4(finalColor, texColor.a);
    float time_t = pingPong(time_f, 10.0);
    color = xor_RGB(color, blur(samp, tc, iResolution) * time_t);

    if(color.rgb == vec3(color.r)) {
        color.rgb += vec3(0.05, 0.05, 0.05) * sin(time_f * 3.0);
    }
}


================================================================================
[202] rect_spiral.glsl
3D program: FAILED
2D program: FAILED

Compiler output:
[stderr] Error on Fragment compile
[stderr] Shader: ERROR: 0:22: '/' : wrong operand types - no operation '/' exists that takes a left-hand operand of type 'highp 2-component vector of float' and a right operand of type 'const int' (or there is no acceptable conversion)
[stderr] Error on Fragment compile
[stderr] Shader: ERROR: 0:22: '/' : wrong operand types - no operation '/' exists that takes a left-hand operand of type 'highp 2-component vector of float' and a right operand of type 'const int' (or there is no acceptable conversion)

Converted GLSL source:
#version 300 es
precision highp float;
precision highp int;
out vec4 color;
in vec2 TexCoord;
#define tc TexCoord

uniform sampler2D samp;
uniform float time_f;
uniform vec2 iResolution;

void main(void) {
    float loop_dur = 20.0;
    float current_t = mod(time_f, loop_dur);
    vec2 uv = (tc - 0.5) * (iResolution.x / iResolution.y, 1.0);
    float radius = length(uv);
    float angle = atan(uv.y, uv.x);
    float spiralSpeed = 1.0;
    angle += current_t * spiralSpeed;
    radius *= current_t;     vec2 spiralCoord = vec2(cos(angle), sin(angle)) * radius;

    vec2 transformedCoord = sin(spiralCoord * radius/2);
    
    vec2 finalCoord = transformedCoord * 0.5 + 0.5;
    color = texture(samp, finalCoord);
}


================================================================================
[203] red.glsl
3D program: FAILED
2D program: FAILED

Compiler output:
[stderr] Error on Fragment compile
[stderr] Shader: ERROR: 0:28: '[' : array indexes for fragment outputs must be constant integral expressions
[stderr] ERROR: 0:28: '*' : wrong operand types - no operation '*' exists that takes a left-hand operand of type 'const int' and a right operand of type 'highp float' (or there is no acceptable conversion)
[stderr] ERROR: 0:31: 'assign' : cannot convert from 'const int' to 'highp float'
[stderr] ERROR: 0:32: 'assign' : cannot convert from 'const int' to 'highp float'
[stderr] ERROR: 0:33: 'assign' : cannot convert from 'const int' to 'highp float'
[stderr] ERROR: 0:41: '[' : array indexes for fragment outputs must be constant integral expressions
[stderr] ERROR: 0:41: '*' : wrong operand types - no operation '*' exists that takes a left-hand operand of type 'const int' and a right operand of type 'highp float' (or there is no acceptable conversion)
[stderr] ERROR: 0:45: '[' : array indexes for fragment outputs must be constant integral expressions
[stderr] ERROR: 0:45: '/' : wrong operand types - no operation '/' exists that takes a left-hand operand of type 'highp float' and a right operand of type 'const int' (or there is no acceptable conversion)
[stderr] Error on Fragment compile
[stderr] Shader: ERROR: 0:28: '[' : array indexes for fragment outputs must be constant integral expressions
[stderr] ERROR: 0:28: '*' : wrong operand types - no operation '*' exists that takes a left-hand operand of type 'const int' and a right operand of type 'highp float' (or there is no acceptable conversion)
[stderr] ERROR: 0:31: 'assign' : cannot convert from 'const int' to 'highp float'
[stderr] ERROR: 0:32: 'assign' : cannot convert from 'const int' to 'highp float'
[stderr] ERROR: 0:33: 'assign' : cannot convert from 'const int' to 'highp float'
[stderr] ERROR: 0:41: '[' : array indexes for fragment outputs must be constant integral expressions
[stderr] ERROR: 0:41: '*' : wrong operand types - no operation '*' exists that takes a left-hand operand of type 'const int' and a right operand of type 'highp float' (or there is no acceptable conversion)
[stderr] ERROR: 0:45: '[' : array indexes for fragment outputs must be constant integral expressions
[stderr] ERROR: 0:45: '/' : wrong operand types - no operation '/' exists that takes a left-hand operand of type 'highp float' and a right operand of type 'const int' (or there is no acceptable conversion)

Converted GLSL source:
#version 300 es
precision highp float;
precision highp int;
in vec2 TexCoord;
#define tc TexCoord
out vec4 color;
uniform float alpha_r;
uniform float alpha_g;
uniform float alpha_b;
uniform float alpha;
uniform vec4 optx;
uniform vec4 random_var;
uniform float alpha_value;
uniform mat4 mv_matrix;
uniform mat4 proj_matrix;
uniform sampler2D samp;
uniform float value_alpha_r, value_alpha_g, value_alpha_b;
uniform float index_value;
uniform float time_f;

uniform float restore_black;

void main(void)
{
    color = texture(samp, tc);
    ivec3 source;
    for(int i = 0; i < 3; ++i) {
        source[i] = int(255 * color[i]);
    }

    color[0] /= 2;
    color[1] /= 2;
    color[2] /= 2;
    
    color[0] = cos(color[0]*alpha_b);
    color[1] = sin(color[1]*alpha_g);
    color[2] = (color[2]*alpha_r);

    ivec3 int_color;
    for(int i = 0; i < 3; ++i) {
        int_color[i] = int(255 * color[i]);
        int_color[i] = int_color[i]^source[i];
        if(int_color[i] > 255)
            int_color[i] = int_color[i]%255;
        color[i] = float(int_color[i])/255;
    }
}



================================================================================
[204] red_strobe.glsl
3D program: FAILED
2D program: FAILED

Compiler output:
[stderr] Error on Fragment compile
[stderr] Shader: ERROR: 0:2: '
[stderr] ' : #version directive must occur on the first line of the shader
[stderr] ERROR: 0:5: 'in' : storage qualifier supported in GLSL ES 3.00 and above only
[stderr] ERROR: 0:7: 'out' : storage qualifier supported in GLSL ES 3.00 and above only
[stderr] ERROR: 0:11: 'in' : storage qualifier supported in GLSL ES 3.00 and above only
[stderr] ERROR: 0:14: 'in' : storage qualifier supported in GLSL ES 3.00 and above only
[stderr] ERROR: 0:28: 'texture' : no matching overloaded function found
[stderr] ERROR: 0:28: '=' : dimension mismatch
[stderr] ERROR: 0:28: 'assign' : cannot convert from 'const mediump float' to 'out highp 4-component vector of float'
[stderr] ERROR: 0:31: '[' : array indexes for fragment outputs must be constant integral expressions
[stderr] ERROR: 0:31: '*' : wrong operand types - no operation '*' exists that takes a left-hand operand of type 'const int' and a right operand of type 'highp float' (or there is no acceptable conversion)
[stderr] ERROR: 0:34: '/' : wrong operand types - no operation '/' exists that takes a left-hand operand of type 'highp float' and a right operand of type 'const int' (or there is no acceptable conversion)
[stderr] ERROR: 0:36: '/' : wrong operand types - no operation '/' exists that takes a left-hand operand of type 'highp float' and a right operand of type 'const int' (or there is no acceptable conversion)
[stderr] ERROR: 0:40: '[' : array indexes for fragment outputs must be constant integral expressions
[stderr] ERROR: 0:40: '*' : wrong operand types - no operation '*' exists that takes a left-hand operand of type 'const int' and a right operand of type 'highp float' (or there is no acceptable conversion)
[stderr] ERROR: 0:41: '^' : bit-wise operator supported in GLSL ES 3.00 and above only
[stderr] ERROR: 0:43: '%' : integer modulus operator supported in GLSL ES 3.00 and above only
[stderr] ERROR: 0:44: '[' : array indexes for fragment outputs must be constant integral expressions
[stderr] ERROR: 0:44: '/' : wrong operand types - no operation '/' exists that takes a left-hand operand of type 'highp float' and a right operand of type 'const int' (or there is no acceptable conversion)
[stderr] Error on Fragment compile
[stderr] Shader: ERROR: 0:2: '
[stderr] ' : #version directive must occur on the first line of the shader
[stderr] ERROR: 0:5: 'in' : storage qualifier supported in GLSL ES 3.00 and above only
[stderr] ERROR: 0:7: 'out' : storage qualifier supported in GLSL ES 3.00 and above only
[stderr] ERROR: 0:11: 'in' : storage qualifier supported in GLSL ES 3.00 and above only
[stderr] ERROR: 0:14: 'in' : storage qualifier supported in GLSL ES 3.00 and above only
[stderr] ERROR: 0:28: 'texture' : no matching overloaded function found
[stderr] ERROR: 0:28: '=' : dimension mismatch
[stderr] ERROR: 0:28: 'assign' : cannot convert from 'const mediump float' to 'out highp 4-component vector of float'
[stderr] ERROR: 0:31: '[' : array indexes for fragment outputs must be constant integral expressions
[stderr] ERROR: 0:31: '*' : wrong operand types - no operation '*' exists that takes a left-hand operand of type 'const int' and a right operand of type 'highp float' (or there is no acceptable conversion)
[stderr] ERROR: 0:34: '/' : wrong operand types - no operation '/' exists that takes a left-hand operand of type 'highp float' and a right operand of type 'const int' (or there is no acceptable conversion)
[stderr] ERROR: 0:36: '/' : wrong operand types - no operation '/' exists that takes a left-hand operand of type 'highp float' and a right operand of type 'const int' (or there is no acceptable conversion)
[stderr] ERROR: 0:40: '[' : array indexes for fragment outputs must be constant integral expressions
[stderr] ERROR: 0:40: '*' : wrong operand types - no operation '*' exists that takes a left-hand operand of type 'const int' and a right operand of type 'highp float' (or there is no acceptable conversion)
[stderr] ERROR: 0:41: '^' : bit-wise operator supported in GLSL ES 3.00 and above only
[stderr] ERROR: 0:43: '%' : integer modulus operator supported in GLSL ES 3.00 and above only
[stderr] ERROR: 0:44: '[' : array indexes for fragment outputs must be constant integral expressions
[stderr] ERROR: 0:44: '/' : wrong operand types - no operation '/' exists that takes a left-hand operand of type 'highp float' and a right operand of type 'const int' (or there is no acceptable conversion)

Converted GLSL source:

#version 300 es
precision highp float;
precision highp int;
in vec2 TexCoord;
#define tc TexCoord
out vec4 color;
uniform float alpha_r;
uniform float alpha_g;
uniform float alpha_b;
in float timeval;
uniform float alpha;
uniform vec4 optx;
in vec4 random_value;
uniform vec4 random_var;
uniform float alpha_value;
uniform mat4 mv_matrix;
uniform mat4 proj_matrix;
uniform sampler2D samp;
uniform float value_alpha_r, value_alpha_g, value_alpha_b;
uniform float index_value;
uniform float time_f;

uniform float restore_black;

void main(void)
{
    color = texture(samp, tc);
    ivec3 source;
    for(int i = 0; i < 3; ++i) {
        source[i] = int(255 * color[i]);
    }
    
    color[2] = color[2]*(random_value[0]/255);
    color[1] = color[1]*(timeval * 0.05812);
    color[0] = color[0]*(alpha_r * timeval * (random_value[1]/255));
    
    ivec3 int_color;
    for(int i = 0; i < 3; ++i) {
        int_color[i] = int(255 * color[i]);
        int_color[i] = int_color[i]^source[i];
        if(int_color[i] > 255)
            int_color[i] = int_color[i]%255;
        color[i] = float(int_color[i])/255;
    }
}


================================================================================
[205] reverse_alpha.glsl
3D program: FAILED
2D program: FAILED

Compiler output:
[stderr] Error on Fragment compile
[stderr] Shader: ERROR: 0:32: 'assign' : cannot convert from 'const int' to 'out highp 4-component vector of float'
[stderr] Error on Fragment compile
[stderr] Shader: ERROR: 0:32: 'assign' : cannot convert from 'const int' to 'out highp 4-component vector of float'

Converted GLSL source:
#version 300 es
precision highp float;
precision highp int;
in vec2 TexCoord;
#define tc TexCoord
out vec4 color;
uniform float alpha_r;
uniform float alpha_g;
uniform float alpha_b;
uniform float alpha;
in vec3 vpos;
uniform vec4 optx;
uniform vec4 random_var;
uniform float alpha_value;
uniform mat4 mv_matrix;
uniform mat4 proj_matrix;
uniform sampler2D samp;
uniform float value_alpha_r, value_alpha_g, value_alpha_b;
uniform float index_value;
uniform float time_f;

uniform float restore_black;

void main(void)
{
    vec2 vpos = tc;
    vpos[0] = 1.0-tc[0];
    color = texture(samp, tc);
    vec4 color2 = texture(samp, vpos);
    color = (0.5 * color/alpha) + (0.5 * color2);
    
    color *= 2;
}



================================================================================
[206] reverse_xor.glsl
3D program: FAILED
2D program: FAILED

Compiler output:
[stderr] Error on Fragment compile
[stderr] Shader: ERROR: 0:36: '*' : wrong operand types - no operation '*' exists that takes a left-hand operand of type 'out highp 4-component vector of float' and a right operand of type 'const int' (or there is no acceptable conversion)
[stderr] ERROR: 0:42: '[' : array indexes for fragment outputs must be constant integral expressions
[stderr] ERROR: 0:42: '*' : wrong operand types - no operation '*' exists that takes a left-hand operand of type 'const int' and a right operand of type 'highp float' (or there is no acceptable conversion)
[stderr] ERROR: 0:44: '[' : array indexes for fragment outputs must be constant integral expressions
[stderr] ERROR: 0:44: '/' : wrong operand types - no operation '/' exists that takes a left-hand operand of type 'highp float' and a right operand of type 'const int' (or there is no acceptable conversion)
[stderr] Error on Fragment compile
[stderr] Shader: ERROR: 0:36: '*' : wrong operand types - no operation '*' exists that takes a left-hand operand of type 'out highp 4-component vector of float' and a right operand of type 'const int' (or there is no acceptable conversion)
[stderr] ERROR: 0:42: '[' : array indexes for fragment outputs must be constant integral expressions
[stderr] ERROR: 0:42: '*' : wrong operand types - no operation '*' exists that takes a left-hand operand of type 'const int' and a right operand of type 'highp float' (or there is no acceptable conversion)
[stderr] ERROR: 0:44: '[' : array indexes for fragment outputs must be constant integral expressions
[stderr] ERROR: 0:44: '/' : wrong operand types - no operation '/' exists that takes a left-hand operand of type 'highp float' and a right operand of type 'const int' (or there is no acceptable conversion)

Converted GLSL source:
#version 300 es
precision highp float;
precision highp int;
in vec2 TexCoord;
#define tc TexCoord
out vec4 color;
uniform float alpha_r;
uniform float alpha_g;
uniform float alpha_b;
uniform float alpha;
uniform vec4 optx;
in vec4 random_value;
uniform vec4 random_var;
uniform float alpha_value;
uniform mat4 mv_matrix;
uniform mat4 proj_matrix;
uniform sampler2D samp;
uniform float value_alpha_r, value_alpha_g, value_alpha_b;
uniform float index_value;
uniform float time_f;
uniform vec2 iResolution;

uniform float restore_black;
uniform vec4 inc_valuex;
uniform vec4 inc_value;

float random (vec2 st) {
    return fract(sin(dot(st.xy,
                         vec2(12.9898,78.233)))*
                 43758.5453123);
}

void main(void)
{
    color = texture(samp, tc);
    ivec4 source =ivec4(color * 255);
    vec4 c = vec4(0.2, 0.5, 0.8, 1); // random_value/255;
    vec4 cval;
    color += 0.03;
    ivec3 int_color;
    for(int i = 0; i < 3; ++i) {
        int_color[i] = int(255 * color[i]);
        int_color[i] = int_color[i]^source[3-i-1];
        color[i] = float(int_color[i])/255;
    }
}



================================================================================
[207] rgb.glsl
3D program: FAILED
2D program: FAILED

Compiler output:
[stderr] Error on Fragment compile
[stderr] Shader: ERROR: 0:2: '
[stderr] ' : #version directive must occur on the first line of the shader
[stderr] ERROR: 0:5: 'in' : storage qualifier supported in GLSL ES 3.00 and above only
[stderr] ERROR: 0:7: 'out' : storage qualifier supported in GLSL ES 3.00 and above only
[stderr] ERROR: 0:11: 'in' : storage qualifier supported in GLSL ES 3.00 and above only
[stderr] ERROR: 0:13: 'in' : storage qualifier supported in GLSL ES 3.00 and above only
[stderr] ERROR: 0:29: 'texture' : no matching overloaded function found
[stderr] ERROR: 0:29: '=' : dimension mismatch
[stderr] ERROR: 0:29: 'assign' : cannot convert from 'const mediump float' to 'out highp 4-component vector of float'
[stderr] ERROR: 0:35: '[' : array indexes for fragment outputs must be constant integral expressions
[stderr] ERROR: 0:35: '*' : wrong operand types - no operation '*' exists that takes a left-hand operand of type 'const int' and a right operand of type 'highp float' (or there is no acceptable conversion)
[stderr] ERROR: 0:37: '%' : integer modulus operator supported in GLSL ES 3.00 and above only
[stderr] ERROR: 0:38: '[' : array indexes for fragment outputs must be constant integral expressions
[stderr] ERROR: 0:38: '/' : wrong operand types - no operation '/' exists that takes a left-hand operand of type 'highp float' and a right operand of type 'const int' (or there is no acceptable conversion)
[stderr] Error on Fragment compile
[stderr] Shader: ERROR: 0:2: '
[stderr] ' : #version directive must occur on the first line of the shader
[stderr] ERROR: 0:5: 'in' : storage qualifier supported in GLSL ES 3.00 and above only
[stderr] ERROR: 0:7: 'out' : storage qualifier supported in GLSL ES 3.00 and above only
[stderr] ERROR: 0:11: 'in' : storage qualifier supported in GLSL ES 3.00 and above only
[stderr] ERROR: 0:13: 'in' : storage qualifier supported in GLSL ES 3.00 and above only
[stderr] ERROR: 0:29: 'texture' : no matching overloaded function found
[stderr] ERROR: 0:29: '=' : dimension mismatch
[stderr] ERROR: 0:29: 'assign' : cannot convert from 'const mediump float' to 'out highp 4-component vector of float'
[stderr] ERROR: 0:35: '[' : array indexes for fragment outputs must be constant integral expressions
[stderr] ERROR: 0:35: '*' : wrong operand types - no operation '*' exists that takes a left-hand operand of type 'const int' and a right operand of type 'highp float' (or there is no acceptable conversion)
[stderr] ERROR: 0:37: '%' : integer modulus operator supported in GLSL ES 3.00 and above only
[stderr] ERROR: 0:38: '[' : array indexes for fragment outputs must be constant integral expressions
[stderr] ERROR: 0:38: '/' : wrong operand types - no operation '/' exists that takes a left-hand operand of type 'highp float' and a right operand of type 'const int' (or there is no acceptable conversion)

Converted GLSL source:

#version 300 es
precision highp float;
precision highp int;
in vec2 TexCoord;
#define tc TexCoord
out vec4 color;
uniform float alpha_r;
uniform float alpha_g;
uniform float alpha_b;
in float timeval;
uniform float alpha;
in vec4 optx_val;
uniform vec4 optx;
uniform vec4 random_var;
uniform float alpha_value;

uniform mat4 mv_matrix;
uniform mat4 proj_matrix;
uniform sampler2D samp;
uniform float value_alpha_r, value_alpha_g, value_alpha_b;
uniform float index_value;
uniform float time_f;

uniform float restore_black;

void main(void)
{
    color = texture(samp, tc);
    color[0] = color[0]*(timeval*optx_val[0]);
    color[1] = color[1]*(timeval*optx_val[1]);
    color[2] = color[2]*(timeval*optx_val[2]);
    ivec3 int_color;
    for(int i = 0; i < 3; ++i) {
        int_color[i] = int(255 * color[i]);
        if(int_color[i] > 255)
            int_color[i] = int_color[i]%255;
        color[i] = float(int_color[i])/255;
    }
}



================================================================================
[208] rgb_blur_time.glsl
3D program: FAILED
2D program: FAILED

Compiler output:
[stderr] Linking failed...
[stderr] Program: FRAGMENT varying timeval does not match any VERTEX varying
[stderr] Linking failed...
[stderr] Program: FRAGMENT varying timeval does not match any VERTEX varying

Converted GLSL source:
#version 300 es
precision highp float;
precision highp int;
in vec2 TexCoord;
#define tc TexCoord
out vec4 color;
uniform float alpha_r;
uniform float alpha_g;
uniform float alpha_b;
in float timeval;
uniform float alpha;
uniform vec4 optx;
uniform vec4 random_var;
uniform float alpha_value;
uniform mat4 mv_matrix;
uniform mat4 proj_matrix;
uniform sampler2D samp;
uniform float value_alpha_r, value_alpha_g, value_alpha_b;
uniform float index_value;
uniform float time_f;
uniform vec2 iResolution;

uniform float restore_black;
uniform vec4 inc_valuex;
uniform vec4 inc_value;

void main(void)
{
    color = texture(samp, tc);
    vec2 pos1 = tc;
    vec2 pos2 = tc;
    pos1 += (fract(timeval)+0.01)*0.02;
    pos2 += (fract(timeval)+0.02)*0.03;
    vec4 color2 = texture(samp, pos1);
    vec4 color3 = texture(samp, pos2);
    color[1] = color2[1];
    color[2] = color3[2];
}



================================================================================
[209] rgb_control.glsl
3D program: FAILED
2D program: FAILED

Compiler output:
[stderr] Error on Fragment compile
[stderr] Shader: ERROR: 0:30: '[' : array indexes for fragment outputs must be constant integral expressions
[stderr] ERROR: 0:30: '*' : wrong operand types - no operation '*' exists that takes a left-hand operand of type 'const int' and a right operand of type 'highp float' (or there is no acceptable conversion)
[stderr] ERROR: 0:37: '[' : array indexes for fragment outputs must be constant integral expressions
[stderr] ERROR: 0:37: '*' : wrong operand types - no operation '*' exists that takes a left-hand operand of type 'const int' and a right operand of type 'highp float' (or there is no acceptable conversion)
[stderr] ERROR: 0:41: '[' : array indexes for fragment outputs must be constant integral expressions
[stderr] ERROR: 0:41: '/' : wrong operand types - no operation '/' exists that takes a left-hand operand of type 'highp float' and a right operand of type 'const int' (or there is no acceptable conversion)
[stderr] Error on Fragment compile
[stderr] Shader: ERROR: 0:30: '[' : array indexes for fragment outputs must be constant integral expressions
[stderr] ERROR: 0:30: '*' : wrong operand types - no operation '*' exists that takes a left-hand operand of type 'const int' and a right operand of type 'highp float' (or there is no acceptable conversion)
[stderr] ERROR: 0:37: '[' : array indexes for fragment outputs must be constant integral expressions
[stderr] ERROR: 0:37: '*' : wrong operand types - no operation '*' exists that takes a left-hand operand of type 'const int' and a right operand of type 'highp float' (or there is no acceptable conversion)
[stderr] ERROR: 0:41: '[' : array indexes for fragment outputs must be constant integral expressions
[stderr] ERROR: 0:41: '/' : wrong operand types - no operation '/' exists that takes a left-hand operand of type 'highp float' and a right operand of type 'const int' (or there is no acceptable conversion)

Converted GLSL source:
#version 300 es
precision highp float;
precision highp int;
in vec2 TexCoord;
#define tc TexCoord
out vec4 color;
uniform float alpha_r;
uniform float alpha_g;
uniform float alpha_b;
in float timeval;
uniform float alpha;
in vec4 optx_val;
uniform vec4 optx;
uniform vec4 random_var;
uniform float alpha_value;
uniform mat4 mv_matrix;
uniform mat4 proj_matrix;
uniform sampler2D samp;
uniform float value_alpha_r, value_alpha_g, value_alpha_b;
uniform float index_value;
uniform float time_f;

uniform float restore_black;

void main(void)
{
    color = texture(samp, tc);
    ivec3 source;
    for(int i = 0; i < 3; ++i) {
        source[i] = int(255 * color[i]);
    }
    color[0] = (optx_val[0]*timeval)*(color[0]*alpha_r);
    color[1] = (optx_val[1]*timeval)*(color[1]*alpha_g);
    color[2] = (optx_val[2]*timeval)*(color[2]*alpha_b);
    ivec3 int_color;
    for(int i = 0; i < 3; ++i) {
        int_color[i] = int(255 * color[i]);
        int_color[i] = int_color[i]^source[i];
        if(int_color[i] > 255)
            int_color[i] = int_color[i]%255;
        color[i] = float(int_color[i])/255;
    }
}


================================================================================
[210] rgb_fade.glsl
3D program: FAILED
2D program: FAILED

Compiler output:
[stderr] Error on Fragment compile
[stderr] Shader: ERROR: 0:33: '/' : wrong operand types - no operation '/' exists that takes a left-hand operand of type 'highp 4-component vector of float' and a right operand of type 'const int' (or there is no acceptable conversion)
[stderr] Error on Fragment compile
[stderr] Shader: ERROR: 0:33: '/' : wrong operand types - no operation '/' exists that takes a left-hand operand of type 'highp 4-component vector of float' and a right operand of type 'const int' (or there is no acceptable conversion)

Converted GLSL source:
#version 300 es
precision highp float;
precision highp int;
in vec2 TexCoord;
#define tc TexCoord
out vec4 color;
uniform float alpha_r;
uniform float alpha_g;
uniform float alpha_b;
uniform float alpha;
uniform vec4 optx;
uniform vec4 random_var;
uniform float alpha_value;
uniform mat4 mv_matrix;
uniform mat4 proj_matrix;
uniform sampler2D samp;
uniform vec4 inc_value;
uniform float value_alpha_r, value_alpha_g, value_alpha_b;
uniform float index_value;
uniform float time_f;
uniform vec2 iResolution;
uniform float restore_black;

float random (vec2 st) {
    return fract(sin(dot(st.xy,
                         vec2(12.9898,78.233)))*
        43758.5453123);
}

void main(void)
{
    color = texture(samp, tc);
    color = color * inc_value/255 * alpha;
}



================================================================================
[211] rgb_fade_xor.glsl
3D program: FAILED
2D program: FAILED

Compiler output:
[stderr] Error on Fragment compile
[stderr] Shader: ERROR: 0:35: '[' : array indexes for fragment outputs must be constant integral expressions
[stderr] ERROR: 0:35: '*' : wrong operand types - no operation '*' exists that takes a left-hand operand of type 'const int' and a right operand of type 'highp float' (or there is no acceptable conversion)
[stderr] ERROR: 0:37: '/' : wrong operand types - no operation '/' exists that takes a left-hand operand of type 'highp 4-component vector of float' and a right operand of type 'const int' (or there is no acceptable conversion)
[stderr] ERROR: 0:40: '[' : array indexes for fragment outputs must be constant integral expressions
[stderr] ERROR: 0:40: '*' : wrong operand types - no operation '*' exists that takes a left-hand operand of type 'const int' and a right operand of type 'highp float' (or there is no acceptable conversion)
[stderr] ERROR: 0:44: '[' : array indexes for fragment outputs must be constant integral expressions
[stderr] ERROR: 0:44: '/' : wrong operand types - no operation '/' exists that takes a left-hand operand of type 'highp float' and a right operand of type 'const int' (or there is no acceptable conversion)
[stderr] Error on Fragment compile
[stderr] Shader: ERROR: 0:35: '[' : array indexes for fragment outputs must be constant integral expressions
[stderr] ERROR: 0:35: '*' : wrong operand types - no operation '*' exists that takes a left-hand operand of type 'const int' and a right operand of type 'highp float' (or there is no acceptable conversion)
[stderr] ERROR: 0:37: '/' : wrong operand types - no operation '/' exists that takes a left-hand operand of type 'highp 4-component vector of float' and a right operand of type 'const int' (or there is no acceptable conversion)
[stderr] ERROR: 0:40: '[' : array indexes for fragment outputs must be constant integral expressions
[stderr] ERROR: 0:40: '*' : wrong operand types - no operation '*' exists that takes a left-hand operand of type 'const int' and a right operand of type 'highp float' (or there is no acceptable conversion)
[stderr] ERROR: 0:44: '[' : array indexes for fragment outputs must be constant integral expressions
[stderr] ERROR: 0:44: '/' : wrong operand types - no operation '/' exists that takes a left-hand operand of type 'highp float' and a right operand of type 'const int' (or there is no acceptable conversion)

Converted GLSL source:
#version 300 es
precision highp float;
precision highp int;
in vec2 TexCoord;
#define tc TexCoord
out vec4 color;
uniform float alpha_r;
uniform float alpha_g;
uniform float alpha_b;
uniform float alpha;
uniform vec4 optx;
uniform vec4 random_var;
uniform float alpha_value;
uniform mat4 mv_matrix;
uniform mat4 proj_matrix;
uniform sampler2D samp;
uniform vec4 inc_value;
uniform float value_alpha_r, value_alpha_g, value_alpha_b;
uniform float index_value;
uniform float time_f;
uniform vec2 iResolution;
uniform float restore_black;

float random (vec2 st) {
    return fract(sin(dot(st.xy,
                         vec2(12.9898,78.233)))*
        43758.5453123);
}

void main(void)
{
    color = texture(samp, tc);
    ivec3 source;
    for(int i = 0; i < 3; ++i) {
        source[i] = int(255 * color[i]);
    }
    color = color * inc_value/255 * alpha;
    ivec3 int_color;
     for(int i = 0; i < 3; ++i) {
         int_color[i] = int(255 * color[i]);
         int_color[i] = int_color[i]^source[i];
         if(int_color[i] > 255)
             int_color[i] = int_color[i]%255;
         color[i] = float(int_color[i])/255;
     }
}



================================================================================
[212] rgb_time.glsl
3D program: FAILED
2D program: FAILED

Compiler output:
[stderr] Error on Fragment compile
[stderr] Shader: ERROR: 0:2: '
[stderr] ' : #version directive must occur on the first line of the shader
[stderr] ERROR: 0:5: 'in' : storage qualifier supported in GLSL ES 3.00 and above only
[stderr] ERROR: 0:7: 'out' : storage qualifier supported in GLSL ES 3.00 and above only
[stderr] ERROR: 0:11: 'in' : storage qualifier supported in GLSL ES 3.00 and above only
[stderr] ERROR: 0:13: 'in' : storage qualifier supported in GLSL ES 3.00 and above only
[stderr] ERROR: 0:29: 'texture' : no matching overloaded function found
[stderr] ERROR: 0:29: '=' : dimension mismatch
[stderr] ERROR: 0:29: 'assign' : cannot convert from 'const mediump float' to 'out highp 4-component vector of float'
[stderr] ERROR: 0:35: '[' : array indexes for fragment outputs must be constant integral expressions
[stderr] ERROR: 0:35: '*' : wrong operand types - no operation '*' exists that takes a left-hand operand of type 'const int' and a right operand of type 'highp float' (or there is no acceptable conversion)
[stderr] ERROR: 0:37: '%' : integer modulus operator supported in GLSL ES 3.00 and above only
[stderr] ERROR: 0:38: '[' : array indexes for fragment outputs must be constant integral expressions
[stderr] ERROR: 0:38: '/' : wrong operand types - no operation '/' exists that takes a left-hand operand of type 'highp float' and a right operand of type 'const int' (or there is no acceptable conversion)
[stderr] Error on Fragment compile
[stderr] Shader: ERROR: 0:2: '
[stderr] ' : #version directive must occur on the first line of the shader
[stderr] ERROR: 0:5: 'in' : storage qualifier supported in GLSL ES 3.00 and above only
[stderr] ERROR: 0:7: 'out' : storage qualifier supported in GLSL ES 3.00 and above only
[stderr] ERROR: 0:11: 'in' : storage qualifier supported in GLSL ES 3.00 and above only
[stderr] ERROR: 0:13: 'in' : storage qualifier supported in GLSL ES 3.00 and above only
[stderr] ERROR: 0:29: 'texture' : no matching overloaded function found
[stderr] ERROR: 0:29: '=' : dimension mismatch
[stderr] ERROR: 0:29: 'assign' : cannot convert from 'const mediump float' to 'out highp 4-component vector of float'
[stderr] ERROR: 0:35: '[' : array indexes for fragment outputs must be constant integral expressions
[stderr] ERROR: 0:35: '*' : wrong operand types - no operation '*' exists that takes a left-hand operand of type 'const int' and a right operand of type 'highp float' (or there is no acceptable conversion)
[stderr] ERROR: 0:37: '%' : integer modulus operator supported in GLSL ES 3.00 and above only
[stderr] ERROR: 0:38: '[' : array indexes for fragment outputs must be constant integral expressions
[stderr] ERROR: 0:38: '/' : wrong operand types - no operation '/' exists that takes a left-hand operand of type 'highp float' and a right operand of type 'const int' (or there is no acceptable conversion)

Converted GLSL source:

#version 300 es
precision highp float;
precision highp int;
in vec2 TexCoord;
#define tc TexCoord
out vec4 color;
uniform float alpha_r;
uniform float alpha_g;
uniform float alpha_b;
in float timeval;
uniform float alpha;
in vec4 optx_val;
uniform vec4 optx;
uniform vec4 random_var;
uniform float alpha_value;

uniform mat4 mv_matrix;
uniform mat4 proj_matrix;
uniform sampler2D samp;
uniform float value_alpha_r, value_alpha_g, value_alpha_b;
uniform float index_value;
uniform float time_f;

uniform float restore_black;

void main(void)
{
    color = texture(samp, tc);
    color[0] = (optx_val[0])*(color[0]*(timeval*alpha_r))*0.8;
    color[1] = (optx_val[1])*(color[1]*(timeval*alpha_g))*0.8;
    color[2] = (optx_val[2])*(color[2]*(timeval*alpha_b))*0.8;
    ivec3 int_color;
    for(int i = 0; i < 3; ++i) {
        int_color[i] = int(255 * color[i]);
        if(int_color[i] > 255)
            int_color[i] = int_color[i]%255;
        color[i] = float(int_color[i])/255;
    }
}



================================================================================
[213] rgb_time_xor.glsl
3D program: FAILED
2D program: FAILED

Compiler output:
[stderr] Error on Fragment compile
[stderr] Shader: ERROR: 0:2: '
[stderr] ' : #version directive must occur on the first line of the shader
[stderr] ERROR: 0:5: 'in' : storage qualifier supported in GLSL ES 3.00 and above only
[stderr] ERROR: 0:7: 'out' : storage qualifier supported in GLSL ES 3.00 and above only
[stderr] ERROR: 0:11: 'in' : storage qualifier supported in GLSL ES 3.00 and above only
[stderr] ERROR: 0:28: 'texture' : no matching overloaded function found
[stderr] ERROR: 0:28: '=' : dimension mismatch
[stderr] ERROR: 0:28: 'assign' : cannot convert from 'const mediump float' to 'out highp 4-component vector of float'
[stderr] ERROR: 0:31: '[' : array indexes for fragment outputs must be constant integral expressions
[stderr] ERROR: 0:31: '*' : wrong operand types - no operation '*' exists that takes a left-hand operand of type 'const int' and a right operand of type 'highp float' (or there is no acceptable conversion)
[stderr] ERROR: 0:39: '[' : array indexes for fragment outputs must be constant integral expressions
[stderr] ERROR: 0:39: '*' : wrong operand types - no operation '*' exists that takes a left-hand operand of type 'const int' and a right operand of type 'highp float' (or there is no acceptable conversion)
[stderr] ERROR: 0:40: '^' : bit-wise operator supported in GLSL ES 3.00 and above only
[stderr] ERROR: 0:40: '^' : bit-wise operator supported in GLSL ES 3.00 and above only
[stderr] ERROR: 0:42: '%' : integer modulus operator supported in GLSL ES 3.00 and above only
[stderr] ERROR: 0:43: '[' : array indexes for fragment outputs must be constant integral expressions
[stderr] ERROR: 0:43: '/' : wrong operand types - no operation '/' exists that takes a left-hand operand of type 'highp float' and a right operand of type 'const int' (or there is no acceptable conversion)
[stderr] Error on Fragment compile
[stderr] Shader: ERROR: 0:2: '
[stderr] ' : #version directive must occur on the first line of the shader
[stderr] ERROR: 0:5: 'in' : storage qualifier supported in GLSL ES 3.00 and above only
[stderr] ERROR: 0:7: 'out' : storage qualifier supported in GLSL ES 3.00 and above only
[stderr] ERROR: 0:11: 'in' : storage qualifier supported in GLSL ES 3.00 and above only
[stderr] ERROR: 0:28: 'texture' : no matching overloaded function found
[stderr] ERROR: 0:28: '=' : dimension mismatch
[stderr] ERROR: 0:28: 'assign' : cannot convert from 'const mediump float' to 'out highp 4-component vector of float'
[stderr] ERROR: 0:31: '[' : array indexes for fragment outputs must be constant integral expressions
[stderr] ERROR: 0:31: '*' : wrong operand types - no operation '*' exists that takes a left-hand operand of type 'const int' and a right operand of type 'highp float' (or there is no acceptable conversion)
[stderr] ERROR: 0:39: '[' : array indexes for fragment outputs must be constant integral expressions
[stderr] ERROR: 0:39: '*' : wrong operand types - no operation '*' exists that takes a left-hand operand of type 'const int' and a right operand of type 'highp float' (or there is no acceptable conversion)
[stderr] ERROR: 0:40: '^' : bit-wise operator supported in GLSL ES 3.00 and above only
[stderr] ERROR: 0:40: '^' : bit-wise operator supported in GLSL ES 3.00 and above only
[stderr] ERROR: 0:42: '%' : integer modulus operator supported in GLSL ES 3.00 and above only
[stderr] ERROR: 0:43: '[' : array indexes for fragment outputs must be constant integral expressions
[stderr] ERROR: 0:43: '/' : wrong operand types - no operation '/' exists that takes a left-hand operand of type 'highp float' and a right operand of type 'const int' (or there is no acceptable conversion)

Converted GLSL source:

#version 300 es
precision highp float;
precision highp int;
in vec2 TexCoord;
#define tc TexCoord
out vec4 color;
uniform float alpha_r;
uniform float alpha_g;
uniform float alpha_b;
in float timeval;
uniform float alpha;
uniform vec4 optx;
uniform vec4 random_var;
uniform float alpha_value;

uniform mat4 mv_matrix;
uniform mat4 proj_matrix;
uniform sampler2D samp;
uniform float value_alpha_r, value_alpha_g, value_alpha_b;
uniform float index_value;
uniform float time_f;

uniform float restore_black;

void main(void)
{
    color = texture(samp, tc);
    ivec3 source;
    for(int i = 0; i < 3; ++i) {
        source[i] = int(255 * color[i]);
    }
    color[0] = (color[0]*(0.3214*timeval*alpha_b))*0.8;
    color[1] = (color[1]*(0.5321*timeval*alpha_g))*0.8;
    color[2] = (color[2]*(0.7342*timeval*alpha_r))*0.8;

    ivec3 int_color;
    for(int i = 0; i < 3; ++i) {
        int_color[i] = int(255 * color[i]);
        int_color[i] = int(tc[0])^int_color[i]^source[i];
        if(int_color[i] > 255)
            int_color[i] = int_color[i]%255;
        color[i] = float(int_color[i])/255;
    }
}


================================================================================
[214] rgbchecker.glsl
3D program: FAILED
2D program: FAILED

Compiler output:
[stderr] Error on Fragment compile
[stderr] Shader: ERROR: 0:28: '[' : array indexes for fragment outputs must be constant integral expressions
[stderr] ERROR: 0:28: '*' : wrong operand types - no operation '*' exists that takes a left-hand operand of type 'const int' and a right operand of type 'highp float' (or there is no acceptable conversion)
[stderr] ERROR: 0:39: '[' : array indexes for fragment outputs must be constant integral expressions
[stderr] ERROR: 0:39: '*' : wrong operand types - no operation '*' exists that takes a left-hand operand of type 'const int' and a right operand of type 'highp float' (or there is no acceptable conversion)
[stderr] ERROR: 0:43: '[' : array indexes for fragment outputs must be constant integral expressions
[stderr] ERROR: 0:43: '/' : wrong operand types - no operation '/' exists that takes a left-hand operand of type 'highp float' and a right operand of type 'const int' (or there is no acceptable conversion)
[stderr] Error on Fragment compile
[stderr] Shader: ERROR: 0:28: '[' : array indexes for fragment outputs must be constant integral expressions
[stderr] ERROR: 0:28: '*' : wrong operand types - no operation '*' exists that takes a left-hand operand of type 'const int' and a right operand of type 'highp float' (or there is no acceptable conversion)
[stderr] ERROR: 0:39: '[' : array indexes for fragment outputs must be constant integral expressions
[stderr] ERROR: 0:39: '*' : wrong operand types - no operation '*' exists that takes a left-hand operand of type 'const int' and a right operand of type 'highp float' (or there is no acceptable conversion)
[stderr] ERROR: 0:43: '[' : array indexes for fragment outputs must be constant integral expressions
[stderr] ERROR: 0:43: '/' : wrong operand types - no operation '/' exists that takes a left-hand operand of type 'highp float' and a right operand of type 'const int' (or there is no acceptable conversion)

Converted GLSL source:
#version 300 es
precision highp float;
precision highp int;
in vec2 TexCoord;
#define tc TexCoord
out vec4 color;
uniform float alpha_r;
uniform float alpha_g;
uniform float alpha_b;
uniform float alpha;
uniform vec4 optx;
uniform vec4 random_var;
uniform float alpha_value;
uniform mat4 mv_matrix;
uniform mat4 proj_matrix;
uniform sampler2D samp;
uniform float value_alpha_r, value_alpha_g, value_alpha_b;
uniform float index_value;
uniform float time_f;

uniform float restore_black;

void main(void)
{
    color = texture(samp, tc);
    ivec3 source;
    for(int i = 0; i < 3; ++i) {
        source[i] = int(255 * color[i]);
    }

    vec2 st = gl_FragCoord.xy;
    
    color[0] = cos(st[0]*alpha_b);
    color[1] = sin(st[1]*alpha_g);
    color[2] = (st[0]+st[1]*alpha_r);

    ivec3 int_color;
    for(int i = 0; i < 3; ++i) {
        int_color[i] = int(255 * color[i]);
        int_color[i] = int_color[i]^source[i];
        if(int_color[i] > 255)
            int_color[i] = int_color[i]%255;
        color[i] = float(int_color[i])/255;
    }
}



================================================================================
[215] rgbvar_inc.glsl
3D program: FAILED
2D program: FAILED

Compiler output:
[stderr] Error on Fragment compile
[stderr] Shader: ERROR: 0:2: '
[stderr] ' : #version directive must occur on the first line of the shader
[stderr] ERROR: 0:5: 'in' : storage qualifier supported in GLSL ES 3.00 and above only
[stderr] ERROR: 0:7: 'out' : storage qualifier supported in GLSL ES 3.00 and above only
[stderr] ERROR: 0:11: 'in' : storage qualifier supported in GLSL ES 3.00 and above only
[stderr] ERROR: 0:13: 'in' : storage qualifier supported in GLSL ES 3.00 and above only
[stderr] ERROR: 0:29: 'texture' : no matching overloaded function found
[stderr] ERROR: 0:29: '=' : dimension mismatch
[stderr] ERROR: 0:29: 'assign' : cannot convert from 'const mediump float' to 'out highp 4-component vector of float'
[stderr] ERROR: 0:32: '[' : array indexes for fragment outputs must be constant integral expressions
[stderr] ERROR: 0:32: '*' : wrong operand types - no operation '*' exists that takes a left-hand operand of type 'const int' and a right operand of type 'highp float' (or there is no acceptable conversion)
[stderr] ERROR: 0:41: '[' : array indexes for fragment outputs must be constant integral expressions
[stderr] ERROR: 0:41: '*' : wrong operand types - no operation '*' exists that takes a left-hand operand of type 'const int' and a right operand of type 'highp float' (or there is no acceptable conversion)
[stderr] ERROR: 0:42: '^' : bit-wise operator supported in GLSL ES 3.00 and above only
[stderr] ERROR: 0:42: '^' : bit-wise operator supported in GLSL ES 3.00 and above only
[stderr] ERROR: 0:44: '%' : integer modulus operator supported in GLSL ES 3.00 and above only
[stderr] ERROR: 0:45: '[' : array indexes for fragment outputs must be constant integral expressions
[stderr] ERROR: 0:45: '/' : wrong operand types - no operation '/' exists that takes a left-hand operand of type 'highp float' and a right operand of type 'const int' (or there is no acceptable conversion)
[stderr] Error on Fragment compile
[stderr] Shader: ERROR: 0:2: '
[stderr] ' : #version directive must occur on the first line of the shader
[stderr] ERROR: 0:5: 'in' : storage qualifier supported in GLSL ES 3.00 and above only
[stderr] ERROR: 0:7: 'out' : storage qualifier supported in GLSL ES 3.00 and above only
[stderr] ERROR: 0:11: 'in' : storage qualifier supported in GLSL ES 3.00 and above only
[stderr] ERROR: 0:13: 'in' : storage qualifier supported in GLSL ES 3.00 and above only
[stderr] ERROR: 0:29: 'texture' : no matching overloaded function found
[stderr] ERROR: 0:29: '=' : dimension mismatch
[stderr] ERROR: 0:29: 'assign' : cannot convert from 'const mediump float' to 'out highp 4-component vector of float'
[stderr] ERROR: 0:32: '[' : array indexes for fragment outputs must be constant integral expressions
[stderr] ERROR: 0:32: '*' : wrong operand types - no operation '*' exists that takes a left-hand operand of type 'const int' and a right operand of type 'highp float' (or there is no acceptable conversion)
[stderr] ERROR: 0:41: '[' : array indexes for fragment outputs must be constant integral expressions
[stderr] ERROR: 0:41: '*' : wrong operand types - no operation '*' exists that takes a left-hand operand of type 'const int' and a right operand of type 'highp float' (or there is no acceptable conversion)
[stderr] ERROR: 0:42: '^' : bit-wise operator supported in GLSL ES 3.00 and above only
[stderr] ERROR: 0:42: '^' : bit-wise operator supported in GLSL ES 3.00 and above only
[stderr] ERROR: 0:44: '%' : integer modulus operator supported in GLSL ES 3.00 and above only
[stderr] ERROR: 0:45: '[' : array indexes for fragment outputs must be constant integral expressions
[stderr] ERROR: 0:45: '/' : wrong operand types - no operation '/' exists that takes a left-hand operand of type 'highp float' and a right operand of type 'const int' (or there is no acceptable conversion)

Converted GLSL source:

#version 300 es
precision highp float;
precision highp int;
in vec2 TexCoord;
#define tc TexCoord
out vec4 color;
uniform float alpha_r;
uniform float alpha_g;
uniform float alpha_b;
in float timeval;
uniform float alpha;
in vec4 optx_val;
uniform vec4 optx;
uniform vec4 random_var;
uniform float alpha_value;

uniform mat4 mv_matrix;
uniform mat4 proj_matrix;
uniform sampler2D samp;
uniform float value_alpha_r, value_alpha_g, value_alpha_b;
uniform float index_value;
uniform float time_f;

uniform float restore_black;

void main(void)
{
    color = texture(samp, tc);
    ivec3 source;
    for(int i = 0; i < 3; ++i) {
        source[i] = int(255 * color[i]);
    }

    color[0] = (color[0]*timeval*alpha_r)*optx_val[0];
    color[1] = (color[1]*timeval*alpha_g)*optx_val[1];
    color[2] = (color[2]*timeval*alpha_b)*optx_val[2];
    
    ivec3 int_color;
    for(int i = 0; i < 3; ++i) {
        int_color[i] = int(255 * color[i]);
        int_color[i] = int(tc[0])^int_color[i]^source[i];
        if(int_color[i] > 255)
            int_color[i] = int_color[i]%255;
        color[i] = float(int_color[i])/255;
    }
}



================================================================================
[216] rightintwo.glsl
3D program: FAILED
2D program: FAILED

Compiler output:
[stderr] Error on Fragment compile
[stderr] Shader: ERROR: 0:28: '[' : array indexes for fragment outputs must be constant integral expressions
[stderr] ERROR: 0:28: '*' : wrong operand types - no operation '*' exists that takes a left-hand operand of type 'const int' and a right operand of type 'highp float' (or there is no acceptable conversion)
[stderr] ERROR: 0:30: '/' : wrong operand types - no operation '/' exists that takes a left-hand operand of type 'highp float' and a right operand of type 'const int' (or there is no acceptable conversion)
[stderr] ERROR: 0:30: '/' : wrong operand types - no operation '/' exists that takes a left-hand operand of type 'highp float' and a right operand of type 'const int' (or there is no acceptable conversion)
[stderr] ERROR: 0:32: '/' : wrong operand types - no operation '/' exists that takes a left-hand operand of type 'highp float' and a right operand of type 'const int' (or there is no acceptable conversion)
[stderr] ERROR: 0:32: '/' : wrong operand types - no operation '/' exists that takes a left-hand operand of type 'highp float' and a right operand of type 'const int' (or there is no acceptable conversion)
[stderr] ERROR: 0:35: '[' : array indexes for fragment outputs must be constant integral expressions
[stderr] ERROR: 0:35: '[' : array indexes for fragment outputs must be constant integral expressions
[stderr] ERROR: 0:36: '[' : array indexes for fragment outputs must be constant integral expressions
[stderr] ERROR: 0:36: 'assign' : cannot convert from 'const int' to 'highp float'
[stderr] ERROR: 0:41: '[' : array indexes for fragment outputs must be constant integral expressions
[stderr] ERROR: 0:41: '*' : wrong operand types - no operation '*' exists that takes a left-hand operand of type 'const int' and a right operand of type 'highp float' (or there is no acceptable conversion)
[stderr] ERROR: 0:45: '[' : array indexes for fragment outputs must be constant integral expressions
[stderr] ERROR: 0:45: '/' : wrong operand types - no operation '/' exists that takes a left-hand operand of type 'highp float' and a right operand of type 'const int' (or there is no acceptable conversion)
[stderr] Error on Fragment compile
[stderr] Shader: ERROR: 0:28: '[' : array indexes for fragment outputs must be constant integral expressions
[stderr] ERROR: 0:28: '*' : wrong operand types - no operation '*' exists that takes a left-hand operand of type 'const int' and a right operand of type 'highp float' (or there is no acceptable conversion)
[stderr] ERROR: 0:30: '/' : wrong operand types - no operation '/' exists that takes a left-hand operand of type 'highp float' and a right operand of type 'const int' (or there is no acceptable conversion)
[stderr] ERROR: 0:30: '/' : wrong operand types - no operation '/' exists that takes a left-hand operand of type 'highp float' and a right operand of type 'const int' (or there is no acceptable conversion)
[stderr] ERROR: 0:32: '/' : wrong operand types - no operation '/' exists that takes a left-hand operand of type 'highp float' and a right operand of type 'const int' (or there is no acceptable conversion)
[stderr] ERROR: 0:32: '/' : wrong operand types - no operation '/' exists that takes a left-hand operand of type 'highp float' and a right operand of type 'const int' (or there is no acceptable conversion)
[stderr] ERROR: 0:35: '[' : array indexes for fragment outputs must be constant integral expressions
[stderr] ERROR: 0:35: '[' : array indexes for fragment outputs must be constant integral expressions
[stderr] ERROR: 0:36: '[' : array indexes for fragment outputs must be constant integral expressions
[stderr] ERROR: 0:36: 'assign' : cannot convert from 'const int' to 'highp float'
[stderr] ERROR: 0:41: '[' : array indexes for fragment outputs must be constant integral expressions
[stderr] ERROR: 0:41: '*' : wrong operand types - no operation '*' exists that takes a left-hand operand of type 'const int' and a right operand of type 'highp float' (or there is no acceptable conversion)
[stderr] ERROR: 0:45: '[' : array indexes for fragment outputs must be constant integral expressions
[stderr] ERROR: 0:45: '/' : wrong operand types - no operation '/' exists that takes a left-hand operand of type 'highp float' and a right operand of type 'const int' (or there is no acceptable conversion)

Converted GLSL source:
#version 300 es
precision highp float;
precision highp int;
in vec2 TexCoord;
#define tc TexCoord
out vec4 color;
uniform float alpha_r;
uniform float alpha_g;
uniform float alpha_b;
uniform float alpha;
uniform vec4 optx;
uniform vec4 random_var;
uniform float alpha_value;
uniform mat4 mv_matrix;
uniform mat4 proj_matrix;
uniform sampler2D samp;
uniform float value_alpha_r, value_alpha_g, value_alpha_b;
uniform float index_value;
uniform float time_f;

uniform float restore_black;

void main(void)
{
    color = texture(samp, tc);
    ivec3 source;
    for(int i = 0; i < 3; ++i) {
        source[i] = int(255 * color[i]);
    }
    vec2 cord = vec2(tc[0]/2, tc[1]/2);
    vec4 clr = texture(samp, cord);
    vec2 p = vec2(gl_FragCoord.x/2, gl_FragCoord.y/4);
    vec2 left = fract(p);
    for(int i = 0; i < 3; ++i) {
        color[i] = (color[i] * clr[i]) * (left[0]+left[1]);
        color[i] += 2;
    }
    
    ivec3 int_color;
    for(int i = 0; i < 3; ++i) {
        int_color[i] = int(255 * color[i]);
        int_color[i] = int_color[i]^source[i];
        if(int_color[i] > 255)
            int_color[i] = int_color[i]%255;
        color[i] = float(int_color[i])/255;
    }
}



================================================================================
[217] ripple_a.glsl
3D program: FAILED
2D program: FAILED

Compiler output:
[stderr] Error on Fragment compile
[stderr] Shader: ERROR: 0:2: '
[stderr] ' : #version directive must occur on the first line of the shader
[stderr] ERROR: 0:6: 'out' : storage qualifier supported in GLSL ES 3.00 and above only
[stderr] ERROR: 0:7: 'in' : storage qualifier supported in GLSL ES 3.00 and above only
[stderr] ERROR: 0:36: 'texture' : no matching overloaded function found
[stderr] ERROR: 0:36: 'rgb' :  field selection requires structure or vector on left hand side
[stderr] ERROR: 0:36: '=' : dimension mismatch
[stderr] ERROR: 0:36: '=' : cannot convert from 'const mediump float' to 'highp 3-component vector of float'
[stderr] Error on Fragment compile
[stderr] Shader: ERROR: 0:2: '
[stderr] ' : #version directive must occur on the first line of the shader
[stderr] ERROR: 0:6: 'out' : storage qualifier supported in GLSL ES 3.00 and above only
[stderr] ERROR: 0:7: 'in' : storage qualifier supported in GLSL ES 3.00 and above only
[stderr] ERROR: 0:36: 'texture' : no matching overloaded function found
[stderr] ERROR: 0:36: 'rgb' :  field selection requires structure or vector on left hand side
[stderr] ERROR: 0:36: '=' : dimension mismatch
[stderr] ERROR: 0:36: '=' : cannot convert from 'const mediump float' to 'highp 3-component vector of float'

Converted GLSL source:

#version 300 es
precision highp float;
precision highp int;

out vec4 color;
in vec2 TexCoord;
#define tc TexCoord

uniform sampler2D samp;
uniform vec2 iResolution;
uniform float time_f;

const float PI = 3.14159265359;
const vec3 NEON_COLOR = vec3(0.8, 0.2, 1.0);

float pingPong(float value, float length) {
    float modValue = mod(value, length * 2.0);
    return length - abs(modValue - length);
}

vec3 hsv2rgb(vec3 c) {
    vec4 K = vec4(1.0, 2.0 / 3.0, 1.0 / 3.0, 3.0);
    vec3 p = abs(fract(c.xxx + K.xyz) * 6.0 - K.www);
    return c.z * mix(K.xxx, clamp(p - K.xxx, 0.0, 1.0), c.y);
}

vec3 vortexEffect(vec2 uv, float time) {
    uv = uv * 2.0 - 1.0;
    uv.x *= iResolution.x / iResolution.y;
    float angle = atan(uv.y, uv.x) + time * 0.5;
    float radius = length(uv);
    uv = vec2(cos(angle), sin(angle)) * radius;
    float ripple = sin(radius * 10.0 - time * 5.0) * 0.05;
    uv += ripple * vec2(cos(angle), sin(angle));
    vec3 texColor = texture(samp, uv * 0.5 + 0.5).rgb;
    texColor += NEON_COLOR * exp(-10.0 * radius);
    return texColor;
}

void main(void) {
    vec2 uv = tc;
    vec3 colorEffect = vortexEffect(uv, time_f);
    float offset = 0.005 * sin(time_f);
    vec3 finalColor = vec3(
        vortexEffect(uv + vec2(offset, 0.0), time_f).r,
        colorEffect.g,
        vortexEffect(uv - vec2(offset, 0.0), time_f).b
    );
    color = vec4(finalColor, 1.0);
}


================================================================================
[218] scale.glsl
3D program: FAILED
2D program: FAILED

Compiler output:
[stderr] Error on Fragment compile
[stderr] Shader: ERROR: 0:2: '
[stderr] ' : #version directive must occur on the first line of the shader
[stderr] ERROR: 0:5: 'in' : storage qualifier supported in GLSL ES 3.00 and above only
[stderr] ERROR: 0:7: 'out' : storage qualifier supported in GLSL ES 3.00 and above only
[stderr] ERROR: 0:26: 'texture' : no matching overloaded function found
[stderr] ERROR: 0:26: '=' : dimension mismatch
[stderr] ERROR: 0:26: 'assign' : cannot convert from 'const mediump float' to 'out highp 4-component vector of float'
[stderr] ERROR: 0:29: '[' : array indexes for fragment outputs must be constant integral expressions
[stderr] ERROR: 0:29: '*' : wrong operand types - no operation '*' exists that takes a left-hand operand of type 'const int' and a right operand of type 'highp float' (or there is no acceptable conversion)
[stderr] ERROR: 0:36: '[' : array indexes for fragment outputs must be constant integral expressions
[stderr] ERROR: 0:36: '*' : wrong operand types - no operation '*' exists that takes a left-hand operand of type 'const int' and a right operand of type 'highp float' (or there is no acceptable conversion)
[stderr] ERROR: 0:37: '^' : bit-wise operator supported in GLSL ES 3.00 and above only
[stderr] ERROR: 0:39: '%' : integer modulus operator supported in GLSL ES 3.00 and above only
[stderr] ERROR: 0:40: '[' : array indexes for fragment outputs must be constant integral expressions
[stderr] ERROR: 0:40: '/' : wrong operand types - no operation '/' exists that takes a left-hand operand of type 'highp float' and a right operand of type 'const int' (or there is no acceptable conversion)
[stderr] Error on Fragment compile
[stderr] Shader: ERROR: 0:2: '
[stderr] ' : #version directive must occur on the first line of the shader
[stderr] ERROR: 0:5: 'in' : storage qualifier supported in GLSL ES 3.00 and above only
[stderr] ERROR: 0:7: 'out' : storage qualifier supported in GLSL ES 3.00 and above only
[stderr] ERROR: 0:26: 'texture' : no matching overloaded function found
[stderr] ERROR: 0:26: '=' : dimension mismatch
[stderr] ERROR: 0:26: 'assign' : cannot convert from 'const mediump float' to 'out highp 4-component vector of float'
[stderr] ERROR: 0:29: '[' : array indexes for fragment outputs must be constant integral expressions
[stderr] ERROR: 0:29: '*' : wrong operand types - no operation '*' exists that takes a left-hand operand of type 'const int' and a right operand of type 'highp float' (or there is no acceptable conversion)
[stderr] ERROR: 0:36: '[' : array indexes for fragment outputs must be constant integral expressions
[stderr] ERROR: 0:36: '*' : wrong operand types - no operation '*' exists that takes a left-hand operand of type 'const int' and a right operand of type 'highp float' (or there is no acceptable conversion)
[stderr] ERROR: 0:37: '^' : bit-wise operator supported in GLSL ES 3.00 and above only
[stderr] ERROR: 0:39: '%' : integer modulus operator supported in GLSL ES 3.00 and above only
[stderr] ERROR: 0:40: '[' : array indexes for fragment outputs must be constant integral expressions
[stderr] ERROR: 0:40: '/' : wrong operand types - no operation '/' exists that takes a left-hand operand of type 'highp float' and a right operand of type 'const int' (or there is no acceptable conversion)

Converted GLSL source:

#version 300 es
precision highp float;
precision highp int;
in vec2 TexCoord;
#define tc TexCoord
out vec4 color;
uniform float alpha_r;
uniform float alpha_g;
uniform float alpha_b;
uniform float alpha;
uniform vec4 optx;
uniform vec4 random_var;
uniform float alpha_value;
uniform mat4 mv_matrix;
uniform mat4 proj_matrix;
uniform sampler2D samp;
uniform float value_alpha_r, value_alpha_g, value_alpha_b;
uniform float index_value;
uniform float time_f;

uniform float restore_black;

void main(void)
{
    color = texture(samp, tc);
    ivec3 source;
    for(int i = 0; i < 3; ++i) {
        source[i] = int(255 * color[i]);
    }
    color[0] += color[0]*alpha;
    color[1] += color[1]*alpha;
    color[2] += color[2]*alpha;
    ivec3 int_color;
    for(int i = 0; i < 3; ++i) {
        int_color[i] = int(255 * color[i]);
        int_color[i] = int_color[i]^source[i];
        if(int_color[i] > 255)
            int_color[i] = int_color[i]%255;
        color[i] = float(int_color[i])/255;
    }
}


================================================================================
[219] scramble-2.glsl
3D program: FAILED
2D program: FAILED

Compiler output:
[stderr] Error on Fragment compile
[stderr] Shader: ERROR: 0:20: 'pingPong' : no matching overloaded function found
[stderr] Error on Fragment compile
[stderr] Shader: ERROR: 0:20: 'pingPong' : no matching overloaded function found

Converted GLSL source:
#version 300 es
precision highp float;
precision highp int;
out vec4 color;
in vec2 TexCoord;
#define tc TexCoord

uniform sampler2D samp;
uniform float time_f;
uniform vec2 iResolution;

float pingPong(float x, float length) {
    float modVal = mod(x, length * 2.0);
    return modVal <= length ? modVal : length * 2.0 - modVal;
}

void main(void) {
    vec2 uv = tc;

    float time_t =  pingPong(time_f, 10);
    
    float scrambleAmount = sin(time_f * 10.0) * 0.5 + 0.5;
    
    scrambleAmount = cos(scrambleAmount * time_t);
    
    uv.x += sin(uv.y * 50.0 + time_f * 10.0) * scrambleAmount * 0.05;
    uv.y += cos(uv.x * 50.0 + time_f * 10.0) * scrambleAmount * 0.05;

    color = texture(samp, tan(uv * time_t));
}


================================================================================
[220] self_alphablend_scale.glsl
3D program: FAILED
2D program: FAILED

Compiler output:
[stderr] Error on Fragment compile
[stderr] Shader: ERROR: 0:26: '*' : wrong operand types - no operation '*' exists that takes a left-hand operand of type 'out highp 4-component vector of float' and a right operand of type 'const int' (or there is no acceptable conversion)
[stderr] ERROR: 0:30: '[' : array indexes for fragment outputs must be constant integral expressions
[stderr] ERROR: 0:30: '/' : wrong operand types - no operation '/' exists that takes a left-hand operand of type 'highp float' and a right operand of type 'const int' (or there is no acceptable conversion)
[stderr] Error on Fragment compile
[stderr] Shader: ERROR: 0:26: '*' : wrong operand types - no operation '*' exists that takes a left-hand operand of type 'out highp 4-component vector of float' and a right operand of type 'const int' (or there is no acceptable conversion)
[stderr] ERROR: 0:30: '[' : array indexes for fragment outputs must be constant integral expressions
[stderr] ERROR: 0:30: '/' : wrong operand types - no operation '/' exists that takes a left-hand operand of type 'highp float' and a right operand of type 'const int' (or there is no acceptable conversion)

Converted GLSL source:
#version 300 es
precision highp float;
precision highp int;
in vec2 TexCoord;
#define tc TexCoord
out vec4 color;
uniform float alpha_r;
uniform float alpha_g;
uniform float alpha_b;
uniform float alpha;
uniform vec4 optx;
uniform vec4 random_var;
uniform float alpha_value;
uniform mat4 mv_matrix;
uniform mat4 proj_matrix;
uniform sampler2D samp;
uniform float value_alpha_r, value_alpha_g, value_alpha_b;
uniform float index_value;
uniform float time_f;
uniform float restore_black;

void main(void)
{
    color = texture(samp, tc);
    color = color*alpha;
    ivec4 colori = ivec4(color * 255);
    for(int i = 0; i < 3; ++i) {
        if(colori[i] > 255)
            colori[i] = colori[i]%255;
        color[i] = float(colori[i])/255;
    }
}



================================================================================
[221] self_alphablend_scale_xor.glsl
3D program: FAILED
2D program: FAILED

Compiler output:
[stderr] Error on Fragment compile
[stderr] Shader: ERROR: 0:27: '*' : wrong operand types - no operation '*' exists that takes a left-hand operand of type 'out highp 4-component vector of float' and a right operand of type 'const int' (or there is no acceptable conversion)
[stderr] ERROR: 0:29: '*' : wrong operand types - no operation '*' exists that takes a left-hand operand of type 'out highp 4-component vector of float' and a right operand of type 'const int' (or there is no acceptable conversion)
[stderr] ERROR: 0:38: '[' : array indexes for fragment outputs must be constant integral expressions
[stderr] ERROR: 0:38: '/' : wrong operand types - no operation '/' exists that takes a left-hand operand of type 'highp float' and a right operand of type 'const int' (or there is no acceptable conversion)
[stderr] ERROR: 0:42: '[' : array indexes for fragment outputs must be constant integral expressions
[stderr] ERROR: 0:42: '[' : array indexes for fragment outputs must be constant integral expressions
[stderr] Error on Fragment compile
[stderr] Shader: ERROR: 0:27: '*' : wrong operand types - no operation '*' exists that takes a left-hand operand of type 'out highp 4-component vector of float' and a right operand of type 'const int' (or there is no acceptable conversion)
[stderr] ERROR: 0:29: '*' : wrong operand types - no operation '*' exists that takes a left-hand operand of type 'out highp 4-component vector of float' and a right operand of type 'const int' (or there is no acceptable conversion)
[stderr] ERROR: 0:38: '[' : array indexes for fragment outputs must be constant integral expressions
[stderr] ERROR: 0:38: '/' : wrong operand types - no operation '/' exists that takes a left-hand operand of type 'highp float' and a right operand of type 'const int' (or there is no acceptable conversion)
[stderr] ERROR: 0:42: '[' : array indexes for fragment outputs must be constant integral expressions
[stderr] ERROR: 0:42: '[' : array indexes for fragment outputs must be constant integral expressions

Converted GLSL source:
#version 300 es
precision highp float;
precision highp int;
in vec2 TexCoord;
#define tc TexCoord
out vec4 color;
uniform float alpha_r;
uniform float alpha_g;
uniform float alpha_b;
uniform float alpha;
uniform vec4 optx;
uniform vec4 random_var;
uniform float alpha_value;
uniform mat4 mv_matrix;
uniform mat4 proj_matrix;
uniform sampler2D samp;
uniform float value_alpha_r, value_alpha_g, value_alpha_b;
uniform float index_value;
uniform float time_f;
uniform float restore_black;

void main(void)
{
    
    color = texture(samp, tc);
    vec4 color2 = color;
    ivec4 color_source = ivec4(color * 255);
    color = color*alpha;
    ivec4 colori = ivec4(color * 255);
    for(int i = 0; i < 3; ++i) {
        if(colori[i] >= 255)
            colori[i] = colori[i]%255;
        
        if(color_source[i] >= 255)
            color_source[i] = color_source[i]%255;
        
        colori[i] = colori[i] ^ color_source[i];
        color[i] = float(colori[i])/255;
    }
    
    for(int i = 0; i < 3; ++i)
        if(color[i] < 0.2) color[i] = color2[i];
}



================================================================================
[222] sheet.glsl
3D program: FAILED
2D program: FAILED

Compiler output:
[stderr] Error on Fragment compile
[stderr] Shader: ERROR: 0:2: '
[stderr] ' : #version directive must occur on the first line of the shader
[stderr] ERROR: 0:5: 'in' : storage qualifier supported in GLSL ES 3.00 and above only
[stderr] ERROR: 0:7: 'out' : storage qualifier supported in GLSL ES 3.00 and above only
[stderr] ERROR: 0:26: 'texture' : no matching overloaded function found
[stderr] ERROR: 0:26: '=' : dimension mismatch
[stderr] ERROR: 0:26: 'assign' : cannot convert from 'const mediump float' to 'out highp 4-component vector of float'
[stderr] ERROR: 0:27: '/' : wrong operand types - no operation '/' exists that takes a left-hand operand of type 'mediump 2-component vector of float' and a right operand of type 'const int' (or there is no acceptable conversion)
[stderr] ERROR: 0:30: '[' : array indexes for fragment outputs must be constant integral expressions
[stderr] ERROR: 0:30: '[' : array indexes for fragment outputs must be constant integral expressions
[stderr] Error on Fragment compile
[stderr] Shader: ERROR: 0:2: '
[stderr] ' : #version directive must occur on the first line of the shader
[stderr] ERROR: 0:5: 'in' : storage qualifier supported in GLSL ES 3.00 and above only
[stderr] ERROR: 0:7: 'out' : storage qualifier supported in GLSL ES 3.00 and above only
[stderr] ERROR: 0:26: 'texture' : no matching overloaded function found
[stderr] ERROR: 0:26: '=' : dimension mismatch
[stderr] ERROR: 0:26: 'assign' : cannot convert from 'const mediump float' to 'out highp 4-component vector of float'
[stderr] ERROR: 0:27: '/' : wrong operand types - no operation '/' exists that takes a left-hand operand of type 'mediump 2-component vector of float' and a right operand of type 'const int' (or there is no acceptable conversion)
[stderr] ERROR: 0:30: '[' : array indexes for fragment outputs must be constant integral expressions
[stderr] ERROR: 0:30: '[' : array indexes for fragment outputs must be constant integral expressions

Converted GLSL source:

#version 300 es
precision highp float;
precision highp int;
in vec2 TexCoord;
#define tc TexCoord
out vec4 color;
uniform float alpha_r;
uniform float alpha_g;
uniform float alpha_b;
uniform float alpha;
uniform vec4 optx;
uniform vec4 random_var;
uniform float alpha_value;
uniform mat4 mv_matrix;
uniform mat4 proj_matrix;
uniform sampler2D samp;
uniform float value_alpha_r, value_alpha_g, value_alpha_b;
uniform float index_value;
uniform float time_f;

uniform float restore_black;

void main(void)
{
    color = texture(samp, tc);
    vec2 start = gl_FragCoord.xy / 64;
    vec2 val = fract(start);
    for(int i = 0; i < 3; ++i) {
        color[i] += color[i]*(val[0]+val[1]);
    }
}



================================================================================
[223] shift.glsl
3D program: FAILED
2D program: FAILED

Compiler output:
[stderr] Error on Fragment compile
[stderr] Shader: ERROR: 0:53: '*' : wrong operand types - no operation '*' exists that takes a left-hand operand of type 'in highp 4-component vector of float' and a right operand of type 'const int' (or there is no acceptable conversion)
[stderr] ERROR: 0:57: '/' : wrong operand types - no operation '/' exists that takes a left-hand operand of type 'highp 4-component vector of int' and a right operand of type 'const float' (or there is no acceptable conversion)
[stderr] Error on Fragment compile
[stderr] Shader: ERROR: 0:53: '*' : wrong operand types - no operation '*' exists that takes a left-hand operand of type 'in highp 4-component vector of float' and a right operand of type 'const int' (or there is no acceptable conversion)
[stderr] ERROR: 0:57: '/' : wrong operand types - no operation '/' exists that takes a left-hand operand of type 'highp 4-component vector of int' and a right operand of type 'const float' (or there is no acceptable conversion)

Converted GLSL source:
#version 300 es
precision highp float;
precision highp int;

in vec2 TexCoord;
#define tc TexCoord
out vec4 color;

uniform sampler2D samp;
uniform float time_f;
uniform vec2 iResolution;

vec4 blur(sampler2D image, vec2 uv, vec2 resolution) {
    vec2 texelSize = 1.0 / resolution;
    vec4 result = vec4(0.0);
    float kernel[100];
    float kernelVals[100] = float[](0.5, 1.0, 1.5, 2.0, 2.5, 2.5, 2.0, 1.5, 1.0, 0.5,
                                    1.0, 2.0, 2.5, 3.0, 3.5, 3.5, 3.0, 2.5, 2.0, 1.0,
                                    1.5, 2.5, 3.0, 3.5, 4.0, 4.0, 3.5, 3.0, 2.5, 1.5,
                                    2.0, 3.0, 3.5, 4.0, 4.5, 4.5, 4.0, 3.5, 3.0, 2.0,
                                    2.5, 3.5, 4.0, 4.5, 5.0, 5.0, 4.5, 4.0, 3.5, 2.5,
                                    2.5, 3.5, 4.0, 4.5, 5.0, 5.0, 4.5, 4.0, 3.5, 2.5,
                                    2.0, 3.0, 3.5, 4.0, 4.5, 4.5, 4.0, 3.5, 3.0, 2.0,
                                    1.5, 2.5, 3.0, 3.5, 4.0, 4.0, 3.5, 3.0, 2.5, 1.5,
                                    1.0, 2.0, 2.5, 3.0, 3.5, 3.5, 3.0, 2.5, 2.0, 1.0,
                                    0.5, 1.0, 1.5, 2.0, 2.5, 2.5, 2.0, 1.5, 1.0, 0.5);
    
    for (int i = 0; i < 100; i++) {
        kernel[i] = kernelVals[i];
    }

    float kernelSum = 0.0;
    for (int i = 0; i < 100; i++) {
        kernelSum += kernel[i];
    }

    for (int x = -5; x <= 4; ++x) {
        for (int y = -5; y <= 4; ++y) {
            vec2 offset = vec2(float(x), float(y)) * texelSize;
            result += texture(image, uv + offset) * kernel[(y + 5) * 10 + (x + 5)];
        }
    }

    return result / kernelSum;
}

float pingPong(float x, float length) {
    float modVal = mod(x, length * 2.0);
    return modVal <= length ? modVal : length * 2.0 - modVal;
}

vec4 colorRotate(vec4 color) {
    ivec4 col = ivec4(color * 255);
    for(int i = 0; i < 3; ++i) {
        col[i] = col[i]%0xFF;
    }
    return vec4(col/255.0);
}

void main() {
    vec4 col = blur(samp, tc, iResolution);
    float value = pingPong(time_f, 10.0) + 2.0;
    color = colorRotate(col * value);
}


================================================================================
[224] shift_dark.glsl
3D program: FAILED
2D program: FAILED

Compiler output:
[stderr] Error on Fragment compile
[stderr] Shader: ERROR: 0:53: '*' : wrong operand types - no operation '*' exists that takes a left-hand operand of type 'in highp 4-component vector of float' and a right operand of type 'const int' (or there is no acceptable conversion)
[stderr] ERROR: 0:57: '/' : wrong operand types - no operation '/' exists that takes a left-hand operand of type 'highp 4-component vector of int' and a right operand of type 'const float' (or there is no acceptable conversion)
[stderr] Error on Fragment compile
[stderr] Shader: ERROR: 0:53: '*' : wrong operand types - no operation '*' exists that takes a left-hand operand of type 'in highp 4-component vector of float' and a right operand of type 'const int' (or there is no acceptable conversion)
[stderr] ERROR: 0:57: '/' : wrong operand types - no operation '/' exists that takes a left-hand operand of type 'highp 4-component vector of int' and a right operand of type 'const float' (or there is no acceptable conversion)

Converted GLSL source:
#version 300 es
precision highp float;
precision highp int;

in vec2 TexCoord;
#define tc TexCoord
out vec4 color;

uniform sampler2D samp;
uniform float time_f;
uniform vec2 iResolution;

vec4 blur(sampler2D image, vec2 uv, vec2 resolution) {
    vec2 texelSize = 1.0 / resolution;
    vec4 result = vec4(0.0);
    float kernel[100];
    float kernelVals[100] = float[](0.5, 1.0, 1.5, 2.0, 2.5, 2.5, 2.0, 1.5, 1.0, 0.5,
                                    1.0, 2.0, 2.5, 3.0, 3.5, 3.5, 3.0, 2.5, 2.0, 1.0,
                                    1.5, 2.5, 3.0, 3.5, 4.0, 4.0, 3.5, 3.0, 2.5, 1.5,
                                    2.0, 3.0, 3.5, 4.0, 4.5, 4.5, 4.0, 3.5, 3.0, 2.0,
                                    2.5, 3.5, 4.0, 4.5, 5.0, 5.0, 4.5, 4.0, 3.5, 2.5,
                                    2.5, 3.5, 4.0, 4.5, 5.0, 5.0, 4.5, 4.0, 3.5, 2.5,
                                    2.0, 3.0, 3.5, 4.0, 4.5, 4.5, 4.0, 3.5, 3.0, 2.0,
                                    1.5, 2.5, 3.0, 3.5, 4.0, 4.0, 3.5, 3.0, 2.5, 1.5,
                                    1.0, 2.0, 2.5, 3.0, 3.5, 3.5, 3.0, 2.5, 2.0, 1.0,
                                    0.5, 1.0, 1.5, 2.0, 2.5, 2.5, 2.0, 1.5, 1.0, 0.5);
    
    for (int i = 0; i < 100; i++) {
        kernel[i] = kernelVals[i];
    }

    float kernelSum = 0.0;
    for (int i = 0; i < 100; i++) {
        kernelSum += kernel[i];
    }

    for (int x = -5; x <= 4; ++x) {
        for (int y = -5; y <= 4; ++y) {
            vec2 offset = vec2(float(x), float(y)) * texelSize;
            result += texture(image, uv + offset) * kernel[(y + 5) * 10 + (x + 5)];
        }
    }

    return result / kernelSum;
}

float pingPong(float x, float length) {
    float modVal = mod(x, length * 2.0);
    return modVal <= length ? modVal : length * 2.0 - modVal;
}

vec4 colorRotate(vec4 color) {
    ivec4 col = ivec4(color * 255);
    for(int i = 0; i < 3; ++i) {
        col[i] = col[i]%0xFF;
    }
    return vec4(col/255.0);
}

void main() {
    vec4 col = blur(samp, tc, iResolution);
    float value = pingPong(time_f, 10.0) + 2.0;
    float time_t =  pingPong(time_f, 7.0) + 2.0;
    color = sin(colorRotate(col * value) * time_t);
    color.a = 1.0;
}



================================================================================
[225] sin.glsl
3D program: FAILED
2D program: FAILED

Compiler output:
[stderr] Error on Fragment compile
[stderr] Shader: ERROR: 0:29: '[' : array indexes for fragment outputs must be constant integral expressions
[stderr] ERROR: 0:29: '[' : array indexes for fragment outputs must be constant integral expressions
[stderr] ERROR: 0:33: '[' : array indexes for fragment outputs must be constant integral expressions
[stderr] ERROR: 0:33: '*' : wrong operand types - no operation '*' exists that takes a left-hand operand of type 'const int' and a right operand of type 'highp float' (or there is no acceptable conversion)
[stderr] ERROR: 0:36: '[' : array indexes for fragment outputs must be constant integral expressions
[stderr] ERROR: 0:36: '/' : wrong operand types - no operation '/' exists that takes a left-hand operand of type 'highp float' and a right operand of type 'const int' (or there is no acceptable conversion)
[stderr] Error on Fragment compile
[stderr] Shader: ERROR: 0:29: '[' : array indexes for fragment outputs must be constant integral expressions
[stderr] ERROR: 0:29: '[' : array indexes for fragment outputs must be constant integral expressions
[stderr] ERROR: 0:33: '[' : array indexes for fragment outputs must be constant integral expressions
[stderr] ERROR: 0:33: '*' : wrong operand types - no operation '*' exists that takes a left-hand operand of type 'const int' and a right operand of type 'highp float' (or there is no acceptable conversion)
[stderr] ERROR: 0:36: '[' : array indexes for fragment outputs must be constant integral expressions
[stderr] ERROR: 0:36: '/' : wrong operand types - no operation '/' exists that takes a left-hand operand of type 'highp float' and a right operand of type 'const int' (or there is no acceptable conversion)

Converted GLSL source:
#version 300 es
precision highp float;
precision highp int;
in vec2 TexCoord;
#define tc TexCoord
out vec4 color;
uniform float alpha_r;
uniform float alpha_g;
uniform float alpha_b;
in float timeval;
uniform float alpha;
uniform vec4 optx;
uniform vec4 random_var;
uniform float alpha_value;

uniform mat4 mv_matrix;
uniform mat4 proj_matrix;
uniform sampler2D samp;
uniform float value_alpha_r, value_alpha_g, value_alpha_b;
uniform float index_value;
uniform float time_f;

uniform float restore_black;

void main(void)
{
    color = texture(samp, tc);
    for(int i = 0; i < 3; ++i) {
        color[i] += sin(color[i] * timeval);
    }
    ivec3 int_color;
    for(int i = 0; i < 3; ++i) {
        int_color[i] = int(255 * color[i]);
        if(int_color[i] > 255)
            int_color[i] = int_color[i]%255;
        color[i] = float(int_color[i])/255;
    }
}



================================================================================
[226] snake_dir.glsl
3D program: FAILED
2D program: FAILED

Compiler output:
[stderr] Error on Fragment compile
[stderr] Shader: ERROR: 0:2: '
[stderr] ' : #version directive must occur on the first line of the shader
[stderr] ERROR: 0:5: 'out' : storage qualifier supported in GLSL ES 3.00 and above only
[stderr] ERROR: 0:6: 'in' : storage qualifier supported in GLSL ES 3.00 and above only
[stderr] ERROR: 0:18: 'texture' : no matching overloaded function found
[stderr] ERROR: 0:18: '=' : dimension mismatch
[stderr] ERROR: 0:18: '=' : cannot convert from 'const mediump float' to 'highp 4-component vector of float'
[stderr] ERROR: 0:26: 'texture' : no matching overloaded function found
[stderr] ERROR: 0:26: '=' : dimension mismatch
[stderr] ERROR: 0:26: '=' : cannot convert from 'const mediump float' to 'highp 4-component vector of float'
[stderr] ERROR: 0:31: 'mod' : no matching overloaded function found
[stderr] Error on Fragment compile
[stderr] Shader: ERROR: 0:2: '
[stderr] ' : #version directive must occur on the first line of the shader
[stderr] ERROR: 0:5: 'out' : storage qualifier supported in GLSL ES 3.00 and above only
[stderr] ERROR: 0:6: 'in' : storage qualifier supported in GLSL ES 3.00 and above only
[stderr] ERROR: 0:18: 'texture' : no matching overloaded function found
[stderr] ERROR: 0:18: '=' : dimension mismatch
[stderr] ERROR: 0:18: '=' : cannot convert from 'const mediump float' to 'highp 4-component vector of float'
[stderr] ERROR: 0:26: 'texture' : no matching overloaded function found
[stderr] ERROR: 0:26: '=' : dimension mismatch
[stderr] ERROR: 0:26: '=' : cannot convert from 'const mediump float' to 'highp 4-component vector of float'
[stderr] ERROR: 0:31: 'mod' : no matching overloaded function found

Converted GLSL source:

#version 300 es
precision highp float;
precision highp int;
out vec4 color;
in vec2 TexCoord;
#define tc TexCoord

uniform sampler2D samp;
uniform float time_f;
uniform vec2 iResolution;
uniform float alpha;

vec4 snake1() {
    vec2 uv = tc * iResolution;
    float wave = sin(uv.x * 0.05 + time_f * 2.0) * 0.05;
    vec2 shiftedUV = vec2(uv.x, uv.y + wave * iResolution.y);
    vec4 texColor = texture(samp, shiftedUV / iResolution);
    return texColor;
}

vec4 snake2() {
    vec2 uv = tc * iResolution;
    float wave = sin(uv.y * 0.05 + time_f * 2.0) * 0.05;
    vec2 shiftedUV = vec2(uv.x + wave * iResolution.x, uv.y);
    vec4 texColor = texture(samp, shiftedUV / iResolution);
    return texColor;
}

void main(void) {
    float time_t = mod(time_f, 10);
    color = sin(mix(snake1(), snake2(), 0.5) * (alpha * time_t));
    color.a = 1.0;
}


================================================================================
[227] source_strobe.glsl
3D program: FAILED
2D program: FAILED

Compiler output:
[stderr] Error on Fragment compile
[stderr] Shader: ERROR: 0:29: '[' : array indexes for fragment outputs must be constant integral expressions
[stderr] ERROR: 0:29: '*' : wrong operand types - no operation '*' exists that takes a left-hand operand of type 'const int' and a right operand of type 'highp float' (or there is no acceptable conversion)
[stderr] ERROR: 0:44: '[' : array indexes for fragment outputs must be constant integral expressions
[stderr] ERROR: 0:44: '*' : wrong operand types - no operation '*' exists that takes a left-hand operand of type 'const int' and a right operand of type 'highp float' (or there is no acceptable conversion)
[stderr] ERROR: 0:48: '[' : array indexes for fragment outputs must be constant integral expressions
[stderr] ERROR: 0:48: '/' : wrong operand types - no operation '/' exists that takes a left-hand operand of type 'highp float' and a right operand of type 'const int' (or there is no acceptable conversion)
[stderr] Error on Fragment compile
[stderr] Shader: ERROR: 0:29: '[' : array indexes for fragment outputs must be constant integral expressions
[stderr] ERROR: 0:29: '*' : wrong operand types - no operation '*' exists that takes a left-hand operand of type 'const int' and a right operand of type 'highp float' (or there is no acceptable conversion)
[stderr] ERROR: 0:44: '[' : array indexes for fragment outputs must be constant integral expressions
[stderr] ERROR: 0:44: '*' : wrong operand types - no operation '*' exists that takes a left-hand operand of type 'const int' and a right operand of type 'highp float' (or there is no acceptable conversion)
[stderr] ERROR: 0:48: '[' : array indexes for fragment outputs must be constant integral expressions
[stderr] ERROR: 0:48: '/' : wrong operand types - no operation '/' exists that takes a left-hand operand of type 'highp float' and a right operand of type 'const int' (or there is no acceptable conversion)

Converted GLSL source:
#version 300 es
precision highp float;
precision highp int;
in vec2 TexCoord;
#define tc TexCoord
out vec4 color;
uniform float alpha_r;
uniform float alpha_g;
uniform float alpha_b;
uniform float alpha;
uniform vec4 optx;
in vec4 random_value;
uniform vec4 random_var;
uniform float alpha_value;
uniform mat4 mv_matrix;
uniform mat4 proj_matrix;
uniform sampler2D samp;
uniform float value_alpha_r, value_alpha_g, value_alpha_b;
uniform float index_value;
uniform float time_f;

uniform float restore_black;

void main(void)
{
    color = texture(samp, tc);
    ivec3 source;
    for(int i = 0; i < 3; ++i) {
        source[i] = int(255 * color[i]);
    }

    ivec4 r;
    for(int i = 0; i < 3; ++i) {
        r[i] = int(random_value[i]);
        source[i] = ((source[i]/2)*r[i])/12;
    }
    
    color[0] = tc[0]*color[0];
    color[1] = tc[1]*color[1];
    color[2] = tc[1]*color[2];
    
    ivec3 int_color;
    for(int i = 0; i < 3; ++i) {
        int_color[i] = int(255 * color[i]);
        int_color[i] = int_color[i]^source[i];
        if(int_color[i] > 255)
            int_color[i] = int_color[i]%255;
        color[i] = float(int_color[i])/255;
    }
}


================================================================================
[228] spiral_mirror_wave.glsl
3D program: FAILED
2D program: FAILED

Compiler output:
[stderr] Error on Fragment compile
[stderr] Shader: ERROR: 0:26: 'mod' : no matching overloaded function found
[stderr] Error on Fragment compile
[stderr] Shader: ERROR: 0:26: 'mod' : no matching overloaded function found

Converted GLSL source:
#version 300 es
precision highp float;
precision highp int;

out vec4 color;
in vec2 TexCoord;
#define tc TexCoord

uniform sampler2D samp;
uniform vec2 iResolution;
uniform float time_f;

void main(void) {
    vec2 normCoord = (tc * 2.0 - 1.0) * vec2(iResolution.x / iResolution.y, 1.0);
    normCoord.x = abs(normCoord.x);
    float dist = length(normCoord);
    float angle = atan(normCoord.y, normCoord.x);
    float spiralAmount = time_f;
    angle += spiralAmount;
    dist = mix(dist, 1.0 - dist, sin(spiralAmount * 0.5));
    vec2 spiralCoord = vec2(cos(angle), sin(angle)) * dist;
    float scale = 1.0 + sin(spiralAmount * 0.2) * 0.5;
    spiralCoord *= scale;
    spiralCoord = (spiralCoord / vec2(iResolution.x / iResolution.y, 1.0) + 1.0) / 2.0;

    float time_t = mod(time_f, 100);
    float waveScale = time_t;
    float speed = 16.0;
    float offset = sin(time_f * speed + spiralCoord.x * waveScale) * 0.05;
    vec2 tcOffset = vec2(spiralCoord.x, spiralCoord.y + offset);

    color = texture(samp, tcOffset);
}


================================================================================
[229] square_grid.glsl
3D program: FAILED
2D program: FAILED

Compiler output:
[stderr] Error on Fragment compile
[stderr] Shader: ERROR: 0:14: '*' : wrong operand types - no operation '*' exists that takes a left-hand operand of type 'in highp 4-component vector of float' and a right operand of type 'const int' (or there is no acceptable conversion)
[stderr] ERROR: 0:16: '*' : wrong operand types - no operation '*' exists that takes a left-hand operand of type 'const int' and a right operand of type 'highp float' (or there is no acceptable conversion)
[stderr] ERROR: 0:20: '/' : wrong operand types - no operation '/' exists that takes a left-hand operand of type 'highp float' and a right operand of type 'const int' (or there is no acceptable conversion)
[stderr] Error on Fragment compile
[stderr] Shader: ERROR: 0:14: '*' : wrong operand types - no operation '*' exists that takes a left-hand operand of type 'in highp 4-component vector of float' and a right operand of type 'const int' (or there is no acceptable conversion)
[stderr] ERROR: 0:16: '*' : wrong operand types - no operation '*' exists that takes a left-hand operand of type 'const int' and a right operand of type 'highp float' (or there is no acceptable conversion)
[stderr] ERROR: 0:20: '/' : wrong operand types - no operation '/' exists that takes a left-hand operand of type 'highp float' and a right operand of type 'const int' (or there is no acceptable conversion)

Converted GLSL source:
#version 300 es
precision highp float;
precision highp int;

in vec2 TexCoord;
#define tc TexCoord
out vec4 color;

uniform sampler2D samp;
uniform float time_f;

vec4 xor_RGB(vec4 icolor, vec4 source) {
    ivec3 int_color;
    ivec4 isource = ivec4(source * 255);
    for(int i = 0; i < 3; ++i) {
        int_color[i] = int(255 * icolor[i]);
        int_color[i] = int_color[i]^isource[i];
        if(int_color[i] > 255)
            int_color[i] = int_color[i]%255;
        icolor[i] = float(int_color[i])/255;
    }
    icolor.a = 1.0;
return icolor;
}

vec4 randomColor(ivec2 cell_coord) {
    int n = cell_coord.x + cell_coord.y * 10 + int(time_f);
    n = (n << 13) ^ n;
    n = (n * (n * n * 15731 + 789221) + 1376312589) & 0x7fffffff;
    return vec4(float((n & 0xFF0000) >> 16) / 255.0,
                float((n & 0x00FF00) >> 8) / 255.0,
                float(n & 0x0000FF) / 255.0,
                1.0);
}

void main(void) {
    int grid_size = 10;
    float cell_size = 1.0 / float(grid_size);
    ivec2 cell_coord = ivec2(floor(tc.x * float(grid_size)), floor(tc.y * float(grid_size)));
    vec2 cell_center = (vec2(cell_coord) + 0.5) * cell_size;
    vec2 offset = tc - cell_center;
    float border = 0.05 * cell_size;
    if (abs(offset.x) < border || abs(offset.y) < border) {
        color = vec4(0, 0, 0, 1);
    } else {
        vec4 rand_color = randomColor(cell_coord);
        color = xor_RGB(texture(samp, tc), rand_color);
    }
}


================================================================================
[230] square_grid2.glsl
3D program: FAILED
2D program: FAILED

Compiler output:
[stderr] Error on Fragment compile
[stderr] Shader: ERROR: 0:14: '*' : wrong operand types - no operation '*' exists that takes a left-hand operand of type 'in highp 4-component vector of float' and a right operand of type 'const int' (or there is no acceptable conversion)
[stderr] ERROR: 0:16: '*' : wrong operand types - no operation '*' exists that takes a left-hand operand of type 'const int' and a right operand of type 'highp float' (or there is no acceptable conversion)
[stderr] ERROR: 0:20: '/' : wrong operand types - no operation '/' exists that takes a left-hand operand of type 'highp float' and a right operand of type 'const int' (or there is no acceptable conversion)
[stderr] Error on Fragment compile
[stderr] Shader: ERROR: 0:14: '*' : wrong operand types - no operation '*' exists that takes a left-hand operand of type 'in highp 4-component vector of float' and a right operand of type 'const int' (or there is no acceptable conversion)
[stderr] ERROR: 0:16: '*' : wrong operand types - no operation '*' exists that takes a left-hand operand of type 'const int' and a right operand of type 'highp float' (or there is no acceptable conversion)
[stderr] ERROR: 0:20: '/' : wrong operand types - no operation '/' exists that takes a left-hand operand of type 'highp float' and a right operand of type 'const int' (or there is no acceptable conversion)

Converted GLSL source:
#version 300 es
precision highp float;
precision highp int;

in vec2 TexCoord;
#define tc TexCoord
out vec4 color;

uniform sampler2D samp;
uniform float time_f;

vec4 xor_RGB(vec4 icolor, vec4 source) {
    ivec3 int_color;
    ivec4 isource = ivec4(source * 255);
    for(int i = 0; i < 3; ++i) {
        int_color[i] = int(255 * icolor[i]);
        int_color[i] = int_color[i]^isource[i];
        if(int_color[i] > 255)
            int_color[i] = int_color[i]%255;
        icolor[i] = float(int_color[i])/255;
    }
    icolor.a = 1.0;
return icolor;
}

vec4 randomColor(ivec2 cell_coord) {
    int n = cell_coord.x + cell_coord.y * 10 + int(time_f);
    n = (n << 13) ^ n;
    n = (n * (n * n * 15731 + 789221) + 1376312589) & 0x7fffffff;
    return vec4(float((n & 0xFF0000) >> 16) / 255.0,
                float((n & 0x00FF00) >> 8) / 255.0,
                float(n & 0x0000FF) / 255.0,
                1.0);
}

void main(void) {
    int grid_size = 10;
    float cell_size = 1.0 / float(grid_size);
    ivec2 cell_coord = ivec2(floor(tc.x * float(grid_size)), floor(tc.y * float(grid_size)));
    vec2 cell_center = (vec2(cell_coord) + 0.5) * cell_size;
    vec2 offset = tc - cell_center;
    float border = 0.05 * cell_size;
    if (abs(offset.x) < border || abs(offset.y) < border) {
        color = vec4(0, 0, 0, 1);
    } else {
        vec4 rand_color = sin(randomColor(cell_coord) * time_f);
        color = xor_RGB(texture(samp, tc), rand_color);
    }
}


================================================================================
[231] squares.glsl
3D program: FAILED
2D program: FAILED

Compiler output:
[stderr] Error on Fragment compile
[stderr] Shader: ERROR: 0:30: '[' : array indexes for fragment outputs must be constant integral expressions
[stderr] ERROR: 0:30: '*' : wrong operand types - no operation '*' exists that takes a left-hand operand of type 'const int' and a right operand of type 'highp float' (or there is no acceptable conversion)
[stderr] ERROR: 0:39: '[' : array indexes for fragment outputs must be constant integral expressions
[stderr] ERROR: 0:39: '*' : wrong operand types - no operation '*' exists that takes a left-hand operand of type 'const int' and a right operand of type 'highp float' (or there is no acceptable conversion)
[stderr] ERROR: 0:43: '[' : array indexes for fragment outputs must be constant integral expressions
[stderr] ERROR: 0:43: '/' : wrong operand types - no operation '/' exists that takes a left-hand operand of type 'highp float' and a right operand of type 'const int' (or there is no acceptable conversion)
[stderr] Error on Fragment compile
[stderr] Shader: ERROR: 0:30: '[' : array indexes for fragment outputs must be constant integral expressions
[stderr] ERROR: 0:30: '*' : wrong operand types - no operation '*' exists that takes a left-hand operand of type 'const int' and a right operand of type 'highp float' (or there is no acceptable conversion)
[stderr] ERROR: 0:39: '[' : array indexes for fragment outputs must be constant integral expressions
[stderr] ERROR: 0:39: '*' : wrong operand types - no operation '*' exists that takes a left-hand operand of type 'const int' and a right operand of type 'highp float' (or there is no acceptable conversion)
[stderr] ERROR: 0:43: '[' : array indexes for fragment outputs must be constant integral expressions
[stderr] ERROR: 0:43: '/' : wrong operand types - no operation '/' exists that takes a left-hand operand of type 'highp float' and a right operand of type 'const int' (or there is no acceptable conversion)

Converted GLSL source:
#version 300 es
precision highp float;
precision highp int;
in vec2 TexCoord;
#define tc TexCoord
out vec4 color;
uniform float alpha_r;
uniform float alpha_g;
uniform float alpha_b;
in float timeval;
uniform float alpha;
in vec3 vpos;
uniform vec4 optx;
uniform vec4 random_var;
uniform float alpha_value;
uniform mat4 mv_matrix;
uniform mat4 proj_matrix;
uniform sampler2D samp;
uniform float value_alpha_r, value_alpha_g, value_alpha_b;
uniform float index_value;
uniform float time_f;

uniform float restore_black;

void main(void)
{
    color = texture(samp, tc);
    ivec3 source;
    for(int i = 0; i < 3; ++i) {
        source[i] = int(255 * color[i]);
    }

    color[0] += alpha*(color[0]*(timeval * tc[0]*vpos.x));
    color[1] += alpha*(color[1]*(timeval * tc[1]*vpos.y));
    color[2] += alpha*(color[2]*(timeval * tc[0]*(vpos.x*vpos.y)));
    
    ivec3 int_color;
    for(int i = 0; i < 3; ++i) {
        int_color[i] = int(255 * color[i]);
        int_color[i] = int_color[i]^source[i];
        if(int_color[i] > 255)
            int_color[i] = int_color[i]%255;
        color[i] = float(int_color[i])/255;
    }
}



================================================================================
[232] star.glsl
3D program: FAILED
2D program: FAILED

Compiler output:
[stderr] Linking failed...
[stderr] Program: FRAGMENT varying iResolution_ does not match any VERTEX varying
[stderr] Linking failed...
[stderr] Program: FRAGMENT varying iResolution_ does not match any VERTEX varying

Converted GLSL source:
#version 300 es
precision highp float;
precision highp int;
in vec2 TexCoord;
#define tc TexCoord
out vec4 color;
uniform vec2 iResolution;
in vec2 iResolution_;
in float timeval;
uniform sampler2D samp;
uniform float alpha;

void main() {
    float time = timeval;
    vec2 resolution = iResolution_;
    vec2 uv = gl_FragCoord.xy / resolution.xy;
    uv = uv * 2.0 - 1.0;
    uv.x *= resolution.x / resolution.y;
    float angleRotation = time;
    float cosA = cos(angleRotation);
    float sinA = sin(angleRotation);
    mat2 rotationMat = mat2(cosA, -sinA, sinA, cosA);
    uv = rotationMat * uv;
    float radius = length(uv);
    float angle = atan(uv.y, uv.x);
    angle = mod(angle, 2.0 * 3.14159 / 5.0);
    float sharpness = 0.5;
    bool inStar = radius < (cos(sharpness) / cos(angle - sharpness));
    
    if (inStar) {
        color = texture(samp, tc);
        color = color * (alpha * 0.5);
    } else {
        color = texture(samp, tc);
    }
}


================================================================================
[233] star5.glsl
3D program: FAILED
2D program: FAILED

Compiler output:
[stderr] Error on Fragment compile
[stderr] Shader: ERROR: 0:31: 'mod' : no matching overloaded function found
[stderr] Error on Fragment compile
[stderr] Shader: ERROR: 0:31: 'mod' : no matching overloaded function found

Converted GLSL source:
#version 300 es
precision highp float;
precision highp int;
out vec4 color;
in vec2 TexCoord;
#define tc TexCoord

uniform sampler2D samp;
uniform vec2 iResolution;
uniform float time_f;

void main(void) {
    vec2 uv = tc * iResolution / vec2(iResolution.y);
    vec2 center = vec2(0.5, 0.5) * iResolution / vec2(iResolution.y);
    vec2 pos = (uv - center) * 2.0;
    float angle = time_f;
    float cosA = cos(angle);
    float sinA = sin(angle);
    mat2 rotate = mat2(cosA, -sinA, sinA, cosA);
    pos = rotate * pos;
    float r = length(pos);
    float a = atan(pos.y, pos.x);
    float n = 5.0;
    float t = mod(a + 3.14159 / n, 2.0 * 3.14159 / n) * n / 2.0 / 3.14159;
    t = abs(t - 0.5);
    float starMask = smoothstep(0.02, 0.04, t + r * 0.5 - 0.3) * smoothstep(0.9, 0.7, r);
    vec4 texColor = texture(samp, tc);
    vec3 darkenedTexture = texColor.rgb * 0.5;
    vec3 finalColor = mix(darkenedTexture, texColor.rgb, starMask);

    float time_t = mod(time_f, 10);
    
    if(starMask < 0.5)
        color = texture(samp, sin(tc * cos(time_t *a )));
    else
        color = vec4(finalColor, 1.0);
}


================================================================================
[234] starX.glsl
3D program: FAILED
2D program: FAILED

Compiler output:
[stderr] Error on Fragment compile
[stderr] Shader: ERROR: 0:26: 'mod' : no matching overloaded function found
[stderr] Error on Fragment compile
[stderr] Shader: ERROR: 0:26: 'mod' : no matching overloaded function found

Converted GLSL source:
#version 300 es
precision highp float;
precision highp int;
out vec4 color;
in vec2 TexCoord;
#define tc TexCoord

uniform sampler2D samp;
uniform vec2 iResolution;
uniform float time_f;

void main(void) {
    vec2 uv = tc * iResolution / vec2(iResolution.y);
    vec2 center = vec2(0.5, 0.5) * iResolution / vec2(iResolution.y);
    vec2 pos = (uv - center) * 2.0;
    float angle = time_f;
    float cosA = cos(angle);
    float sinA = sin(angle);
    mat2 rotate = mat2(cosA, -sinA, sinA, cosA);
    pos = rotate * pos;
    float r = length(pos);
    float a = atan(pos.y, pos.x);
    float n = 5.0;
    float t = mod(a + 3.14159 / n, 2.0 * 3.14159 / n) * n / 2.0 / 3.14159;
    t = abs(t - 0.5);
    float time_t = mod(time_f, 10);
    //color = texture(samp, sin(tc * cos(time_t *a )));
    color = texture(samp, sin(tc * t));
}


================================================================================
[235] starX2.glsl
3D program: FAILED
2D program: FAILED

Compiler output:
[stderr] Error on Fragment compile
[stderr] Shader: ERROR: 0:26: 'mod' : no matching overloaded function found
[stderr] Error on Fragment compile
[stderr] Shader: ERROR: 0:26: 'mod' : no matching overloaded function found

Converted GLSL source:
#version 300 es
precision highp float;
precision highp int;
out vec4 color;
in vec2 TexCoord;
#define tc TexCoord

uniform sampler2D samp;
uniform vec2 iResolution;
uniform float time_f;

void main(void) {
    vec2 uv = tc * iResolution / vec2(iResolution.y);
    vec2 center = vec2(0.5, 0.5) * iResolution / vec2(iResolution.y);
    vec2 pos = (uv - center) * 2.0;
    float angle = time_f;
    float cosA = cos(angle);
    float sinA = sin(angle);
    mat2 rotate = mat2(cosA, -sinA, sinA, cosA);
    pos = rotate * pos;
    float r = length(pos);
    float a = atan(pos.y, pos.x);
    float n = 5.0;
    float t = mod(a + 3.14159 / n, 2.0 * 3.14159 / n) * n / 2.0 / 3.14159;
    t = abs(t - 0.5);
    float time_t = mod(time_f, 10);
    color = texture(samp, sin(tc * cos(time_t *a )));
    //color = texture(samp, sin(tc * t));
}


================================================================================
[236] starX3.glsl
3D program: FAILED
2D program: FAILED

Compiler output:
[stderr] Error on Fragment compile
[stderr] Shader: ERROR: 0:26: 'mod' : no matching overloaded function found
[stderr] Error on Fragment compile
[stderr] Shader: ERROR: 0:26: 'mod' : no matching overloaded function found

Converted GLSL source:
#version 300 es
precision highp float;
precision highp int;
out vec4 color;
in vec2 TexCoord;
#define tc TexCoord

uniform sampler2D samp;
uniform vec2 iResolution;
uniform float time_f;

void main(void) {
    vec2 uv = tc * iResolution / vec2(iResolution.y);
    vec2 center = vec2(0.5, 0.5) * iResolution / vec2(iResolution.y);
    vec2 pos = (uv - center) * 2.0;
    float angle = time_f;
    float cosA = cos(angle);
    float sinA = sin(angle);
    mat2 rotate = mat2(cosA, -sinA, sinA, cosA);
    pos = rotate * pos;
    float r = length(pos);
    float a = atan(pos.y, pos.x);
    float n = 5.0;
    float t = mod(a + 3.14159 / n, 2.0 * 3.14159 / n) * n / 2.0 / 3.14159;
    t = abs(t - 0.5);
    float time_t = mod(time_f, 10);
    color = texture(samp, tc * r * time_t * t); //vec2(tc[0] * time_t * r, tc[1] * time_t * t));
    //color = texture(samp, sin(tc * t));
}


================================================================================
[237] strobe.glsl
3D program: FAILED
2D program: FAILED

Compiler output:
[stderr] Error on Fragment compile
[stderr] Shader: ERROR: 0:2: '
[stderr] ' : #version directive must occur on the first line of the shader
[stderr] ERROR: 0:5: 'in' : storage qualifier supported in GLSL ES 3.00 and above only
[stderr] ERROR: 0:7: 'out' : storage qualifier supported in GLSL ES 3.00 and above only
[stderr] ERROR: 0:26: 'texture' : no matching overloaded function found
[stderr] ERROR: 0:26: '=' : dimension mismatch
[stderr] ERROR: 0:26: 'assign' : cannot convert from 'const mediump float' to 'out highp 4-component vector of float'
[stderr] Error on Fragment compile
[stderr] Shader: ERROR: 0:2: '
[stderr] ' : #version directive must occur on the first line of the shader
[stderr] ERROR: 0:5: 'in' : storage qualifier supported in GLSL ES 3.00 and above only
[stderr] ERROR: 0:7: 'out' : storage qualifier supported in GLSL ES 3.00 and above only
[stderr] ERROR: 0:26: 'texture' : no matching overloaded function found
[stderr] ERROR: 0:26: '=' : dimension mismatch
[stderr] ERROR: 0:26: 'assign' : cannot convert from 'const mediump float' to 'out highp 4-component vector of float'

Converted GLSL source:

#version 300 es
precision highp float;
precision highp int;
in vec2 TexCoord;
#define tc TexCoord
out vec4 color;
uniform float alpha_r;
uniform float alpha_g;
uniform float alpha_b;
uniform float alpha;
uniform vec4 optx;
uniform vec4 random_var;
uniform float alpha_value;
uniform mat4 mv_matrix;
uniform mat4 proj_matrix;
uniform sampler2D samp;
uniform float value_alpha_r, value_alpha_g, value_alpha_b;
uniform float index_value;
uniform float time_f;

uniform float restore_black;

void main(void)
{
    color = texture(samp, tc);
    
    color[0] = color[0] * color[0]/alpha_r;
    color[1] = color[1] * color[1]/alpha_g;
    color[2] = color[2] * color[2]/alpha_b;
}



================================================================================
[238] strobe_colors.glsl
3D program: FAILED
2D program: FAILED

Compiler output:
[stderr] Error on Fragment compile
[stderr] Shader: ERROR: 0:26: '*' : wrong operand types - no operation '*' exists that takes a left-hand operand of type 'const int' and a right operand of type 'highp float' (or there is no acceptable conversion)
[stderr] ERROR: 0:30: '/' : wrong operand types - no operation '/' exists that takes a left-hand operand of type 'highp float' and a right operand of type 'const int' (or there is no acceptable conversion)
[stderr] Error on Fragment compile
[stderr] Shader: ERROR: 0:26: '*' : wrong operand types - no operation '*' exists that takes a left-hand operand of type 'const int' and a right operand of type 'highp float' (or there is no acceptable conversion)
[stderr] ERROR: 0:30: '/' : wrong operand types - no operation '/' exists that takes a left-hand operand of type 'highp float' and a right operand of type 'const int' (or there is no acceptable conversion)

Converted GLSL source:
#version 300 es
precision highp float;
precision highp int;
in vec2 TexCoord;
#define tc TexCoord
out vec4 color;
uniform float alpha_r;
uniform float alpha_g;
uniform float alpha_b;
in float timeval;
uniform float alpha;
uniform vec4 optx;
uniform vec4 random_var;
uniform float alpha_value;
uniform mat4 mv_matrix;
uniform mat4 proj_matrix;
uniform sampler2D samp;
uniform float value_alpha_r, value_alpha_g, value_alpha_b;
uniform float index_value;
uniform float time_f;
uniform float restore_black;

vec4 xor_RGB(vec4 icolor, ivec4 isource) {
    ivec3 int_color;
    for(int i = 0; i < 3; ++i) {
        int_color[i] = int(255 * icolor[i]);
        int_color[i] = int_color[i]^isource[i];
        if(int_color[i] > 255)
            int_color[i] = int_color[i]%255;
        icolor[i] = float(int_color[i])/255;
    }
    icolor.a = 1.0;
return icolor;
}

void main(void)
{
    color = texture(samp, tc);
    color[0] = color[0] * sin(fract(alpha * timeval));
    color[1] = color[1] * cos(fract(alpha * timeval));
    color[2] = color[2] * tan(fract(alpha * timeval));
}


================================================================================
[239] strobe_in_out.glsl
3D program: FAILED
2D program: FAILED

Compiler output:
[stderr] Error on Fragment compile
[stderr] Shader: ERROR: 0:2: '
[stderr] ' : #version directive must occur on the first line of the shader
[stderr] ERROR: 0:5: 'in' : storage qualifier supported in GLSL ES 3.00 and above only
[stderr] ERROR: 0:7: 'out' : storage qualifier supported in GLSL ES 3.00 and above only
[stderr] ERROR: 0:11: 'in' : storage qualifier supported in GLSL ES 3.00 and above only
[stderr] ERROR: 0:28: 'texture' : no matching overloaded function found
[stderr] ERROR: 0:28: '=' : dimension mismatch
[stderr] ERROR: 0:28: 'assign' : cannot convert from 'const mediump float' to 'out highp 4-component vector of float'
[stderr] ERROR: 0:31: '[' : array indexes for fragment outputs must be constant integral expressions
[stderr] ERROR: 0:31: '*' : wrong operand types - no operation '*' exists that takes a left-hand operand of type 'const int' and a right operand of type 'highp float' (or there is no acceptable conversion)
[stderr] ERROR: 0:35: '<' : wrong operand types - no operation '<' exists that takes a left-hand operand of type 'highp float' and a right operand of type 'const int' (or there is no acceptable conversion)
[stderr] ERROR: 0:35: 'assign' : cannot convert from 'const int' to 'highp float'
[stderr] ERROR: 0:37: '^' : bit-wise operator supported in GLSL ES 3.00 and above only
[stderr] ERROR: 0:38: '[' : array indexes for fragment outputs must be constant integral expressions
[stderr] ERROR: 0:38: '/' : wrong operand types - no operation '/' exists that takes a left-hand operand of type 'highp float' and a right operand of type 'const int' (or there is no acceptable conversion)
[stderr] ERROR: 0:42: '[' : array indexes for fragment outputs must be constant integral expressions
[stderr] ERROR: 0:42: '*' : wrong operand types - no operation '*' exists that takes a left-hand operand of type 'const int' and a right operand of type 'highp float' (or there is no acceptable conversion)
[stderr] ERROR: 0:43: '^' : bit-wise operator supported in GLSL ES 3.00 and above only
[stderr] ERROR: 0:45: '%' : integer modulus operator supported in GLSL ES 3.00 and above only
[stderr] ERROR: 0:46: '[' : array indexes for fragment outputs must be constant integral expressions
[stderr] ERROR: 0:46: '/' : wrong operand types - no operation '/' exists that takes a left-hand operand of type 'highp float' and a right operand of type 'const int' (or there is no acceptable conversion)
[stderr] Error on Fragment compile
[stderr] Shader: ERROR: 0:2: '
[stderr] ' : #version directive must occur on the first line of the shader
[stderr] ERROR: 0:5: 'in' : storage qualifier supported in GLSL ES 3.00 and above only
[stderr] ERROR: 0:7: 'out' : storage qualifier supported in GLSL ES 3.00 and above only
[stderr] ERROR: 0:11: 'in' : storage qualifier supported in GLSL ES 3.00 and above only
[stderr] ERROR: 0:28: 'texture' : no matching overloaded function found
[stderr] ERROR: 0:28: '=' : dimension mismatch
[stderr] ERROR: 0:28: 'assign' : cannot convert from 'const mediump float' to 'out highp 4-component vector of float'
[stderr] ERROR: 0:31: '[' : array indexes for fragment outputs must be constant integral expressions
[stderr] ERROR: 0:31: '*' : wrong operand types - no operation '*' exists that takes a left-hand operand of type 'const int' and a right operand of type 'highp float' (or there is no acceptable conversion)
[stderr] ERROR: 0:35: '<' : wrong operand types - no operation '<' exists that takes a left-hand operand of type 'highp float' and a right operand of type 'const int' (or there is no acceptable conversion)
[stderr] ERROR: 0:35: 'assign' : cannot convert from 'const int' to 'highp float'
[stderr] ERROR: 0:37: '^' : bit-wise operator supported in GLSL ES 3.00 and above only
[stderr] ERROR: 0:38: '[' : array indexes for fragment outputs must be constant integral expressions
[stderr] ERROR: 0:38: '/' : wrong operand types - no operation '/' exists that takes a left-hand operand of type 'highp float' and a right operand of type 'const int' (or there is no acceptable conversion)
[stderr] ERROR: 0:42: '[' : array indexes for fragment outputs must be constant integral expressions
[stderr] ERROR: 0:42: '*' : wrong operand types - no operation '*' exists that takes a left-hand operand of type 'const int' and a right operand of type 'highp float' (or there is no acceptable conversion)
[stderr] ERROR: 0:43: '^' : bit-wise operator supported in GLSL ES 3.00 and above only
[stderr] ERROR: 0:45: '%' : integer modulus operator supported in GLSL ES 3.00 and above only
[stderr] ERROR: 0:46: '[' : array indexes for fragment outputs must be constant integral expressions
[stderr] ERROR: 0:46: '/' : wrong operand types - no operation '/' exists that takes a left-hand operand of type 'highp float' and a right operand of type 'const int' (or there is no acceptable conversion)

Converted GLSL source:

#version 300 es
precision highp float;
precision highp int;
in vec2 TexCoord;
#define tc TexCoord
out vec4 color;
uniform float alpha_r;
uniform float alpha_g;
uniform float alpha_b;
in float timeval;
uniform float alpha;
uniform vec4 optx;
uniform vec4 random_var;
uniform float alpha_value;

uniform mat4 mv_matrix;
uniform mat4 proj_matrix;
uniform sampler2D samp;
uniform float value_alpha_r, value_alpha_g, value_alpha_b;
uniform float index_value;
uniform float time_f;

uniform float restore_black;

void main(void)
{
    color = texture(samp, tc);
    ivec3 source;
    for(int i = 0; i < 3; ++i) {
        source[i] = int(255 * color[i]);
    }
    ivec3 values;
    float num_val = timeval * (alpha*alpha_r);
    if(num_val < 1) num_val = 1;
    for(int i = 0; i < 3; ++i) {
        values[i] = values[i]^int(num_val);
        color[i] = (float(values[i])/255)*alpha_g;
    }
    ivec3 int_color;
    for(int i = 0; i < 3; ++i) {
        int_color[i] = int(255 * color[i]);
        int_color[i] = int_color[i]^source[i];
        if(int_color[i] > 255)
            int_color[i] = int_color[i]%255;
        color[i] = float(int_color[i])/255;
    }
}



================================================================================
[240] strobe_x1.glsl
3D program: FAILED
2D program: FAILED

Compiler output:
[stderr] Error on Fragment compile
[stderr] Shader: ERROR: 0:29: '>=' : wrong operand types - no operation '>=' exists that takes a left-hand operand of type 'highp float' and a right operand of type 'const int' (or there is no acceptable conversion)
[stderr] ERROR: 0:37: '/' : wrong operand types - no operation '/' exists that takes a left-hand operand of type 'uniform highp float' and a right operand of type 'const int' (or there is no acceptable conversion)
[stderr] Error on Fragment compile
[stderr] Shader: ERROR: 0:29: '>=' : wrong operand types - no operation '>=' exists that takes a left-hand operand of type 'highp float' and a right operand of type 'const int' (or there is no acceptable conversion)
[stderr] ERROR: 0:37: '/' : wrong operand types - no operation '/' exists that takes a left-hand operand of type 'uniform highp float' and a right operand of type 'const int' (or there is no acceptable conversion)

Converted GLSL source:
#version 300 es
precision highp float;
precision highp int;
in vec2 TexCoord;
#define tc TexCoord
out vec4 color;
uniform float alpha_r;
uniform float alpha_g;
uniform float alpha_b;
in float timeval;
uniform float alpha;
uniform vec4 optx;
uniform vec4 random_var;
uniform float alpha_value;

uniform mat4 mv_matrix;
uniform mat4 proj_matrix;
uniform sampler2D samp;
uniform float value_alpha_r, value_alpha_g, value_alpha_b;
uniform float index_value;
uniform float time_f;

uniform float restore_black;

void main(void)
{
    color = texture(samp, tc);
    float value = fract(timeval);
    if(value >= 0 && value <= 0.3) {
        color[0] *= value;
    } else if (value >= 0.3 && value <= 0.6) {
        color[1] *= value;
    } else if(value >= 0.6 && value <= 1.0) {
        color[2] *= value;
    }
    
    color = color * (alpha/2);
}



================================================================================
[241] subtle_xor.glsl
3D program: FAILED
2D program: FAILED

Compiler output:
[stderr] Error on Fragment compile
[stderr] Shader: ERROR: 0:28: '[' : array indexes for fragment outputs must be constant integral expressions
[stderr] ERROR: 0:28: '*' : wrong operand types - no operation '*' exists that takes a left-hand operand of type 'const int' and a right operand of type 'highp float' (or there is no acceptable conversion)
[stderr] ERROR: 0:36: '[' : array indexes for fragment outputs must be constant integral expressions
[stderr] ERROR: 0:36: '*' : wrong operand types - no operation '*' exists that takes a left-hand operand of type 'const int' and a right operand of type 'highp float' (or there is no acceptable conversion)
[stderr] ERROR: 0:40: '[' : array indexes for fragment outputs must be constant integral expressions
[stderr] ERROR: 0:40: '/' : wrong operand types - no operation '/' exists that takes a left-hand operand of type 'highp float' and a right operand of type 'const int' (or there is no acceptable conversion)
[stderr] Error on Fragment compile
[stderr] Shader: ERROR: 0:28: '[' : array indexes for fragment outputs must be constant integral expressions
[stderr] ERROR: 0:28: '*' : wrong operand types - no operation '*' exists that takes a left-hand operand of type 'const int' and a right operand of type 'highp float' (or there is no acceptable conversion)
[stderr] ERROR: 0:36: '[' : array indexes for fragment outputs must be constant integral expressions
[stderr] ERROR: 0:36: '*' : wrong operand types - no operation '*' exists that takes a left-hand operand of type 'const int' and a right operand of type 'highp float' (or there is no acceptable conversion)
[stderr] ERROR: 0:40: '[' : array indexes for fragment outputs must be constant integral expressions
[stderr] ERROR: 0:40: '/' : wrong operand types - no operation '/' exists that takes a left-hand operand of type 'highp float' and a right operand of type 'const int' (or there is no acceptable conversion)

Converted GLSL source:
#version 300 es
precision highp float;
precision highp int;
in vec2 TexCoord;
#define tc TexCoord
out vec4 color;
uniform float alpha_r;
uniform float alpha_g;
uniform float alpha_b;
uniform float alpha;
uniform vec4 optx;
uniform vec4 random_var;
uniform float alpha_value;
uniform mat4 mv_matrix;
uniform mat4 proj_matrix;
uniform sampler2D samp;
uniform float value_alpha_r, value_alpha_g, value_alpha_b;
uniform float index_value;
uniform float time_f;

uniform float restore_black;

void main(void)
{
    color = texture(samp, tc);
    ivec3 source;
    for(int i = 0; i < 3; ++i) {
        source[i] = int(255 * color[i]);
    }
  
    vec4 color_s = sin(color);
    color = (color - color_s) * alpha_r;
    
    ivec3 int_color;
    for(int i = 0; i < 3; ++i) {
        int_color[i] = int(255 * color[i]);
        int_color[i] = int_color[i]^source[i];
        if(int_color[i] > 255)
            int_color[i] = int_color[i]%255;
        color[i] = float(int_color[i])/255;
    }
}



================================================================================
[242] sum.glsl
3D program: FAILED
2D program: FAILED

Compiler output:
[stderr] Error on Fragment compile
[stderr] Shader: ERROR: 0:14: '*' : wrong operand types - no operation '*' exists that takes a left-hand operand of type 'in highp 4-component vector of float' and a right operand of type 'const int' (or there is no acceptable conversion)
[stderr] ERROR: 0:16: '*' : wrong operand types - no operation '*' exists that takes a left-hand operand of type 'const int' and a right operand of type 'highp float' (or there is no acceptable conversion)
[stderr] ERROR: 0:20: '/' : wrong operand types - no operation '/' exists that takes a left-hand operand of type 'highp float' and a right operand of type 'const int' (or there is no acceptable conversion)
[stderr] Error on Fragment compile
[stderr] Shader: ERROR: 0:14: '*' : wrong operand types - no operation '*' exists that takes a left-hand operand of type 'in highp 4-component vector of float' and a right operand of type 'const int' (or there is no acceptable conversion)
[stderr] ERROR: 0:16: '*' : wrong operand types - no operation '*' exists that takes a left-hand operand of type 'const int' and a right operand of type 'highp float' (or there is no acceptable conversion)
[stderr] ERROR: 0:20: '/' : wrong operand types - no operation '/' exists that takes a left-hand operand of type 'highp float' and a right operand of type 'const int' (or there is no acceptable conversion)

Converted GLSL source:
#version 300 es
precision highp float;
precision highp int;

in vec2 TexCoord;
#define tc TexCoord
out vec4 color;
uniform sampler2D samp;
uniform float time_f;
uniform vec2 iResolution;

vec4 xor_RGB(vec4 icolor, vec4 source) {
    ivec3 int_color;
    ivec4 isource = ivec4(source * 255);
    for(int i = 0; i < 3; ++i) {
        int_color[i] = int(255 * icolor[i]);
        int_color[i] = int_color[i]^isource[i];
        if(int_color[i] > 255)
            int_color[i] = int_color[i]%255;
        icolor[i] = float(int_color[i])/255;
    }
    icolor.a = 1.0;
return icolor;
}

float pingPong(float x, float length) {
    float modVal = mod(x, length * 2.0);
    return modVal <= length ? modVal : length * 2.0 - modVal;
}

vec4 blur(sampler2D image, vec2 uv, vec2 resolution) {
    vec2 texelSize = 1.0 / resolution;
    vec4 result = vec4(0.0);
    float kernel[100];
    float kernelVals[100] = float[](0.5, 1.0, 1.5, 2.0, 2.5, 2.5, 2.0, 1.5, 1.0, 0.5,
                                    1.0, 2.0, 2.5, 3.0, 3.5, 3.5, 3.0, 2.5, 2.0, 1.0,
                                    1.5, 2.5, 3.0, 3.5, 4.0, 4.0, 3.5, 3.0, 2.5, 1.5,
                                    2.0, 3.0, 3.5, 4.0, 4.5, 4.5, 4.0, 3.5, 3.0, 2.0,
                                    2.5, 3.5, 4.0, 4.5, 5.0, 5.0, 4.5, 4.0, 3.5, 2.5,
                                    2.5, 3.5, 4.0, 4.5, 5.0, 5.0, 4.5, 4.0, 3.5, 2.5,
                                    2.0, 3.0, 3.5, 4.0, 4.5, 4.5, 4.0, 3.5, 3.0, 2.0,
                                    1.5, 2.5, 3.0, 3.5, 4.0, 4.0, 3.5, 3.0, 2.5, 1.5,
                                    1.0, 2.0, 2.5, 3.0, 3.5, 3.5, 3.0, 2.5, 2.0, 1.0,
                                    0.5, 1.0, 1.5, 2.0, 2.5, 2.5, 2.0, 1.5, 1.0, 0.5);
    
    for (int i = 0; i < 100; i++) {
        kernel[i] = kernelVals[i];
    }

    float kernelSum = 0.0;
    for (int i = 0; i < 100; i++) {
        kernelSum += kernel[i];
    }

    for (int x = -5; x <= 4; ++x) {
        for (int y = -5; y <= 4; ++y) {
            vec2 offset = vec2(float(x), float(y)) * texelSize;
            result += texture(image, uv + offset) * kernel[(y + 5) * 10 + (x + 5)];
        }
    }

    return result / kernelSum;
}

void main() {
    vec2 texelSize = 1.0 / iResolution;
    vec4 sum = texture(samp, tc) * 4.0;
    sum += texture(samp, tc + vec2(texelSize.x, 0.0));
    sum += texture(samp, tc - vec2(texelSize.x, 0.0));
    sum += texture(samp, tc + vec2(0.0, texelSize.y));
    sum += texture(samp, tc - vec2(0.0, texelSize.y));
    sum /= 8.0;

    float time_t = pingPong(time_f, 10.0) + 2.0;
    float time_x = pingPong(time_f, 5.0) + 2.0;
    vec4 b_tex = blur(samp, tc, iResolution);

    if (sum.r + sum.g + sum.b > 1.5) {
        color = mix(sin(b_tex * time_t), sin(sum * time_x), 0.5);
    } else {
        color = xor_RGB(sin(b_tex * time_t), sin(sum * time_x));
    }
}


================================================================================
[243] tan.glsl
3D program: FAILED
2D program: FAILED

Compiler output:
[stderr] Error on Fragment compile
[stderr] Shader: ERROR: 0:29: '[' : array indexes for fragment outputs must be constant integral expressions
[stderr] ERROR: 0:29: '[' : array indexes for fragment outputs must be constant integral expressions
[stderr] ERROR: 0:33: '[' : array indexes for fragment outputs must be constant integral expressions
[stderr] ERROR: 0:33: '*' : wrong operand types - no operation '*' exists that takes a left-hand operand of type 'const int' and a right operand of type 'highp float' (or there is no acceptable conversion)
[stderr] ERROR: 0:36: '[' : array indexes for fragment outputs must be constant integral expressions
[stderr] ERROR: 0:36: '/' : wrong operand types - no operation '/' exists that takes a left-hand operand of type 'highp float' and a right operand of type 'const int' (or there is no acceptable conversion)
[stderr] Error on Fragment compile
[stderr] Shader: ERROR: 0:29: '[' : array indexes for fragment outputs must be constant integral expressions
[stderr] ERROR: 0:29: '[' : array indexes for fragment outputs must be constant integral expressions
[stderr] ERROR: 0:33: '[' : array indexes for fragment outputs must be constant integral expressions
[stderr] ERROR: 0:33: '*' : wrong operand types - no operation '*' exists that takes a left-hand operand of type 'const int' and a right operand of type 'highp float' (or there is no acceptable conversion)
[stderr] ERROR: 0:36: '[' : array indexes for fragment outputs must be constant integral expressions
[stderr] ERROR: 0:36: '/' : wrong operand types - no operation '/' exists that takes a left-hand operand of type 'highp float' and a right operand of type 'const int' (or there is no acceptable conversion)

Converted GLSL source:
#version 300 es
precision highp float;
precision highp int;
in vec2 TexCoord;
#define tc TexCoord
out vec4 color;
uniform float alpha_r;
uniform float alpha_g;
uniform float alpha_b;
in float timeval;
uniform float alpha;
uniform vec4 optx;
uniform vec4 random_var;
uniform float alpha_value;

uniform mat4 mv_matrix;
uniform mat4 proj_matrix;
uniform sampler2D samp;
uniform float value_alpha_r, value_alpha_g, value_alpha_b;
uniform float index_value;
uniform float time_f;

uniform float restore_black;

void main(void)
{
    color = texture(samp, tc);
    for(int i = 0; i < 3; ++i) {
        color[i] += tan(color[i] * timeval);
    }
    ivec3 int_color;
    for(int i = 0; i < 3; ++i) {
        int_color[i] = int(255 * color[i]);
        if(int_color[i] > 255)
            int_color[i] = int_color[i]%255;
        color[i] = float(int_color[i])/255;
    }
}



================================================================================
[244] tearing_max.glsl
3D program: FAILED
2D program: FAILED

Compiler output:
[stderr] Error on Fragment compile
[stderr] Shader: ERROR: 0:2: '
[stderr] ' : #version directive must occur on the first line of the shader
[stderr] ERROR: 0:6: 'in' : storage qualifier supported in GLSL ES 3.00 and above only
[stderr] ERROR: 0:8: 'out' : storage qualifier supported in GLSL ES 3.00 and above only
[stderr] ERROR: 0:27: 'texture' : no matching overloaded function found
[stderr] ERROR: 0:27: '=' : dimension mismatch
[stderr] ERROR: 0:27: 'assign' : cannot convert from 'const mediump float' to 'out highp 4-component vector of float'
[stderr] Error on Fragment compile
[stderr] Shader: ERROR: 0:2: '
[stderr] ' : #version directive must occur on the first line of the shader
[stderr] ERROR: 0:6: 'in' : storage qualifier supported in GLSL ES 3.00 and above only
[stderr] ERROR: 0:8: 'out' : storage qualifier supported in GLSL ES 3.00 and above only
[stderr] ERROR: 0:27: 'texture' : no matching overloaded function found
[stderr] ERROR: 0:27: '=' : dimension mismatch
[stderr] ERROR: 0:27: 'assign' : cannot convert from 'const mediump float' to 'out highp 4-component vector of float'

Converted GLSL source:

#version 300 es
precision highp float;
precision highp int;

in vec2 TexCoord;
#define tc TexCoord
out vec4 color;
uniform sampler2D samp;
uniform float time_f;

void main(void) {
    float tear1 = sin(tc.x * 10.0 + time_f * 5.0) * 0.05;
    float tear2 = sin(tc.x * 20.0 + time_f * 7.0) * 0.03;
    float tear3 = sin(tc.x * 30.0 + time_f * 9.0) * 0.02;
    float tear4 = sin(tc.x * 40.0 + time_f * 11.0) * 0.015;
    float tear5 = sin(tc.x * 50.0 + time_f * 13.0) * 0.01;
    float tear6 = sin(tc.x * 60.0 + time_f * 15.0) * 0.007;
    float tear7 = sin(tc.x * 70.0 + time_f * 17.0) * 0.005;
    float tear8 = sin(tc.x * 80.0 + time_f * 19.0) * 0.003;
    float tear9 = sin(tc.x * 90.0 + time_f * 21.0) * 0.002;
    
    float combined_tear = tear1 + tear2 + tear3 + tear4 + tear5 + tear6 + tear7 + tear8 + tear9;
    
    vec2 new_tc = vec2(tc.x + combined_tear, tc.y + combined_tear);
    
    color = texture(samp, new_tc);
}


================================================================================
[245] texture_scale.glsl
3D program: FAILED
2D program: FAILED

Compiler output:
[stderr] Error on Fragment compile
[stderr] Shader: ERROR: 0:2: '
[stderr] ' : #version directive must occur on the first line of the shader
[stderr] ERROR: 0:5: 'in' : storage qualifier supported in GLSL ES 3.00 and above only
[stderr] ERROR: 0:7: 'out' : storage qualifier supported in GLSL ES 3.00 and above only
[stderr] ERROR: 0:24: 'in' : storage qualifier supported in GLSL ES 3.00 and above only
[stderr] ERROR: 0:38: 'texture' : no matching overloaded function found
[stderr] ERROR: 0:38: '=' : dimension mismatch
[stderr] ERROR: 0:38: 'assign' : cannot convert from 'const mediump float' to 'out highp 4-component vector of float'
[stderr] Error on Fragment compile
[stderr] Shader: ERROR: 0:2: '
[stderr] ' : #version directive must occur on the first line of the shader
[stderr] ERROR: 0:5: 'in' : storage qualifier supported in GLSL ES 3.00 and above only
[stderr] ERROR: 0:7: 'out' : storage qualifier supported in GLSL ES 3.00 and above only
[stderr] ERROR: 0:24: 'in' : storage qualifier supported in GLSL ES 3.00 and above only
[stderr] ERROR: 0:38: 'texture' : no matching overloaded function found
[stderr] ERROR: 0:38: '=' : dimension mismatch
[stderr] ERROR: 0:38: 'assign' : cannot convert from 'const mediump float' to 'out highp 4-component vector of float'

Converted GLSL source:

#version 300 es
precision highp float;
precision highp int;
in vec2 TexCoord;
#define tc TexCoord
out vec4 color;
uniform float alpha_r;
uniform float alpha_g;
uniform float alpha_b;
uniform float alpha;
uniform vec4 optx;
uniform vec4 random_var;
uniform float alpha_value;
uniform mat4 mv_matrix;
uniform mat4 proj_matrix;
uniform sampler2D samp;
uniform float value_alpha_r, value_alpha_g, value_alpha_b;
uniform float index_value;
uniform float time_f;
uniform vec2 iResolution;

uniform float restore_black;
in vec2 iResolution_;
uniform vec4 inc_valuex;
uniform vec4 inc_value;
uniform vec2 image_pos;

float random (vec2 st) {
    return fract(sin(dot(st.xy,
                         vec2(12.9898,78.233)))*
        43758.5453123);
}

void main(void)
{
    vec2 cord = image_pos / iResolution_.xy;
    color = texture(samp, (tc+cord) / (alpha+0.9));
}



================================================================================
[246] time_frac.glsl
3D program: FAILED
2D program: FAILED

Compiler output:
[stderr] Error on Fragment compile
[stderr] Shader: ERROR: 0:26: '/' : wrong operand types - no operation '/' exists that takes a left-hand operand of type 'uniform highp 4-component vector of float' and a right operand of type 'const int' (or there is no acceptable conversion)
[stderr] Error on Fragment compile
[stderr] Shader: ERROR: 0:26: '/' : wrong operand types - no operation '/' exists that takes a left-hand operand of type 'uniform highp 4-component vector of float' and a right operand of type 'const int' (or there is no acceptable conversion)

Converted GLSL source:
#version 300 es
precision highp float;
precision highp int;
in vec2 TexCoord;
#define tc TexCoord
out vec4 color;
uniform float alpha_r;
uniform float alpha_g;
uniform float alpha_b;
uniform float alpha;
uniform vec4 optx;
uniform vec4 random_var;
uniform float alpha_value;
uniform mat4 mv_matrix;
uniform mat4 proj_matrix;
uniform sampler2D samp;
uniform float value_alpha_r, value_alpha_g, value_alpha_b;
uniform float index_value;
uniform float time_f;
uniform float restore_black;
uniform vec4 inc_value;

void main(void)
{
    color = texture(samp, tc);
    color = (0.5 * color) + (0.5 *  fract(inc_value/255 * time_f));
}



================================================================================
[247] time_frac_xor.glsl
3D program: FAILED
2D program: FAILED

Compiler output:
[stderr] Error on Fragment compile
[stderr] Shader: ERROR: 0:26: '*' : wrong operand types - no operation '*' exists that takes a left-hand operand of type 'const int' and a right operand of type 'highp float' (or there is no acceptable conversion)
[stderr] ERROR: 0:30: '/' : wrong operand types - no operation '/' exists that takes a left-hand operand of type 'highp float' and a right operand of type 'const int' (or there is no acceptable conversion)
[stderr] ERROR: 0:39: '*' : wrong operand types - no operation '*' exists that takes a left-hand operand of type 'out highp 4-component vector of float' and a right operand of type 'const int' (or there is no acceptable conversion)
[stderr] ERROR: 0:41: '/' : wrong operand types - no operation '/' exists that takes a left-hand operand of type 'uniform highp 4-component vector of float' and a right operand of type 'const int' (or there is no acceptable conversion)
[stderr] Error on Fragment compile
[stderr] Shader: ERROR: 0:26: '*' : wrong operand types - no operation '*' exists that takes a left-hand operand of type 'const int' and a right operand of type 'highp float' (or there is no acceptable conversion)
[stderr] ERROR: 0:30: '/' : wrong operand types - no operation '/' exists that takes a left-hand operand of type 'highp float' and a right operand of type 'const int' (or there is no acceptable conversion)
[stderr] ERROR: 0:39: '*' : wrong operand types - no operation '*' exists that takes a left-hand operand of type 'out highp 4-component vector of float' and a right operand of type 'const int' (or there is no acceptable conversion)
[stderr] ERROR: 0:41: '/' : wrong operand types - no operation '/' exists that takes a left-hand operand of type 'uniform highp 4-component vector of float' and a right operand of type 'const int' (or there is no acceptable conversion)

Converted GLSL source:
#version 300 es
precision highp float;
precision highp int;
in vec2 TexCoord;
#define tc TexCoord
out vec4 color;
uniform float alpha_r;
uniform float alpha_g;
uniform float alpha_b;
uniform float alpha;
uniform vec4 optx;
uniform vec4 random_var;
uniform float alpha_value;
uniform mat4 mv_matrix;
uniform mat4 proj_matrix;
uniform sampler2D samp;
uniform float value_alpha_r, value_alpha_g, value_alpha_b;
uniform float index_value;
uniform float time_f;
uniform float restore_black;
uniform vec4 inc_value;

vec4 xor_RGB(vec4 icolor, ivec4 isource) {
    ivec3 int_color;
    for(int i = 0; i < 3; ++i) {
        int_color[i] = int(255 * icolor[i]);
        int_color[i] = int_color[i]^isource[i];
        if(int_color[i] > 255)
            int_color[i] = int_color[i]%255;
        icolor[i] = float(int_color[i])/255;
    }
    icolor.a = 1.0;
return icolor;
}

void main(void)
{
    color = texture(samp, tc);
    ivec4 source = ivec4(color * 255);
    
    color = (0.5 * color) + (0.5 *  fract(inc_value/255 * time_f));
    color = xor_RGB(color, source);
}



================================================================================
[248] time_xor.glsl
3D program: FAILED
2D program: FAILED

Compiler output:
[stderr] Error on Fragment compile
[stderr] Shader: ERROR: 0:2: '
[stderr] ' : #version directive must occur on the first line of the shader
[stderr] ERROR: 0:5: 'in' : storage qualifier supported in GLSL ES 3.00 and above only
[stderr] ERROR: 0:7: 'out' : storage qualifier supported in GLSL ES 3.00 and above only
[stderr] ERROR: 0:11: 'in' : storage qualifier supported in GLSL ES 3.00 and above only
[stderr] ERROR: 0:27: 'texture' : no matching overloaded function found
[stderr] ERROR: 0:27: '=' : dimension mismatch
[stderr] ERROR: 0:27: 'assign' : cannot convert from 'const mediump float' to 'out highp 4-component vector of float'
[stderr] ERROR: 0:30: '[' : array indexes for fragment outputs must be constant integral expressions
[stderr] ERROR: 0:30: '*' : wrong operand types - no operation '*' exists that takes a left-hand operand of type 'const int' and a right operand of type 'highp float' (or there is no acceptable conversion)
[stderr] ERROR: 0:38: '[' : array indexes for fragment outputs must be constant integral expressions
[stderr] ERROR: 0:38: '*' : wrong operand types - no operation '*' exists that takes a left-hand operand of type 'const int' and a right operand of type 'highp float' (or there is no acceptable conversion)
[stderr] ERROR: 0:39: '^' : bit-wise operator supported in GLSL ES 3.00 and above only
[stderr] ERROR: 0:41: '%' : integer modulus operator supported in GLSL ES 3.00 and above only
[stderr] ERROR: 0:42: '[' : array indexes for fragment outputs must be constant integral expressions
[stderr] ERROR: 0:42: '/' : wrong operand types - no operation '/' exists that takes a left-hand operand of type 'highp float' and a right operand of type 'const int' (or there is no acceptable conversion)
[stderr] Error on Fragment compile
[stderr] Shader: ERROR: 0:2: '
[stderr] ' : #version directive must occur on the first line of the shader
[stderr] ERROR: 0:5: 'in' : storage qualifier supported in GLSL ES 3.00 and above only
[stderr] ERROR: 0:7: 'out' : storage qualifier supported in GLSL ES 3.00 and above only
[stderr] ERROR: 0:11: 'in' : storage qualifier supported in GLSL ES 3.00 and above only
[stderr] ERROR: 0:27: 'texture' : no matching overloaded function found
[stderr] ERROR: 0:27: '=' : dimension mismatch
[stderr] ERROR: 0:27: 'assign' : cannot convert from 'const mediump float' to 'out highp 4-component vector of float'
[stderr] ERROR: 0:30: '[' : array indexes for fragment outputs must be constant integral expressions
[stderr] ERROR: 0:30: '*' : wrong operand types - no operation '*' exists that takes a left-hand operand of type 'const int' and a right operand of type 'highp float' (or there is no acceptable conversion)
[stderr] ERROR: 0:38: '[' : array indexes for fragment outputs must be constant integral expressions
[stderr] ERROR: 0:38: '*' : wrong operand types - no operation '*' exists that takes a left-hand operand of type 'const int' and a right operand of type 'highp float' (or there is no acceptable conversion)
[stderr] ERROR: 0:39: '^' : bit-wise operator supported in GLSL ES 3.00 and above only
[stderr] ERROR: 0:41: '%' : integer modulus operator supported in GLSL ES 3.00 and above only
[stderr] ERROR: 0:42: '[' : array indexes for fragment outputs must be constant integral expressions
[stderr] ERROR: 0:42: '/' : wrong operand types - no operation '/' exists that takes a left-hand operand of type 'highp float' and a right operand of type 'const int' (or there is no acceptable conversion)

Converted GLSL source:

#version 300 es
precision highp float;
precision highp int;
in vec2 TexCoord;
#define tc TexCoord
out vec4 color;
uniform float alpha_r;
uniform float alpha_g;
uniform float alpha_b;
in float timeval;
uniform float alpha;
uniform vec4 optx;
uniform vec4 random_var;
uniform float alpha_value;
uniform mat4 mv_matrix;
uniform mat4 proj_matrix;
uniform sampler2D samp;
uniform float value_alpha_r, value_alpha_g, value_alpha_b;
uniform float index_value;
uniform float time_f;

uniform float restore_black;

void main(void)
{
    color = texture(samp, tc);
    ivec3 source;
    for(int i = 0; i < 3; ++i) {
        source[i] = int(255 * color[i]);
    }
    color[0] = timeval*0.1*(color[0]*alpha_r);
    color[1] = timeval*0.2*(color[1]*alpha_r);
    color[2] = timeval*0.3*(color[2]*alpha_r);
    
    ivec3 int_color;
    for(int i = 0; i < 3; ++i) {
        int_color[i] = int(255 * color[i]);
        int_color[i] = int_color[i]^source[i];
        if(int_color[i] > 255)
            int_color[i] = int_color[i]%255;
        color[i] = float(int_color[i])/255;
    }
}


================================================================================
[249] timeflash.glsl
3D program: FAILED
2D program: FAILED

Compiler output:
[stderr] Error on Fragment compile
[stderr] Shader: ERROR: 0:29: '[' : array indexes for fragment outputs must be constant integral expressions
[stderr] ERROR: 0:29: '*' : wrong operand types - no operation '*' exists that takes a left-hand operand of type 'const int' and a right operand of type 'highp float' (or there is no acceptable conversion)
[stderr] ERROR: 0:37: '[' : array indexes for fragment outputs must be constant integral expressions
[stderr] ERROR: 0:37: '*' : wrong operand types - no operation '*' exists that takes a left-hand operand of type 'const int' and a right operand of type 'highp float' (or there is no acceptable conversion)
[stderr] ERROR: 0:41: '[' : array indexes for fragment outputs must be constant integral expressions
[stderr] ERROR: 0:41: '/' : wrong operand types - no operation '/' exists that takes a left-hand operand of type 'highp float' and a right operand of type 'const int' (or there is no acceptable conversion)
[stderr] Error on Fragment compile
[stderr] Shader: ERROR: 0:29: '[' : array indexes for fragment outputs must be constant integral expressions
[stderr] ERROR: 0:29: '*' : wrong operand types - no operation '*' exists that takes a left-hand operand of type 'const int' and a right operand of type 'highp float' (or there is no acceptable conversion)
[stderr] ERROR: 0:37: '[' : array indexes for fragment outputs must be constant integral expressions
[stderr] ERROR: 0:37: '*' : wrong operand types - no operation '*' exists that takes a left-hand operand of type 'const int' and a right operand of type 'highp float' (or there is no acceptable conversion)
[stderr] ERROR: 0:41: '[' : array indexes for fragment outputs must be constant integral expressions
[stderr] ERROR: 0:41: '/' : wrong operand types - no operation '/' exists that takes a left-hand operand of type 'highp float' and a right operand of type 'const int' (or there is no acceptable conversion)

Converted GLSL source:
#version 300 es
precision highp float;
precision highp int;
in vec2 TexCoord;
#define tc TexCoord
out vec4 color;
uniform float alpha_r;
uniform float alpha_g;
uniform float alpha_b;
in float timeval;
uniform float alpha;
uniform vec4 optx;
uniform vec4 random_var;
uniform float alpha_value;
uniform mat4 mv_matrix;
uniform mat4 proj_matrix;
uniform sampler2D samp;
uniform float value_alpha_r, value_alpha_g, value_alpha_b;
uniform float index_value;
uniform float time_f;

uniform float restore_black;

void main(void)
{
    color = texture(samp, tc);
    ivec3 source;
    for(int i = 0; i < 3; ++i) {
        source[i] = int(255 * color[i]);
    }
    color[0] += (color[0]*alpha_r);
    color[1] += (color[1]*alpha_g);
    color[2] += (color[2]*alpha_b);
    
    ivec3 int_color;
    for(int i = 0; i < 3; ++i) {
        int_color[i] = int(255 * color[i]);
        int_color[i] = int_color[i]^source[i];
        if(int_color[i] > 255)
            int_color[i] = int_color[i]%255;
        color[i] = (0.3578*timeval) *  float(int_color[i])/255;
    }
}



================================================================================
[250] timeval_alpha.glsl
3D program: FAILED
2D program: FAILED

Compiler output:
[stderr] Error on Fragment compile
[stderr] Shader: ERROR: 0:2: '
[stderr] ' : #version directive must occur on the first line of the shader
[stderr] ERROR: 0:5: 'in' : storage qualifier supported in GLSL ES 3.00 and above only
[stderr] ERROR: 0:7: 'out' : storage qualifier supported in GLSL ES 3.00 and above only
[stderr] ERROR: 0:11: 'in' : storage qualifier supported in GLSL ES 3.00 and above only
[stderr] ERROR: 0:27: 'texture' : no matching overloaded function found
[stderr] ERROR: 0:27: '=' : dimension mismatch
[stderr] ERROR: 0:27: 'assign' : cannot convert from 'const mediump float' to 'out highp 4-component vector of float'
[stderr] ERROR: 0:30: '[' : array indexes for fragment outputs must be constant integral expressions
[stderr] ERROR: 0:30: '*' : wrong operand types - no operation '*' exists that takes a left-hand operand of type 'const int' and a right operand of type 'highp float' (or there is no acceptable conversion)
[stderr] ERROR: 0:37: '[' : array indexes for fragment outputs must be constant integral expressions
[stderr] ERROR: 0:37: '*' : wrong operand types - no operation '*' exists that takes a left-hand operand of type 'const int' and a right operand of type 'highp float' (or there is no acceptable conversion)
[stderr] ERROR: 0:38: '^' : bit-wise operator supported in GLSL ES 3.00 and above only
[stderr] ERROR: 0:40: '%' : integer modulus operator supported in GLSL ES 3.00 and above only
[stderr] ERROR: 0:41: '[' : array indexes for fragment outputs must be constant integral expressions
[stderr] ERROR: 0:41: '/' : wrong operand types - no operation '/' exists that takes a left-hand operand of type 'highp float' and a right operand of type 'const int' (or there is no acceptable conversion)
[stderr] Error on Fragment compile
[stderr] Shader: ERROR: 0:2: '
[stderr] ' : #version directive must occur on the first line of the shader
[stderr] ERROR: 0:5: 'in' : storage qualifier supported in GLSL ES 3.00 and above only
[stderr] ERROR: 0:7: 'out' : storage qualifier supported in GLSL ES 3.00 and above only
[stderr] ERROR: 0:11: 'in' : storage qualifier supported in GLSL ES 3.00 and above only
[stderr] ERROR: 0:27: 'texture' : no matching overloaded function found
[stderr] ERROR: 0:27: '=' : dimension mismatch
[stderr] ERROR: 0:27: 'assign' : cannot convert from 'const mediump float' to 'out highp 4-component vector of float'
[stderr] ERROR: 0:30: '[' : array indexes for fragment outputs must be constant integral expressions
[stderr] ERROR: 0:30: '*' : wrong operand types - no operation '*' exists that takes a left-hand operand of type 'const int' and a right operand of type 'highp float' (or there is no acceptable conversion)
[stderr] ERROR: 0:37: '[' : array indexes for fragment outputs must be constant integral expressions
[stderr] ERROR: 0:37: '*' : wrong operand types - no operation '*' exists that takes a left-hand operand of type 'const int' and a right operand of type 'highp float' (or there is no acceptable conversion)
[stderr] ERROR: 0:38: '^' : bit-wise operator supported in GLSL ES 3.00 and above only
[stderr] ERROR: 0:40: '%' : integer modulus operator supported in GLSL ES 3.00 and above only
[stderr] ERROR: 0:41: '[' : array indexes for fragment outputs must be constant integral expressions
[stderr] ERROR: 0:41: '/' : wrong operand types - no operation '/' exists that takes a left-hand operand of type 'highp float' and a right operand of type 'const int' (or there is no acceptable conversion)

Converted GLSL source:

#version 300 es
precision highp float;
precision highp int;
in vec2 TexCoord;
#define tc TexCoord
out vec4 color;
uniform float alpha_r;
uniform float alpha_g;
uniform float alpha_b;
in float timeval;
uniform float alpha;
uniform vec4 optx;
uniform vec4 random_var;
uniform float alpha_value;
uniform mat4 mv_matrix;
uniform mat4 proj_matrix;
uniform sampler2D samp;
uniform float value_alpha_r, value_alpha_g, value_alpha_b;
uniform float index_value;
uniform float time_f;

uniform float restore_black;

void main(void)
{
    color = texture(samp, tc);
    ivec3 source;
    for(int i = 0; i < 3; ++i) {
        source[i] = int(255 * color[i]);
    }
    color[0] = (color[0]+(0.1*timeval)*0.8);
    color[1] = (color[1]+(0.3*timeval)*0.8);
    color[2] = (color[2]+(0.7*timeval)*0.8);
    ivec3 int_color;
    for(int i = 0; i < 3; ++i) {
        int_color[i] = int(255 * color[i]);
        int_color[i] = int_color[i]^source[i];
        if(int_color[i] > 255)
            int_color[i] = int_color[i]%255;
        color[i] = float(int_color[i])/255;
    }
}


================================================================================
[251] tripple.glsl
3D program: FAILED
2D program: FAILED

Compiler output:
[stderr] Error on Fragment compile
[stderr] Shader: ERROR: 0:2: '
[stderr] ' : #version directive must occur on the first line of the shader
[stderr] ERROR: 0:5: 'out' : storage qualifier supported in GLSL ES 3.00 and above only
[stderr] ERROR: 0:6: 'in' : storage qualifier supported in GLSL ES 3.00 and above only
[stderr] ERROR: 0:21: 'texture' : no matching overloaded function found
[stderr] ERROR: 0:21: '=' : dimension mismatch
[stderr] ERROR: 0:21: 'assign' : cannot convert from 'const mediump float' to 'out highp 4-component vector of float'
[stderr] Error on Fragment compile
[stderr] Shader: ERROR: 0:2: '
[stderr] ' : #version directive must occur on the first line of the shader
[stderr] ERROR: 0:5: 'out' : storage qualifier supported in GLSL ES 3.00 and above only
[stderr] ERROR: 0:6: 'in' : storage qualifier supported in GLSL ES 3.00 and above only
[stderr] ERROR: 0:21: 'texture' : no matching overloaded function found
[stderr] ERROR: 0:21: '=' : dimension mismatch
[stderr] ERROR: 0:21: 'assign' : cannot convert from 'const mediump float' to 'out highp 4-component vector of float'

Converted GLSL source:

#version 300 es
precision highp float;
precision highp int;
out vec4 color;
in vec2 TexCoord;
#define tc TexCoord

uniform sampler2D samp;
uniform float time_f;
uniform vec2 iResolution;

void main(void) {
    vec2 uv = tc;
    vec2 center = vec2(0.5, 0.5);
    float distance = length(uv - center);

    uv.x += tan(distance * 20.0 - time_f * 2.0) * 0.02;
    uv.y += tan(distance * 20.0 - time_f * 2.0) * 0.02;

    color = texture(samp, uv);
}


================================================================================
[252] tripple2.glsl
3D program: FAILED
2D program: FAILED

Compiler output:
[stderr] Error on Fragment compile
[stderr] Shader: ERROR: 0:2: '
[stderr] ' : #version directive must occur on the first line of the shader
[stderr] ERROR: 0:5: 'out' : storage qualifier supported in GLSL ES 3.00 and above only
[stderr] ERROR: 0:6: 'in' : storage qualifier supported in GLSL ES 3.00 and above only
[stderr] ERROR: 0:28: 'texture' : no matching overloaded function found
[stderr] ERROR: 0:28: '=' : dimension mismatch
[stderr] ERROR: 0:28: 'assign' : cannot convert from 'const mediump float' to 'out highp 4-component vector of float'
[stderr] Error on Fragment compile
[stderr] Shader: ERROR: 0:2: '
[stderr] ' : #version directive must occur on the first line of the shader
[stderr] ERROR: 0:5: 'out' : storage qualifier supported in GLSL ES 3.00 and above only
[stderr] ERROR: 0:6: 'in' : storage qualifier supported in GLSL ES 3.00 and above only
[stderr] ERROR: 0:28: 'texture' : no matching overloaded function found
[stderr] ERROR: 0:28: '=' : dimension mismatch
[stderr] ERROR: 0:28: 'assign' : cannot convert from 'const mediump float' to 'out highp 4-component vector of float'

Converted GLSL source:

#version 300 es
precision highp float;
precision highp int;
out vec4 color;
in vec2 TexCoord;
#define tc TexCoord

uniform sampler2D samp;
uniform float time_f;
uniform vec2 iResolution;

float pingPong(float x, float length) {
    float modVal = mod(x, length * 2.0);
    return modVal <= length ? modVal : length * 2.0 - modVal;
}

void main(void) {
    vec2 uv = tc;
    vec2 center = vec2(0.5, 0.5);
    float distance = length(uv - center);
    float time_t = pingPong(time_f, 15.0) + 2.0;
    distance = sin(distance * time_t);
    
    uv.x += tan(distance * 20.0 - time_f * 2.0) * 0.02;
    uv.y += tan(distance * 20.0 - time_f * 2.0) * 0.02;

    color = texture(samp, uv);
}


================================================================================
[253] warp_tunnel.glsl
3D program: FAILED
2D program: FAILED

Compiler output:
[stderr] Error on Fragment compile
[stderr] Shader: ERROR: 0:13: '*' : wrong operand types - no operation '*' exists that takes a left-hand operand of type 'in highp 4-component vector of float' and a right operand of type 'const int' (or there is no acceptable conversion)
[stderr] ERROR: 0:16: '*' : wrong operand types - no operation '*' exists that takes a left-hand operand of type 'const int' and a right operand of type 'highp float' (or there is no acceptable conversion)
[stderr] Error on Fragment compile
[stderr] Shader: ERROR: 0:13: '*' : wrong operand types - no operation '*' exists that takes a left-hand operand of type 'in highp 4-component vector of float' and a right operand of type 'const int' (or there is no acceptable conversion)
[stderr] ERROR: 0:16: '*' : wrong operand types - no operation '*' exists that takes a left-hand operand of type 'const int' and a right operand of type 'highp float' (or there is no acceptable conversion)

Converted GLSL source:
#version 300 es
precision highp float;
precision highp int;

in vec2 TexCoord;
#define tc TexCoord
out vec4 color;
uniform float time_f;
uniform vec2 iResolution;
uniform sampler2D samp;

vec4 xor_RGB(vec4 icolor, vec4 isourcex) {
    ivec4 isource = ivec4(isourcex * 255);
    ivec3 int_color;
    for(int i = 0; i < 3; ++i) {
        int_color[i] = int(255 * icolor[i]);
        int_color[i] ^= isource[i];
        if(int_color[i] > 255)
            int_color[i] %= 255;
        icolor[i] = float(int_color[i]) / 255.0;
    }
    icolor.a = 1.0;
return icolor;
}


void main() {
    vec2 uv = (tc - 0.5) * (iResolution.x / iResolution.y, 1.0);
    float radius = length(uv);
    float warp = radius * 10.0 - time_f * 5.0;
    float angle = atan(uv.y, uv.x) + time_f;
    vec3 colorMix = 0.5 + 0.5 * cos(warp + vec3(0, 2, 4));
    float vignette = 0.3 / radius;
    color = vec4(colorMix * vignette, 1.0);
    color = xor_RGB(color, texture(samp, tc));
}


================================================================================
[254] weirdlines.glsl
3D program: FAILED
2D program: FAILED

Compiler output:
[stderr] Error on Fragment compile
[stderr] Shader: ERROR: 0:2: '
[stderr] ' : #version directive must occur on the first line of the shader
[stderr] ERROR: 0:5: 'in' : storage qualifier supported in GLSL ES 3.00 and above only
[stderr] ERROR: 0:7: 'out' : storage qualifier supported in GLSL ES 3.00 and above only
[stderr] ERROR: 0:11: 'in' : storage qualifier supported in GLSL ES 3.00 and above only
[stderr] ERROR: 0:33: 'texture' : no matching overloaded function found
[stderr] ERROR: 0:33: '=' : dimension mismatch
[stderr] ERROR: 0:33: 'assign' : cannot convert from 'const mediump float' to 'out highp 4-component vector of float'
[stderr] ERROR: 0:36: '[' : array indexes for fragment outputs must be constant integral expressions
[stderr] ERROR: 0:36: '*' : wrong operand types - no operation '*' exists that takes a left-hand operand of type 'const int' and a right operand of type 'highp float' (or there is no acceptable conversion)
[stderr] ERROR: 0:41: '[' : array indexes for fragment outputs must be constant integral expressions
[stderr] ERROR: 0:41: '[' : array indexes for fragment outputs must be constant integral expressions
[stderr] ERROR: 0:46: '[' : array indexes for fragment outputs must be constant integral expressions
[stderr] ERROR: 0:46: '*' : wrong operand types - no operation '*' exists that takes a left-hand operand of type 'const int' and a right operand of type 'highp float' (or there is no acceptable conversion)
[stderr] ERROR: 0:47: '^' : bit-wise operator supported in GLSL ES 3.00 and above only
[stderr] ERROR: 0:49: '%' : integer modulus operator supported in GLSL ES 3.00 and above only
[stderr] ERROR: 0:50: '[' : array indexes for fragment outputs must be constant integral expressions
[stderr] ERROR: 0:50: '/' : wrong operand types - no operation '/' exists that takes a left-hand operand of type 'highp float' and a right operand of type 'const int' (or there is no acceptable conversion)
[stderr] Error on Fragment compile
[stderr] Shader: ERROR: 0:2: '
[stderr] ' : #version directive must occur on the first line of the shader
[stderr] ERROR: 0:5: 'in' : storage qualifier supported in GLSL ES 3.00 and above only
[stderr] ERROR: 0:7: 'out' : storage qualifier supported in GLSL ES 3.00 and above only
[stderr] ERROR: 0:11: 'in' : storage qualifier supported in GLSL ES 3.00 and above only
[stderr] ERROR: 0:33: 'texture' : no matching overloaded function found
[stderr] ERROR: 0:33: '=' : dimension mismatch
[stderr] ERROR: 0:33: 'assign' : cannot convert from 'const mediump float' to 'out highp 4-component vector of float'
[stderr] ERROR: 0:36: '[' : array indexes for fragment outputs must be constant integral expressions
[stderr] ERROR: 0:36: '*' : wrong operand types - no operation '*' exists that takes a left-hand operand of type 'const int' and a right operand of type 'highp float' (or there is no acceptable conversion)
[stderr] ERROR: 0:41: '[' : array indexes for fragment outputs must be constant integral expressions
[stderr] ERROR: 0:41: '[' : array indexes for fragment outputs must be constant integral expressions
[stderr] ERROR: 0:46: '[' : array indexes for fragment outputs must be constant integral expressions
[stderr] ERROR: 0:46: '*' : wrong operand types - no operation '*' exists that takes a left-hand operand of type 'const int' and a right operand of type 'highp float' (or there is no acceptable conversion)
[stderr] ERROR: 0:47: '^' : bit-wise operator supported in GLSL ES 3.00 and above only
[stderr] ERROR: 0:49: '%' : integer modulus operator supported in GLSL ES 3.00 and above only
[stderr] ERROR: 0:50: '[' : array indexes for fragment outputs must be constant integral expressions
[stderr] ERROR: 0:50: '/' : wrong operand types - no operation '/' exists that takes a left-hand operand of type 'highp float' and a right operand of type 'const int' (or there is no acceptable conversion)

Converted GLSL source:

#version 300 es
precision highp float;
precision highp int;
in vec2 TexCoord;
#define tc TexCoord
out vec4 color;
uniform float alpha_r;
uniform float alpha_g;
uniform float alpha_b;
in float timeval;
uniform float alpha;
uniform vec4 optx;
uniform vec4 random_var;
uniform float alpha_value;
uniform mat4 mv_matrix;
uniform mat4 proj_matrix;
uniform sampler2D samp;
uniform float value_alpha_r, value_alpha_g, value_alpha_b;
uniform float index_value;
uniform float time_f;

uniform float restore_black;

float random (vec2 st) {
    return fract(sin(dot(st.xy,
                         vec2(12.9898,78.233)))*
        43758.5453123);
}

void main(void)
{
    color = texture(samp, tc);
    ivec3 source;
    for(int i = 0; i < 3; ++i) {
        source[i] = int(255 * color[i]);
    }

    vec3 st1 = gl_FragCoord.xyz;
    for(int i = 0; i < 3; ++i) {
        color[i] = color[i]*timeval*st1[i];
    }
 
    ivec3 int_color;
      for(int i = 0; i < 3; ++i) {
          int_color[i] = int(255 * color[i]);
          int_color[i] = int_color[i]^source[i];
          if(int_color[i] > 255)
              int_color[i] = int_color[i]%255;
          color[i] = float(int_color[i])/255;
      }
}


================================================================================
[255] wrap_around.glsl
3D program: FAILED
2D program: FAILED

Compiler output:
[stderr] Error on Fragment compile
[stderr] Shader: ERROR: 0:30: '*' : wrong operand types - no operation '*' exists that takes a left-hand operand of type 'out highp 4-component vector of float' and a right operand of type 'const int' (or there is no acceptable conversion)
[stderr] ERROR: 0:38: '[' : array indexes for fragment outputs must be constant integral expressions
[stderr] ERROR: 0:38: '/' : wrong operand types - no operation '/' exists that takes a left-hand operand of type 'highp float' and a right operand of type 'const int' (or there is no acceptable conversion)
[stderr] Error on Fragment compile
[stderr] Shader: ERROR: 0:30: '*' : wrong operand types - no operation '*' exists that takes a left-hand operand of type 'out highp 4-component vector of float' and a right operand of type 'const int' (or there is no acceptable conversion)
[stderr] ERROR: 0:38: '[' : array indexes for fragment outputs must be constant integral expressions
[stderr] ERROR: 0:38: '/' : wrong operand types - no operation '/' exists that takes a left-hand operand of type 'highp float' and a right operand of type 'const int' (or there is no acceptable conversion)

Converted GLSL source:
#version 300 es
precision highp float;
precision highp int;
in vec2 TexCoord;
#define tc TexCoord
out vec4 color;
uniform float alpha_r;
uniform float alpha_g;
uniform float alpha_b;
uniform float alpha;
uniform vec4 optx;
uniform vec4 random_var;
uniform float alpha_value;

uniform mat4 mv_matrix;
uniform mat4 proj_matrix;
uniform sampler2D samp;
uniform float value_alpha_r, value_alpha_g, value_alpha_b;
uniform float index_value;
uniform float time_f;

uniform vec4 inc_valuex;
uniform vec4 inc_value;

uniform float restore_black;

void main(void)
{
    color = texture(samp, tc);
    ivec4 source = ivec4(color * 255);
    ivec4 inc = ivec4(inc_valuex);
    ivec4 inc_v = ivec4(inc_value);
    
    source += inc + inc_v;
    
    for(int i = 0; i < 3; ++i) {
        source[i] = source[i]%255;
        color[i] = float(source[i])/255;
    }
}



================================================================================
[256] xcordstrobe.glsl
3D program: FAILED
2D program: FAILED

Compiler output:
[stderr] Error on Fragment compile
[stderr] Shader: ERROR: 0:2: '
[stderr] ' : #version directive must occur on the first line of the shader
[stderr] ERROR: 0:5: 'in' : storage qualifier supported in GLSL ES 3.00 and above only
[stderr] ERROR: 0:7: 'out' : storage qualifier supported in GLSL ES 3.00 and above only
[stderr] ERROR: 0:11: 'in' : storage qualifier supported in GLSL ES 3.00 and above only
[stderr] ERROR: 0:27: 'texture' : no matching overloaded function found
[stderr] ERROR: 0:27: '=' : dimension mismatch
[stderr] ERROR: 0:27: 'assign' : cannot convert from 'const mediump float' to 'out highp 4-component vector of float'
[stderr] ERROR: 0:30: '[' : array indexes for fragment outputs must be constant integral expressions
[stderr] ERROR: 0:30: '*' : wrong operand types - no operation '*' exists that takes a left-hand operand of type 'const int' and a right operand of type 'highp float' (or there is no acceptable conversion)
[stderr] ERROR: 0:39: '[' : array indexes for fragment outputs must be constant integral expressions
[stderr] ERROR: 0:39: '*' : wrong operand types - no operation '*' exists that takes a left-hand operand of type 'const int' and a right operand of type 'highp float' (or there is no acceptable conversion)
[stderr] ERROR: 0:40: '^' : bit-wise operator supported in GLSL ES 3.00 and above only
[stderr] ERROR: 0:42: '%' : integer modulus operator supported in GLSL ES 3.00 and above only
[stderr] ERROR: 0:43: '[' : array indexes for fragment outputs must be constant integral expressions
[stderr] ERROR: 0:43: '/' : wrong operand types - no operation '/' exists that takes a left-hand operand of type 'highp float' and a right operand of type 'const int' (or there is no acceptable conversion)
[stderr] Error on Fragment compile
[stderr] Shader: ERROR: 0:2: '
[stderr] ' : #version directive must occur on the first line of the shader
[stderr] ERROR: 0:5: 'in' : storage qualifier supported in GLSL ES 3.00 and above only
[stderr] ERROR: 0:7: 'out' : storage qualifier supported in GLSL ES 3.00 and above only
[stderr] ERROR: 0:11: 'in' : storage qualifier supported in GLSL ES 3.00 and above only
[stderr] ERROR: 0:27: 'texture' : no matching overloaded function found
[stderr] ERROR: 0:27: '=' : dimension mismatch
[stderr] ERROR: 0:27: 'assign' : cannot convert from 'const mediump float' to 'out highp 4-component vector of float'
[stderr] ERROR: 0:30: '[' : array indexes for fragment outputs must be constant integral expressions
[stderr] ERROR: 0:30: '*' : wrong operand types - no operation '*' exists that takes a left-hand operand of type 'const int' and a right operand of type 'highp float' (or there is no acceptable conversion)
[stderr] ERROR: 0:39: '[' : array indexes for fragment outputs must be constant integral expressions
[stderr] ERROR: 0:39: '*' : wrong operand types - no operation '*' exists that takes a left-hand operand of type 'const int' and a right operand of type 'highp float' (or there is no acceptable conversion)
[stderr] ERROR: 0:40: '^' : bit-wise operator supported in GLSL ES 3.00 and above only
[stderr] ERROR: 0:42: '%' : integer modulus operator supported in GLSL ES 3.00 and above only
[stderr] ERROR: 0:43: '[' : array indexes for fragment outputs must be constant integral expressions
[stderr] ERROR: 0:43: '/' : wrong operand types - no operation '/' exists that takes a left-hand operand of type 'highp float' and a right operand of type 'const int' (or there is no acceptable conversion)

Converted GLSL source:

#version 300 es
precision highp float;
precision highp int;
in vec2 TexCoord;
#define tc TexCoord
out vec4 color;
uniform float alpha_r;
uniform float alpha_g;
uniform float alpha_b;
in float timeval;
uniform float alpha;
uniform vec4 optx;
uniform vec4 random_var;
uniform float alpha_value;
uniform mat4 mv_matrix;
uniform mat4 proj_matrix;
uniform sampler2D samp;
uniform float value_alpha_r, value_alpha_g, value_alpha_b;
uniform float index_value;
uniform float time_f;

uniform float restore_black;

void main(void)
{
    color = texture(samp, tc);
    ivec3 source;
    for(int i = 0; i < 3; ++i) {
        source[i] = int(255 * color[i]);
    }
    
    color[0] = sin(color[0]+(tc[0]))*(timeval*alpha_r);
    color[1] = cos(color[1]+(tc[1]))*(timeval*alpha_g);
    color[2] = tan(color[2]+(tc[0]))*(timeval*alpha_b);
    
    ivec3 int_color;
    for(int i = 0; i < 3; ++i) {
        int_color[i] = int(255 * color[i]);
        int_color[i] = int_color[i]^source[i];
        if(int_color[i] > 255)
            int_color[i] = int_color[i]%255;
        color[i] = float(int_color[i])/255;
    }
}


================================================================================
[257] xor_increase.glsl
3D program: FAILED
2D program: FAILED

Compiler output:
[stderr] Error on Fragment compile
[stderr] Shader: ERROR: 0:40: '*' : wrong operand types - no operation '*' exists that takes a left-hand operand of type 'out highp 4-component vector of float' and a right operand of type 'const int' (or there is no acceptable conversion)
[stderr] ERROR: 0:43: '/' : wrong operand types - no operation '/' exists that takes a left-hand operand of type 'uniform highp 4-component vector of float' and a right operand of type 'const int' (or there is no acceptable conversion)
[stderr] ERROR: 0:48: '[' : array indexes for fragment outputs must be constant integral expressions
[stderr] ERROR: 0:48: '*' : wrong operand types - no operation '*' exists that takes a left-hand operand of type 'const int' and a right operand of type 'highp float' (or there is no acceptable conversion)
[stderr] ERROR: 0:52: '[' : array indexes for fragment outputs must be constant integral expressions
[stderr] ERROR: 0:52: '/' : wrong operand types - no operation '/' exists that takes a left-hand operand of type 'highp float' and a right operand of type 'const int' (or there is no acceptable conversion)
[stderr] Error on Fragment compile
[stderr] Shader: ERROR: 0:40: '*' : wrong operand types - no operation '*' exists that takes a left-hand operand of type 'out highp 4-component vector of float' and a right operand of type 'const int' (or there is no acceptable conversion)
[stderr] ERROR: 0:43: '/' : wrong operand types - no operation '/' exists that takes a left-hand operand of type 'uniform highp 4-component vector of float' and a right operand of type 'const int' (or there is no acceptable conversion)
[stderr] ERROR: 0:48: '[' : array indexes for fragment outputs must be constant integral expressions
[stderr] ERROR: 0:48: '*' : wrong operand types - no operation '*' exists that takes a left-hand operand of type 'const int' and a right operand of type 'highp float' (or there is no acceptable conversion)
[stderr] ERROR: 0:52: '[' : array indexes for fragment outputs must be constant integral expressions
[stderr] ERROR: 0:52: '/' : wrong operand types - no operation '/' exists that takes a left-hand operand of type 'highp float' and a right operand of type 'const int' (or there is no acceptable conversion)

Converted GLSL source:
#version 300 es
precision highp float;
precision highp int;
in vec2 TexCoord;
#define tc TexCoord
out vec4 color;
uniform float alpha_r;
uniform float alpha_g;
uniform float alpha_b;
in float timeval;
uniform float alpha;
uniform vec4 optx;
in vec4 random_value;
uniform vec4 random_var;
uniform float alpha_value;
uniform mat4 mv_matrix;
uniform mat4 proj_matrix;
uniform sampler2D samp;
uniform float value_alpha_r, value_alpha_g, value_alpha_b;
uniform float index_value;
uniform float time_f;
uniform vec2 iResolution;

uniform float restore_black;
in vec2 iResolution_;
uniform vec4 inc_valuex;
uniform vec4 inc_value;

float random (vec2 st) {
    return fract(sin(dot(st.xy,
                         vec2(12.9898,78.233)))*
        43758.5453123);
}

void main(void)
{
    color = texture(samp, tc);
    vec2 pos = gl_FragCoord.xy / iResolution_.xy * timeval;
    float r = random(pos);
    ivec4 source =ivec4(color * 255);
    vec4 c = vec4(0.2, 0.5, 0.8, 1); // random_value/255;
    vec4 cval;
    vec4 a = inc_valuex/255 * 2.0;
    color = color * a * 6.0;
    
    ivec3 int_color;
    for(int i = 0; i < 3; ++i) {
        int_color[i] = int(255 * color[i]);
        int_color[i] = int_color[i]^source[i];
        if(int_color[i] > 255)
            int_color[i] = int_color[i]%255;
        color[i] = float(int_color[i])/255;
    }
}



================================================================================
[258] xor_positional_offset.glsl
3D program: FAILED
2D program: FAILED

Compiler output:
[stderr] Error on Fragment compile
[stderr] Shader: ERROR: 0:36: '/' : wrong operand types - no operation '/' exists that takes a left-hand operand of type 'highp 2-component vector of float' and a right operand of type 'const int' (or there is no acceptable conversion)
[stderr] ERROR: 0:38: '*' : wrong operand types - no operation '*' exists that takes a left-hand operand of type 'out highp 4-component vector of float' and a right operand of type 'const int' (or there is no acceptable conversion)
[stderr] ERROR: 0:49: '[' : array indexes for fragment outputs must be constant integral expressions
[stderr] ERROR: 0:49: '*' : wrong operand types - no operation '*' exists that takes a left-hand operand of type 'const int' and a right operand of type 'highp float' (or there is no acceptable conversion)
[stderr] ERROR: 0:53: '[' : array indexes for fragment outputs must be constant integral expressions
[stderr] ERROR: 0:53: '/' : wrong operand types - no operation '/' exists that takes a left-hand operand of type 'highp float' and a right operand of type 'const int' (or there is no acceptable conversion)
[stderr] Error on Fragment compile
[stderr] Shader: ERROR: 0:36: '/' : wrong operand types - no operation '/' exists that takes a left-hand operand of type 'highp 2-component vector of float' and a right operand of type 'const int' (or there is no acceptable conversion)
[stderr] ERROR: 0:38: '*' : wrong operand types - no operation '*' exists that takes a left-hand operand of type 'out highp 4-component vector of float' and a right operand of type 'const int' (or there is no acceptable conversion)
[stderr] ERROR: 0:49: '[' : array indexes for fragment outputs must be constant integral expressions
[stderr] ERROR: 0:49: '*' : wrong operand types - no operation '*' exists that takes a left-hand operand of type 'const int' and a right operand of type 'highp float' (or there is no acceptable conversion)
[stderr] ERROR: 0:53: '[' : array indexes for fragment outputs must be constant integral expressions
[stderr] ERROR: 0:53: '/' : wrong operand types - no operation '/' exists that takes a left-hand operand of type 'highp float' and a right operand of type 'const int' (or there is no acceptable conversion)

Converted GLSL source:
#version 300 es
precision highp float;
precision highp int;
in vec2 TexCoord;
#define tc TexCoord
out vec4 color;
uniform float alpha_r;
uniform float alpha_g;
uniform float alpha_b;
uniform float alpha;
uniform vec4 optx;
uniform vec4 random_var;
uniform float alpha_value;
uniform mat4 mv_matrix;
uniform mat4 proj_matrix;
uniform sampler2D samp;
uniform float value_alpha_r, value_alpha_g, value_alpha_b;
uniform float index_value;
uniform float time_f;
uniform vec2 iResolution;

uniform float restore_black;
in vec2 iResolution_;
uniform vec4 inc_valuex;
uniform vec4 inc_value;

float random (vec2 st) {
    return fract(sin(dot(st.xy,
                         vec2(12.9898,78.233)))*
        43758.5453123);
}

void main(void)
{
    color = texture(samp, tc);
    vec2 pos = gl_FragCoord.xy / iResolution_.xy * inc_valuex.xy/6;
    float r = random(pos);
    ivec4 source =ivec4(color * 255);

    vec4 a = vec4(0.2, 0.5, 0.8, 1.0);
    
    color = color + a;
    color = color * vec4(pos+alpha, 1, 1);
    
    color = color * 0.08;
    
    ivec3 int_color;
    for(int i = 0; i < 3; ++i) {
        int_color[i] = int(255 * color[i]);
        int_color[i] = int_color[i]^source[i];
        if(int_color[i] > 255)
            int_color[i] = int_color[i]%255;
        color[i] = float(int_color[i])/255;
    }
}



================================================================================
[259] xor_rgb.glsl
3D program: FAILED
2D program: FAILED

Compiler output:
[stderr] Error on Fragment compile
[stderr] Shader: ERROR: 0:13: '*' : wrong operand types - no operation '*' exists that takes a left-hand operand of type 'in highp 4-component vector of float' and a right operand of type 'const int' (or there is no acceptable conversion)
[stderr] ERROR: 0:15: '*' : wrong operand types - no operation '*' exists that takes a left-hand operand of type 'const int' and a right operand of type 'highp float' (or there is no acceptable conversion)
[stderr] ERROR: 0:19: '/' : wrong operand types - no operation '/' exists that takes a left-hand operand of type 'highp float' and a right operand of type 'const int' (or there is no acceptable conversion)
[stderr] Error on Fragment compile
[stderr] Shader: ERROR: 0:13: '*' : wrong operand types - no operation '*' exists that takes a left-hand operand of type 'in highp 4-component vector of float' and a right operand of type 'const int' (or there is no acceptable conversion)
[stderr] ERROR: 0:15: '*' : wrong operand types - no operation '*' exists that takes a left-hand operand of type 'const int' and a right operand of type 'highp float' (or there is no acceptable conversion)
[stderr] ERROR: 0:19: '/' : wrong operand types - no operation '/' exists that takes a left-hand operand of type 'highp float' and a right operand of type 'const int' (or there is no acceptable conversion)

Converted GLSL source:
#version 300 es
precision highp float;
precision highp int;
in vec2 TexCoord;
#define tc TexCoord
out vec4 color;
uniform sampler2D samp;
uniform float time_f;
uniform vec2 iResolution;

vec4 xor_RGB(vec4 icolor, vec4 source) {
    ivec3 int_color;
    ivec4 isource = ivec4(source * 255);
    for(int i = 0; i < 3; ++i) {
        int_color[i] = int(255 * icolor[i]);
        int_color[i] = int_color[i]^isource[i];
        if(int_color[i] > 255)
            int_color[i] = int_color[i]%255;
        icolor[i] = float(int_color[i])/255;
    }
    icolor.a = 1.0;
return icolor;
}

float pingPong(float x, float length) {
    float modVal = mod(x, length * 2.0);
    return modVal <= length ? modVal : length * 2.0 - modVal;
}

void main(void) {
    vec4 tcolor = texture(samp, tc);
    float time_t = pingPong(time_f, 10.0) + 2.0;
    color = xor_RGB(tcolor, tcolor * time_t);
}


================================================================================
[260] xor_rgb_dark.glsl
3D program: FAILED
2D program: FAILED

Compiler output:
[stderr] Error on Fragment compile
[stderr] Shader: ERROR: 0:14: '*' : wrong operand types - no operation '*' exists that takes a left-hand operand of type 'in highp 4-component vector of float' and a right operand of type 'const int' (or there is no acceptable conversion)
[stderr] ERROR: 0:16: '*' : wrong operand types - no operation '*' exists that takes a left-hand operand of type 'const int' and a right operand of type 'highp float' (or there is no acceptable conversion)
[stderr] ERROR: 0:20: '/' : wrong operand types - no operation '/' exists that takes a left-hand operand of type 'highp float' and a right operand of type 'const int' (or there is no acceptable conversion)
[stderr] Error on Fragment compile
[stderr] Shader: ERROR: 0:14: '*' : wrong operand types - no operation '*' exists that takes a left-hand operand of type 'in highp 4-component vector of float' and a right operand of type 'const int' (or there is no acceptable conversion)
[stderr] ERROR: 0:16: '*' : wrong operand types - no operation '*' exists that takes a left-hand operand of type 'const int' and a right operand of type 'highp float' (or there is no acceptable conversion)
[stderr] ERROR: 0:20: '/' : wrong operand types - no operation '/' exists that takes a left-hand operand of type 'highp float' and a right operand of type 'const int' (or there is no acceptable conversion)

Converted GLSL source:
#version 300 es
precision highp float;
precision highp int;

in vec2 TexCoord;
#define tc TexCoord
out vec4 color;
uniform sampler2D samp;
uniform float time_f;
uniform vec2 iResolution;

vec4 xor_RGB(vec4 icolor, vec4 source) {
    ivec3 int_color;
    ivec4 isource = ivec4(source * 255);
    for(int i = 0; i < 3; ++i) {
        int_color[i] = int(255 * icolor[i]);
        int_color[i] = int_color[i]^isource[i];
        if(int_color[i] > 255)
            int_color[i] = int_color[i]%255;
        icolor[i] = float(int_color[i])/255;
    }
    icolor.a = 1.0;
return icolor;
}

float pingPong(float x, float length) {
    float modVal = mod(x, length * 2.0);
    return modVal <= length ? modVal : length * 2.0 - modVal;
}

vec4 blur(sampler2D image, vec2 uv, vec2 resolution) {
    vec2 texelSize = 1.0 / resolution;
    vec4 result = vec4(0.0);
    float kernel[100];
    
    float kernelVals[100] = float[](0.5, 1.0, 1.5, 2.0, 2.5, 2.5, 2.0, 1.5, 1.0, 0.5,
                                    1.0, 2.0, 2.5, 3.0, 3.5, 3.5, 3.0, 2.5, 2.0, 1.0,
                                    1.5, 2.5, 3.0, 3.5, 4.0, 4.0, 3.5, 3.0, 2.5, 1.5,
                                    2.0, 3.0, 3.5, 4.0, 4.5, 4.5, 4.0, 3.5, 3.0, 2.0,
                                    2.5, 3.5, 4.0, 4.5, 5.0, 5.0, 4.5, 4.0, 3.5, 2.5,
                                    2.5, 3.5, 4.0, 4.5, 5.0, 5.0, 4.5, 4.0, 3.5, 2.5,
                                    2.0, 3.0, 3.5, 4.0, 4.5, 4.5, 4.0, 3.5, 3.0, 2.0,
                                    1.5, 2.5, 3.0, 3.5, 4.0, 4.0, 3.5, 3.0, 2.5, 1.5,
                                    1.0, 2.0, 2.5, 3.0, 3.5, 3.5, 3.0, 2.5, 2.0, 1.0,
                                    0.5, 1.0, 1.5, 2.0, 2.5, 2.5, 2.0, 1.5, 1.0, 0.5);
    
    for (int i = 0; i < 100; i++) {
        kernel[i] = kernelVals[i];
    }
    float kernelSum = 842.0;

    for (int x = -5; x <= 4; ++x) {
        for (int y = -5; y <= 4; ++y) {
            vec2 offset = vec2(float(x), float(y)) * texelSize;
            result += texture(image, uv + offset) * kernel[(y + 5) * 10 + (x + 5)];
        }
    }

    return result / kernelSum;
}

void main(void) {
    vec4 tcolor = blur(samp, tc, iResolution);
    float time_t = pingPong(time_f, 10.0) + 2.0;
    color = xor_RGB(sin(tcolor * time_t), tcolor * time_t);
}


================================================================================
[261] xor_rgb_dark_2.glsl
3D program: FAILED
2D program: FAILED

Compiler output:
[stderr] Error on Fragment compile
[stderr] Shader: ERROR: 0:14: '*' : wrong operand types - no operation '*' exists that takes a left-hand operand of type 'in highp 4-component vector of float' and a right operand of type 'const int' (or there is no acceptable conversion)
[stderr] ERROR: 0:16: '*' : wrong operand types - no operation '*' exists that takes a left-hand operand of type 'const int' and a right operand of type 'highp float' (or there is no acceptable conversion)
[stderr] ERROR: 0:20: '/' : wrong operand types - no operation '/' exists that takes a left-hand operand of type 'highp float' and a right operand of type 'const int' (or there is no acceptable conversion)
[stderr] Error on Fragment compile
[stderr] Shader: ERROR: 0:14: '*' : wrong operand types - no operation '*' exists that takes a left-hand operand of type 'in highp 4-component vector of float' and a right operand of type 'const int' (or there is no acceptable conversion)
[stderr] ERROR: 0:16: '*' : wrong operand types - no operation '*' exists that takes a left-hand operand of type 'const int' and a right operand of type 'highp float' (or there is no acceptable conversion)
[stderr] ERROR: 0:20: '/' : wrong operand types - no operation '/' exists that takes a left-hand operand of type 'highp float' and a right operand of type 'const int' (or there is no acceptable conversion)

Converted GLSL source:
#version 300 es
precision highp float;
precision highp int;

in vec2 TexCoord;
#define tc TexCoord
out vec4 color;
uniform sampler2D samp;
uniform float time_f;
uniform vec2 iResolution;

vec4 xor_RGB(vec4 icolor, vec4 source) {
    ivec3 int_color;
    ivec4 isource = ivec4(source * 255);
    for(int i = 0; i < 3; ++i) {
        int_color[i] = int(255 * icolor[i]);
        int_color[i] = int_color[i]^isource[i];
        if(int_color[i] > 255)
            int_color[i] = int_color[i]%255;
        icolor[i] = float(int_color[i])/255;
    }
    icolor.a = 1.0;
return icolor;
}

float pingPong(float x, float length) {
    float modVal = mod(x, length * 2.0);
    return modVal <= length ? modVal : length * 2.0 - modVal;
}

vec4 blur(sampler2D image, vec2 uv, vec2 resolution) {
    vec2 texelSize = 1.0 / resolution;
    vec4 result = vec4(0.0);
    float kernel[100];
    
    float kernelVals[100] = float[](0.5, 1.0, 1.5, 2.0, 2.5, 2.5, 2.0, 1.5, 1.0, 0.5,
                                    1.0, 2.0, 2.5, 3.0, 3.5, 3.5, 3.0, 2.5, 2.0, 1.0,
                                    1.5, 2.5, 3.0, 3.5, 4.0, 4.0, 3.5, 3.0, 2.5, 1.5,
                                    2.0, 3.0, 3.5, 4.0, 4.5, 4.5, 4.0, 3.5, 3.0, 2.0,
                                    2.5, 3.5, 4.0, 4.5, 5.0, 5.0, 4.5, 4.0, 3.5, 2.5,
                                    2.5, 3.5, 4.0, 4.5, 5.0, 5.0, 4.5, 4.0, 3.5, 2.5,
                                    2.0, 3.0, 3.5, 4.0, 4.5, 4.5, 4.0, 3.5, 3.0, 2.0,
                                    1.5, 2.5, 3.0, 3.5, 4.0, 4.0, 3.5, 3.0, 2.5, 1.5,
                                    1.0, 2.0, 2.5, 3.0, 3.5, 3.5, 3.0, 2.5, 2.0, 1.0,
                                    0.5, 1.0, 1.5, 2.0, 2.5, 2.5, 2.0, 1.5, 1.0, 0.5);
    
    for (int i = 0; i < 100; i++) {
        kernel[i] = kernelVals[i];
    }
    float kernelSum = 842.0;

    for (int x = -5; x <= 4; ++x) {
        for (int y = -5; y <= 4; ++y) {
            vec2 offset = vec2(float(x), float(y)) * texelSize;
            result += texture(image, uv + offset) * kernel[(y + 5) * 10 + (x + 5)];
        }
    }

    return result / kernelSum;
}

void main(void) {
    vec4 tcolor = blur(samp, tc, iResolution);
    float time_t = pingPong(time_f, 10.0) + 2.0;
    color = xor_RGB(sin(tcolor * time_t), cos(tcolor * time_t));
}



================================================================================
[262] xor_rgb_dark_3.glsl
3D program: FAILED
2D program: FAILED

Compiler output:
[stderr] Error on Fragment compile
[stderr] Shader: ERROR: 0:14: '*' : wrong operand types - no operation '*' exists that takes a left-hand operand of type 'in highp 4-component vector of float' and a right operand of type 'const int' (or there is no acceptable conversion)
[stderr] ERROR: 0:16: '*' : wrong operand types - no operation '*' exists that takes a left-hand operand of type 'const int' and a right operand of type 'highp float' (or there is no acceptable conversion)
[stderr] ERROR: 0:20: '/' : wrong operand types - no operation '/' exists that takes a left-hand operand of type 'highp float' and a right operand of type 'const int' (or there is no acceptable conversion)
[stderr] Error on Fragment compile
[stderr] Shader: ERROR: 0:14: '*' : wrong operand types - no operation '*' exists that takes a left-hand operand of type 'in highp 4-component vector of float' and a right operand of type 'const int' (or there is no acceptable conversion)
[stderr] ERROR: 0:16: '*' : wrong operand types - no operation '*' exists that takes a left-hand operand of type 'const int' and a right operand of type 'highp float' (or there is no acceptable conversion)
[stderr] ERROR: 0:20: '/' : wrong operand types - no operation '/' exists that takes a left-hand operand of type 'highp float' and a right operand of type 'const int' (or there is no acceptable conversion)

Converted GLSL source:
#version 300 es
precision highp float;
precision highp int;

in vec2 TexCoord;
#define tc TexCoord
out vec4 color;
uniform sampler2D samp;
uniform float time_f;
uniform vec2 iResolution;

vec4 xor_RGB(vec4 icolor, vec4 source) {
    ivec3 int_color;
    ivec4 isource = ivec4(source * 255);
    for(int i = 0; i < 3; ++i) {
        int_color[i] = int(255 * icolor[i]);
        int_color[i] = int_color[i]^isource[i];
        if(int_color[i] > 255)
            int_color[i] = int_color[i]%255;
        icolor[i] = float(int_color[i])/255;
    }
    icolor.a = 1.0;
return icolor;
}

float pingPong(float x, float length) {
    float modVal = mod(x, length * 2.0);
    return modVal <= length ? modVal : length * 2.0 - modVal;
}

vec4 blur(sampler2D image, vec2 uv, vec2 resolution) {
    vec2 texelSize = 1.0 / resolution;
    vec4 result = vec4(0.0);
    float kernel[100];
    
    float kernelVals[100] = float[](0.5, 1.0, 1.5, 2.0, 2.5, 2.5, 2.0, 1.5, 1.0, 0.5,
                                    1.0, 2.0, 2.5, 3.0, 3.5, 3.5, 3.0, 2.5, 2.0, 1.0,
                                    1.5, 2.5, 3.0, 3.5, 4.0, 4.0, 3.5, 3.0, 2.5, 1.5,
                                    2.0, 3.0, 3.5, 4.0, 4.5, 4.5, 4.0, 3.5, 3.0, 2.0,
                                    2.5, 3.5, 4.0, 4.5, 5.0, 5.0, 4.5, 4.0, 3.5, 2.5,
                                    2.5, 3.5, 4.0, 4.5, 5.0, 5.0, 4.5, 4.0, 3.5, 2.5,
                                    2.0, 3.0, 3.5, 4.0, 4.5, 4.5, 4.0, 3.5, 3.0, 2.0,
                                    1.5, 2.5, 3.0, 3.5, 4.0, 4.0, 3.5, 3.0, 2.5, 1.5,
                                    1.0, 2.0, 2.5, 3.0, 3.5, 3.5, 3.0, 2.5, 2.0, 1.0,
                                    0.5, 1.0, 1.5, 2.0, 2.5, 2.5, 2.0, 1.5, 1.0, 0.5);
    
    for (int i = 0; i < 100; i++) {
        kernel[i] = kernelVals[i];
    }
    float kernelSum = 842.0;

    for (int x = -5; x <= 4; ++x) {
        for (int y = -5; y <= 4; ++y) {
            vec2 offset = vec2(float(x), float(y)) * texelSize;
            result += texture(image, uv + offset) * kernel[(y + 5) * 10 + (x + 5)];
        }
    }

    return result / kernelSum;
}

void main(void) {
    vec4 tcolor = blur(samp, tc, iResolution);
    float time_t = pingPong(time_f, 10.0) + 2.0;
    color = xor_RGB(sin(tcolor * time_t), texture(samp, tc));
}




================================================================================
[263] xor_rgb_dark_4.glsl
3D program: FAILED
2D program: FAILED

Compiler output:
[stderr] Error on Fragment compile
[stderr] Shader: ERROR: 0:14: '*' : wrong operand types - no operation '*' exists that takes a left-hand operand of type 'in highp 4-component vector of float' and a right operand of type 'const int' (or there is no acceptable conversion)
[stderr] ERROR: 0:16: '*' : wrong operand types - no operation '*' exists that takes a left-hand operand of type 'const int' and a right operand of type 'highp float' (or there is no acceptable conversion)
[stderr] ERROR: 0:20: '/' : wrong operand types - no operation '/' exists that takes a left-hand operand of type 'highp float' and a right operand of type 'const int' (or there is no acceptable conversion)
[stderr] Error on Fragment compile
[stderr] Shader: ERROR: 0:14: '*' : wrong operand types - no operation '*' exists that takes a left-hand operand of type 'in highp 4-component vector of float' and a right operand of type 'const int' (or there is no acceptable conversion)
[stderr] ERROR: 0:16: '*' : wrong operand types - no operation '*' exists that takes a left-hand operand of type 'const int' and a right operand of type 'highp float' (or there is no acceptable conversion)
[stderr] ERROR: 0:20: '/' : wrong operand types - no operation '/' exists that takes a left-hand operand of type 'highp float' and a right operand of type 'const int' (or there is no acceptable conversion)

Converted GLSL source:
#version 300 es
precision highp float;
precision highp int;

in vec2 TexCoord;
#define tc TexCoord
out vec4 color;
uniform sampler2D samp;
uniform float time_f;
uniform vec2 iResolution;

vec4 xor_RGB(vec4 icolor, vec4 source) {
    ivec3 int_color;
    ivec4 isource = ivec4(source * 255);
    for(int i = 0; i < 3; ++i) {
        int_color[i] = int(255 * icolor[i]);
        int_color[i] = int_color[i]^isource[i];
        if(int_color[i] > 255)
            int_color[i] = int_color[i]%255;
        icolor[i] = float(int_color[i])/255;
    }
    icolor.a = 1.0;
return icolor;
}

float pingPong(float x, float length) {
    float modVal = mod(x, length * 2.0);
    return modVal <= length ? modVal : length * 2.0 - modVal;
}

vec4 blur(sampler2D image, vec2 uv, vec2 resolution) {
    vec2 texelSize = 1.0 / resolution;
    vec4 result = vec4(0.0);
    float kernel[100];
    
    float kernelVals[100] = float[](0.5, 1.0, 1.5, 2.0, 2.5, 2.5, 2.0, 1.5, 1.0, 0.5,
                                    1.0, 2.0, 2.5, 3.0, 3.5, 3.5, 3.0, 2.5, 2.0, 1.0,
                                    1.5, 2.5, 3.0, 3.5, 4.0, 4.0, 3.5, 3.0, 2.5, 1.5,
                                    2.0, 3.0, 3.5, 4.0, 4.5, 4.5, 4.0, 3.5, 3.0, 2.0,
                                    2.5, 3.5, 4.0, 4.5, 5.0, 5.0, 4.5, 4.0, 3.5, 2.5,
                                    2.5, 3.5, 4.0, 4.5, 5.0, 5.0, 4.5, 4.0, 3.5, 2.5,
                                    2.0, 3.0, 3.5, 4.0, 4.5, 4.5, 4.0, 3.5, 3.0, 2.0,
                                    1.5, 2.5, 3.0, 3.5, 4.0, 4.0, 3.5, 3.0, 2.5, 1.5,
                                    1.0, 2.0, 2.5, 3.0, 3.5, 3.5, 3.0, 2.5, 2.0, 1.0,
                                    0.5, 1.0, 1.5, 2.0, 2.5, 2.5, 2.0, 1.5, 1.0, 0.5);
    
    for (int i = 0; i < 100; i++) {
        kernel[i] = kernelVals[i];
    }
    float kernelSum = 842.0;

    for (int x = -5; x <= 4; ++x) {
        for (int y = -5; y <= 4; ++y) {
            vec2 offset = vec2(float(x), float(y)) * texelSize;
            result += texture(image, uv + offset) * kernel[(y + 5) * 10 + (x + 5)];
        }
    }

    return result / kernelSum;
}

void main(void) {
    vec4 tcolor = blur(samp, tc, iResolution);
    float time_t = pingPong(time_f, 10.0) + 2.0;
    float time_m = pingPong(time_f, 5.0) + 2.0;
    color = xor_RGB(sin(tcolor * time_t), tcolor * time_m);
}



================================================================================
[264] xor_rgb_dark_rainbow.glsl
3D program: FAILED
2D program: FAILED

Compiler output:
[stderr] Error on Fragment compile
[stderr] Shader: ERROR: 0:14: '*' : wrong operand types - no operation '*' exists that takes a left-hand operand of type 'in highp 4-component vector of float' and a right operand of type 'const int' (or there is no acceptable conversion)
[stderr] ERROR: 0:16: '*' : wrong operand types - no operation '*' exists that takes a left-hand operand of type 'const int' and a right operand of type 'highp float' (or there is no acceptable conversion)
[stderr] ERROR: 0:20: '/' : wrong operand types - no operation '/' exists that takes a left-hand operand of type 'highp float' and a right operand of type 'const int' (or there is no acceptable conversion)
[stderr] ERROR: 0:77: 'pingPong' : no matching overloaded function found
[stderr] Error on Fragment compile
[stderr] Shader: ERROR: 0:14: '*' : wrong operand types - no operation '*' exists that takes a left-hand operand of type 'in highp 4-component vector of float' and a right operand of type 'const int' (or there is no acceptable conversion)
[stderr] ERROR: 0:16: '*' : wrong operand types - no operation '*' exists that takes a left-hand operand of type 'const int' and a right operand of type 'highp float' (or there is no acceptable conversion)
[stderr] ERROR: 0:20: '/' : wrong operand types - no operation '/' exists that takes a left-hand operand of type 'highp float' and a right operand of type 'const int' (or there is no acceptable conversion)
[stderr] ERROR: 0:77: 'pingPong' : no matching overloaded function found

Converted GLSL source:
#version 300 es
precision highp float;
precision highp int;

in vec2 TexCoord;
#define tc TexCoord
out vec4 color;
uniform sampler2D samp;
uniform float time_f;
uniform vec2 iResolution;

vec4 xor_RGB(vec4 icolor, vec4 source) {
    ivec3 int_color;
    ivec4 isource = ivec4(source * 255);
    for(int i = 0; i < 3; ++i) {
        int_color[i] = int(255 * icolor[i]);
        int_color[i] = int_color[i]^isource[i];
        if(int_color[i] > 255)
            int_color[i] = int_color[i]%255;
        icolor[i] = float(int_color[i])/255;
    }
    icolor.a = 1.0;
return icolor;
}

float pingPong(float x, float length) {
    float modVal = mod(x, length * 2.0);
    return modVal <= length ? modVal : length * 2.0 - modVal;
}

vec4 blur(sampler2D image, vec2 uv, vec2 resolution) {
    vec2 texelSize = 1.0 / resolution;
    vec4 result = vec4(0.0);
    float kernel[100];
    
    float kernelVals[100] = float[](0.5, 1.0, 1.5, 2.0, 2.5, 2.5, 2.0, 1.5, 1.0, 0.5,
                                    1.0, 2.0, 2.5, 3.0, 3.5, 3.5, 3.0, 2.5, 2.0, 1.0,
                                    1.5, 2.5, 3.0, 3.5, 4.0, 4.0, 3.5, 3.0, 2.5, 1.5,
                                    2.0, 3.0, 3.5, 4.0, 4.5, 4.5, 4.0, 3.5, 3.0, 2.0,
                                    2.5, 3.5, 4.0, 4.5, 5.0, 5.0, 4.5, 4.0, 3.5, 2.5,
                                    2.5, 3.5, 4.0, 4.5, 5.0, 5.0, 4.5, 4.0, 3.5, 2.5,
                                    2.0, 3.0, 3.5, 4.0, 4.5, 4.5, 4.0, 3.5, 3.0, 2.0,
                                    1.5, 2.5, 3.0, 3.5, 4.0, 4.0, 3.5, 3.0, 2.5, 1.5,
                                    1.0, 2.0, 2.5, 3.0, 3.5, 3.5, 3.0, 2.5, 2.0, 1.0,
                                    0.5, 1.0, 1.5, 2.0, 2.5, 2.5, 2.0, 1.5, 1.0, 0.5);
    
    for (int i = 0; i < 100; i++) {
        kernel[i] = kernelVals[i];
    }
    float kernelSum = 842.0;

    for (int x = -5; x <= 4; ++x) {
        for (int y = -5; y <= 4; ++y) {
            vec2 offset = vec2(float(x), float(y)) * texelSize;
            result += texture(image, uv + offset) * kernel[(y + 5) * 10 + (x + 5)];
        }
    }

    return result / kernelSum;
}

vec3 rainbow(float t) {
    t = fract(t);
    float r = abs(t * 6.0 - 3.0) - 1.0;
    float g = 2.0 - abs(t * 6.0 - 2.0);
    float b = 2.0 - abs(t * 6.0 - 4.0);
    return clamp(vec3(r, g, b), 0.0, 1.0);
}

void main(void) {
    vec4 tcolor = blur(samp, tc, iResolution);
    float time_t = pingPong(time_f, 10.0) + 2.0;
    
    vec2 uv = tc * 2.0 - 1.0;
    uv.y *= iResolution.y / iResolution.x;

    float t = pingPong(time_f, 20) + 1.0;
    
    float angle = atan(uv.y, uv.x) + t * 20.0;

    vec3 rainbow_color = rainbow(angle / (2.0 * 3.14159));
    vec3 blended_color = mix(tcolor.rgb, rainbow_color, 0.5);

    vec4 xorColor = xor_RGB(sin(vec4(blended_color,1) * time_t), cos(vec4(blended_color,1) * time_t));

    color = vec4(xorColor.rgb, tcolor.a);
}


================================================================================
[265] xor_rgb_rainbow_1.glsl
3D program: FAILED
2D program: FAILED

Compiler output:
[stderr] Error on Fragment compile
[stderr] Shader: ERROR: 0:14: '*' : wrong operand types - no operation '*' exists that takes a left-hand operand of type 'in highp 4-component vector of float' and a right operand of type 'const int' (or there is no acceptable conversion)
[stderr] ERROR: 0:16: '*' : wrong operand types - no operation '*' exists that takes a left-hand operand of type 'const int' and a right operand of type 'highp float' (or there is no acceptable conversion)
[stderr] ERROR: 0:20: '/' : wrong operand types - no operation '/' exists that takes a left-hand operand of type 'highp float' and a right operand of type 'const int' (or there is no acceptable conversion)
[stderr] Error on Fragment compile
[stderr] Shader: ERROR: 0:14: '*' : wrong operand types - no operation '*' exists that takes a left-hand operand of type 'in highp 4-component vector of float' and a right operand of type 'const int' (or there is no acceptable conversion)
[stderr] ERROR: 0:16: '*' : wrong operand types - no operation '*' exists that takes a left-hand operand of type 'const int' and a right operand of type 'highp float' (or there is no acceptable conversion)
[stderr] ERROR: 0:20: '/' : wrong operand types - no operation '/' exists that takes a left-hand operand of type 'highp float' and a right operand of type 'const int' (or there is no acceptable conversion)

Converted GLSL source:
#version 300 es
precision highp float;
precision highp int;

in vec2 TexCoord;
#define tc TexCoord
out vec4 color;
uniform sampler2D samp;
uniform float time_f;
uniform vec2 iResolution;

vec4 xor_RGB(vec4 icolor, vec4 source) {
    ivec3 int_color;
    ivec4 isource = ivec4(source * 255);
    for(int i = 0; i < 3; ++i) {
        int_color[i] = int(255 * icolor[i]);
        int_color[i] = int_color[i]^isource[i];
        if(int_color[i] > 255)
            int_color[i] = int_color[i]%255;
        icolor[i] = float(int_color[i])/255;
    }
    icolor.a = 1.0;
return icolor;
}

float pingPong(float x, float length) {
    float modVal = mod(x, length * 2.0);
    return modVal <= length ? modVal : length * 2.0 - modVal;
}

vec4 blur(sampler2D image, vec2 uv, vec2 resolution) {
    vec2 texelSize = 1.0 / resolution;
    vec4 result = vec4(0.0);
    float kernel[100];
    
    float kernelVals[100] = float[](0.5, 1.0, 1.5, 2.0, 2.5, 2.5, 2.0, 1.5, 1.0, 0.5,
                                    1.0, 2.0, 2.5, 3.0, 3.5, 3.5, 3.0, 2.5, 2.0, 1.0,
                                    1.5, 2.5, 3.0, 3.5, 4.0, 4.0, 3.5, 3.0, 2.5, 1.5,
                                    2.0, 3.0, 3.5, 4.0, 4.5, 4.5, 4.0, 3.5, 3.0, 2.0,
                                    2.5, 3.5, 4.0, 4.5, 5.0, 5.0, 4.5, 4.0, 3.5, 2.5,
                                    2.5, 3.5, 4.0, 4.5, 5.0, 5.0, 4.5, 4.0, 3.5, 2.5,
                                    2.0, 3.0, 3.5, 4.0, 4.5, 4.5, 4.0, 3.5, 3.0, 2.0,
                                    1.5, 2.5, 3.0, 3.5, 4.0, 4.0, 3.5, 3.0, 2.5, 1.5,
                                    1.0, 2.0, 2.5, 3.0, 3.5, 3.5, 3.0, 2.5, 2.0, 1.0,
                                    0.5, 1.0, 1.5, 2.0, 2.5, 2.5, 2.0, 1.5, 1.0, 0.5);
    
    for (int i = 0; i < 100; i++) {
        kernel[i] = kernelVals[i];
    }
    float kernelSum = 842.0;

    for (int x = -5; x <= 4; ++x) {
        for (int y = -5; y <= 4; ++y) {
            vec2 offset = vec2(float(x), float(y)) * texelSize;
            result += texture(image, uv + offset) * kernel[(y + 5) * 10 + (x + 5)];
        }
    }

    return result / kernelSum;
}

float hash(float n) {
    return fract(sin(n) * 43758.5453123);
}

vec2 random2(vec2 st) {
    st = vec2(dot(st, vec2(127.1, 311.7)),
              dot(st, vec2(269.5, 183.3)));
    return -1.0 + 2.0 * fract(sin(st) * 43758.5453123);
}

vec2 smoothRandom2(float t) {
    float t0 = floor(t);
    float t1 = t0 + 1.0;
    vec2 rand0 = random2(vec2(t0));
    vec2 rand1 = random2(vec2(t1));
    float mix_factor = fract(t);
    return mix(rand0, rand1, smoothstep(0.0, 1.0, mix_factor));
}

vec3 rainbow(float t) {
    t = fract(t);
    float r = abs(t * 6.0 - 3.0) - 1.0;
    float g = 2.0 - abs(t * 6.0 - 2.0);
    float b = 2.0 - abs(t * 6.0 - 4.0);
    return clamp(vec3(r, g, b), 0.0, 1.0);
}

void main(void) {
    vec4 tcolor = blur(samp, tc, iResolution);
    float time_t = pingPong(time_f, 10.0) + 2.0;
    float time_m = pingPong(time_f, 5.0) + 2.0;
    
    vec2 uv = tc * 2.0 - 1.0;
    uv.y *= iResolution.y / iResolution.x;
    float time_wave = pingPong(time_f, 15.0) + 1.0;
    float wave = sin(uv.x * 10.0 + time_wave * 2.0) * 0.1;
    vec2 random_direction = smoothRandom2(time_wave) * 0.5;
    float expand = 0.5 + 0.5 * sin(time_wave * 2.0);
    vec2 spiral_uv = uv * expand + random_direction;
    float angle = atan(spiral_uv.y + wave, spiral_uv.x) + time_wave * 2.0;
    vec3 rainbow_color = rainbow(angle / (2.0 * 3.14159));
    vec4 original_color = tcolor;
    vec3 blended_color = mix(original_color.rgb, rainbow_color, 0.5);
    
    color = xor_RGB(sin(vec4(blended_color, 1) * time_t), original_color * time_m);
}


================================================================================
[266] xor_rgb_rainbow_swirl_limit.glsl
3D program: FAILED
2D program: FAILED

Compiler output:
[stderr] Error on Fragment compile
[stderr] Shader: ERROR: 0:14: '*' : wrong operand types - no operation '*' exists that takes a left-hand operand of type 'in highp 4-component vector of float' and a right operand of type 'const int' (or there is no acceptable conversion)
[stderr] ERROR: 0:16: '*' : wrong operand types - no operation '*' exists that takes a left-hand operand of type 'const int' and a right operand of type 'highp float' (or there is no acceptable conversion)
[stderr] ERROR: 0:20: '/' : wrong operand types - no operation '/' exists that takes a left-hand operand of type 'highp float' and a right operand of type 'const int' (or there is no acceptable conversion)
[stderr] ERROR: 0:77: 'pingPong' : no matching overloaded function found
[stderr] Error on Fragment compile
[stderr] Shader: ERROR: 0:14: '*' : wrong operand types - no operation '*' exists that takes a left-hand operand of type 'in highp 4-component vector of float' and a right operand of type 'const int' (or there is no acceptable conversion)
[stderr] ERROR: 0:16: '*' : wrong operand types - no operation '*' exists that takes a left-hand operand of type 'const int' and a right operand of type 'highp float' (or there is no acceptable conversion)
[stderr] ERROR: 0:20: '/' : wrong operand types - no operation '/' exists that takes a left-hand operand of type 'highp float' and a right operand of type 'const int' (or there is no acceptable conversion)
[stderr] ERROR: 0:77: 'pingPong' : no matching overloaded function found

Converted GLSL source:
#version 300 es
precision highp float;
precision highp int;

in vec2 TexCoord;
#define tc TexCoord
out vec4 color;
uniform sampler2D samp;
uniform float time_f;
uniform vec2 iResolution;

vec4 xor_RGB(vec4 icolor, vec4 source) {
    ivec3 int_color;
    ivec4 isource = ivec4(source * 255);
    for(int i = 0; i < 3; ++i) {
        int_color[i] = int(255 * icolor[i]);
        int_color[i] = int_color[i]^isource[i];
        if(int_color[i] > 255)
            int_color[i] = int_color[i]%255;
        icolor[i] = float(int_color[i])/255;
    }
    icolor.a = 1.0;
return icolor;
}

float pingPong(float x, float length) {
    float modVal = mod(x, length * 2.0);
    return modVal <= length ? modVal : length * 2.0 - modVal;
}

vec4 blur(sampler2D image, vec2 uv, vec2 resolution) {
    vec2 texelSize = 1.0 / resolution;
    vec4 result = vec4(0.0);
    float kernel[100];
    
    float kernelVals[100] = float[](0.5, 1.0, 1.5, 2.0, 2.5, 2.5, 2.0, 1.5, 1.0, 0.5,
                                    1.0, 2.0, 2.5, 3.0, 3.5, 3.5, 3.0, 2.5, 2.0, 1.0,
                                    1.5, 2.5, 3.0, 3.5, 4.0, 4.0, 3.5, 3.0, 2.5, 1.5,
                                    2.0, 3.0, 3.5, 4.0, 4.5, 4.5, 4.0, 3.5, 3.0, 2.0,
                                    2.5, 3.5, 4.0, 4.5, 5.0, 5.0, 4.5, 4.0, 3.5, 2.5,
                                    2.5, 3.5, 4.0, 4.5, 5.0, 5.0, 4.5, 4.0, 3.5, 2.5,
                                    2.0, 3.0, 3.5, 4.0, 4.5, 4.5, 4.0, 3.5, 3.0, 2.0,
                                    1.5, 2.5, 3.0, 3.5, 4.0, 4.0, 3.5, 3.0, 2.5, 1.5,
                                    1.0, 2.0, 2.5, 3.0, 3.5, 3.5, 3.0, 2.5, 2.0, 1.0,
                                    0.5, 1.0, 1.5, 2.0, 2.5, 2.5, 2.0, 1.5, 1.0, 0.5);
    
    for (int i = 0; i < 100; i++) {
        kernel[i] = kernelVals[i];
    }
    float kernelSum = 842.0;

    for (int x = -5; x <= 4; ++x) {
        for (int y = -5; y <= 4; ++y) {
            vec2 offset = vec2(float(x), float(y)) * texelSize;
            result += texture(image, uv + offset) * kernel[(y + 5) * 10 + (x + 5)];
        }
    }

    return result / kernelSum;
}

vec3 rainbow(float t) {
    t = fract(t);
    float r = abs(t * 6.0 - 3.0) - 1.0;
    float g = 2.0 - abs(t * 6.0 - 2.0);
    float b = 2.0 - abs(t * 6.0 - 4.0);
    return clamp(vec3(r, g, b), 0.0, 1.0);
}

void main(void) {
    vec4 tcolor = blur(samp, tc, iResolution);
    float time_t = pingPong(time_f, 10.0) + 2.0;
    
    vec2 uv = tc * 2.0 - 1.0;
    uv.y *= iResolution.y / iResolution.x;

    float t = pingPong(time_f, 15) + 1.0;
    
    float wave = sin(uv.x * 10.0 + t * 2.0) * 0.1;
    float expand = 0.5 + 0.5 * sin(t * 2.0);
    vec2 spiral_uv = uv * expand + vec2(cos(t), sin(t)) * 0.2;

    float angle = atan(spiral_uv.y + wave, spiral_uv.x) + t * 2.0;

    vec3 rainbow_color = rainbow(angle / (2.0 * 3.14159));
    vec3 blended_color = mix(tcolor.rgb, rainbow_color, 0.5);

    color = xor_RGB(sin(vec4(blended_color,1) * time_t), tcolor * time_t);
}


================================================================================
[267] xor_rgb_smooth.glsl
3D program: FAILED
2D program: FAILED

Compiler output:
[stderr] Error on Fragment compile
[stderr] Shader: ERROR: 0:14: '*' : wrong operand types - no operation '*' exists that takes a left-hand operand of type 'in highp 4-component vector of float' and a right operand of type 'const int' (or there is no acceptable conversion)
[stderr] ERROR: 0:16: '*' : wrong operand types - no operation '*' exists that takes a left-hand operand of type 'const int' and a right operand of type 'highp float' (or there is no acceptable conversion)
[stderr] ERROR: 0:20: '/' : wrong operand types - no operation '/' exists that takes a left-hand operand of type 'highp float' and a right operand of type 'const int' (or there is no acceptable conversion)
[stderr] Error on Fragment compile
[stderr] Shader: ERROR: 0:14: '*' : wrong operand types - no operation '*' exists that takes a left-hand operand of type 'in highp 4-component vector of float' and a right operand of type 'const int' (or there is no acceptable conversion)
[stderr] ERROR: 0:16: '*' : wrong operand types - no operation '*' exists that takes a left-hand operand of type 'const int' and a right operand of type 'highp float' (or there is no acceptable conversion)
[stderr] ERROR: 0:20: '/' : wrong operand types - no operation '/' exists that takes a left-hand operand of type 'highp float' and a right operand of type 'const int' (or there is no acceptable conversion)

Converted GLSL source:
#version 300 es
precision highp float;
precision highp int;

in vec2 TexCoord;
#define tc TexCoord
out vec4 color;
uniform sampler2D samp;
uniform float time_f;
uniform vec2 iResolution;

vec4 xor_RGB(vec4 icolor, vec4 source) {
    ivec3 int_color;
    ivec4 isource = ivec4(source * 255);
    for(int i = 0; i < 3; ++i) {
        int_color[i] = int(255 * icolor[i]);
        int_color[i] = int_color[i]^isource[i];
        if(int_color[i] > 255)
            int_color[i] = int_color[i]%255;
        icolor[i] = float(int_color[i])/255;
    }
    icolor.a = 1.0;
return icolor;
}

float pingPong(float x, float length) {
    float modVal = mod(x, length * 2.0);
    return modVal <= length ? modVal : length * 2.0 - modVal;
}

vec4 blur(sampler2D image, vec2 uv, vec2 resolution) {
    vec2 texelSize = 1.0 / resolution;
    vec4 result = vec4(0.0);
    float kernel[49];
    kernel[0] = 0.5; kernel[1] = 1.0; kernel[2] = 2.0; kernel[3] = 2.5; kernel[4] = 2.0; kernel[5] = 1.0; kernel[6] = 0.5;
    kernel[7] = 1.0; kernel[8] = 2.0; kernel[9] = 3.0; kernel[10] = 3.5; kernel[11] = 3.0; kernel[12] = 2.0; kernel[13] = 1.0;
    kernel[14] = 2.0; kernel[15] = 3.0; kernel[16] = 4.0; kernel[17] = 4.5; kernel[18] = 4.0; kernel[19] = 3.0; kernel[20] = 2.0;
    kernel[21] = 2.5; kernel[22] = 3.5; kernel[23] = 4.5; kernel[24] = 5.0; kernel[25] = 4.5; kernel[26] = 3.5; kernel[27] = 2.5;
    kernel[28] = 2.0; kernel[29] = 3.0; kernel[30] = 4.0; kernel[31] = 4.5; kernel[32] = 4.0; kernel[33] = 3.0; kernel[34] = 2.0;
    kernel[35] = 1.0; kernel[36] = 2.0; kernel[37] = 3.0; kernel[38] = 3.5; kernel[39] = 3.0; kernel[40] = 2.0; kernel[41] = 1.0;
    kernel[42] = 0.5; kernel[43] = 1.0; kernel[44] = 2.0; kernel[45] = 2.5; kernel[46] = 2.0; kernel[47] = 1.0; kernel[48] = 0.5;

    float kernelSum = 272.0;

    for (int x = -3; x <= 3; ++x) {
        for (int y = -3; y <= 3; ++y) {
            vec2 offset = vec2(float(x), float(y)) * texelSize;
            result += texture(image, uv + offset) * kernel[(y + 3) * 7 + (x + 3)];
        }
    }

    return result / kernelSum;
}

void main(void) {
    vec4 tcolor = blur(samp, tc, iResolution);
    float time_t = pingPong(time_f, 10.0) + 2.0;
    color = xor_RGB(tcolor, tcolor * time_t);
}


================================================================================
[268] xor_rgb_smoother.glsl
3D program: FAILED
2D program: FAILED

Compiler output:
[stderr] Error on Fragment compile
[stderr] Shader: ERROR: 0:14: '*' : wrong operand types - no operation '*' exists that takes a left-hand operand of type 'in highp 4-component vector of float' and a right operand of type 'const int' (or there is no acceptable conversion)
[stderr] ERROR: 0:16: '*' : wrong operand types - no operation '*' exists that takes a left-hand operand of type 'const int' and a right operand of type 'highp float' (or there is no acceptable conversion)
[stderr] ERROR: 0:20: '/' : wrong operand types - no operation '/' exists that takes a left-hand operand of type 'highp float' and a right operand of type 'const int' (or there is no acceptable conversion)
[stderr] Error on Fragment compile
[stderr] Shader: ERROR: 0:14: '*' : wrong operand types - no operation '*' exists that takes a left-hand operand of type 'in highp 4-component vector of float' and a right operand of type 'const int' (or there is no acceptable conversion)
[stderr] ERROR: 0:16: '*' : wrong operand types - no operation '*' exists that takes a left-hand operand of type 'const int' and a right operand of type 'highp float' (or there is no acceptable conversion)
[stderr] ERROR: 0:20: '/' : wrong operand types - no operation '/' exists that takes a left-hand operand of type 'highp float' and a right operand of type 'const int' (or there is no acceptable conversion)

Converted GLSL source:
#version 300 es
precision highp float;
precision highp int;

in vec2 TexCoord;
#define tc TexCoord
out vec4 color;
uniform sampler2D samp;
uniform float time_f;
uniform vec2 iResolution;

vec4 xor_RGB(vec4 icolor, vec4 source) {
    ivec3 int_color;
    ivec4 isource = ivec4(source * 255);
    for(int i = 0; i < 3; ++i) {
        int_color[i] = int(255 * icolor[i]);
        int_color[i] = int_color[i]^isource[i];
        if(int_color[i] > 255)
            int_color[i] = int_color[i]%255;
        icolor[i] = float(int_color[i])/255;
    }
    icolor.a = 1.0;
return icolor;
}

float pingPong(float x, float length) {
    float modVal = mod(x, length * 2.0);
    return modVal <= length ? modVal : length * 2.0 - modVal;
}

vec4 blur(sampler2D image, vec2 uv, vec2 resolution) {
    vec2 texelSize = 1.0 / resolution;
    vec4 result = vec4(0.0);
    float kernel[100];
    
    float kernelVals[100] = float[](0.5, 1.0, 1.5, 2.0, 2.5, 2.5, 2.0, 1.5, 1.0, 0.5,
                                    1.0, 2.0, 2.5, 3.0, 3.5, 3.5, 3.0, 2.5, 2.0, 1.0,
                                    1.5, 2.5, 3.0, 3.5, 4.0, 4.0, 3.5, 3.0, 2.5, 1.5,
                                    2.0, 3.0, 3.5, 4.0, 4.5, 4.5, 4.0, 3.5, 3.0, 2.0,
                                    2.5, 3.5, 4.0, 4.5, 5.0, 5.0, 4.5, 4.0, 3.5, 2.5,
                                    2.5, 3.5, 4.0, 4.5, 5.0, 5.0, 4.5, 4.0, 3.5, 2.5,
                                    2.0, 3.0, 3.5, 4.0, 4.5, 4.5, 4.0, 3.5, 3.0, 2.0,
                                    1.5, 2.5, 3.0, 3.5, 4.0, 4.0, 3.5, 3.0, 2.5, 1.5,
                                    1.0, 2.0, 2.5, 3.0, 3.5, 3.5, 3.0, 2.5, 2.0, 1.0,
                                    0.5, 1.0, 1.5, 2.0, 2.5, 2.5, 2.0, 1.5, 1.0, 0.5);
    
    for (int i = 0; i < 100; i++) {
        kernel[i] = kernelVals[i];
    }
    float kernelSum = 842.0;

    for (int x = -5; x <= 4; ++x) {
        for (int y = -5; y <= 4; ++y) {
            vec2 offset = vec2(float(x), float(y)) * texelSize;
            result += texture(image, uv + offset) * kernel[(y + 5) * 10 + (x + 5)];
        }
    }

    return result / kernelSum;
}

void main(void) {
    vec4 tcolor = blur(samp, tc, iResolution);
    float time_t = pingPong(time_f, 10.0) + 2.0;
    color = xor_RGB(tcolor, tcolor * time_t);
}


================================================================================
[269] xor_rgb_smoother_mouse.glsl
3D program: FAILED
2D program: FAILED

Compiler output:
[stderr] Error on Fragment compile
[stderr] Shader: ERROR: 0:15: '*' : wrong operand types - no operation '*' exists that takes a left-hand operand of type 'in highp 4-component vector of float' and a right operand of type 'const int' (or there is no acceptable conversion)
[stderr] ERROR: 0:17: '*' : wrong operand types - no operation '*' exists that takes a left-hand operand of type 'const int' and a right operand of type 'highp float' (or there is no acceptable conversion)
[stderr] ERROR: 0:21: '/' : wrong operand types - no operation '/' exists that takes a left-hand operand of type 'highp float' and a right operand of type 'const int' (or there is no acceptable conversion)
[stderr] Error on Fragment compile
[stderr] Shader: ERROR: 0:15: '*' : wrong operand types - no operation '*' exists that takes a left-hand operand of type 'in highp 4-component vector of float' and a right operand of type 'const int' (or there is no acceptable conversion)
[stderr] ERROR: 0:17: '*' : wrong operand types - no operation '*' exists that takes a left-hand operand of type 'const int' and a right operand of type 'highp float' (or there is no acceptable conversion)
[stderr] ERROR: 0:21: '/' : wrong operand types - no operation '/' exists that takes a left-hand operand of type 'highp float' and a right operand of type 'const int' (or there is no acceptable conversion)

Converted GLSL source:
#version 300 es
precision highp float;
precision highp int;

in vec2 TexCoord;
#define tc TexCoord
out vec4 color;
uniform sampler2D samp;
uniform float time_f;
uniform vec2 iResolution;
uniform vec4 iMouse;

vec4 xor_RGB(vec4 icolor, vec4 source) {
    ivec3 int_color;
    ivec4 isource = ivec4(source * 255);
    for(int i = 0; i < 3; ++i) {
        int_color[i] = int(255 * icolor[i]);
        int_color[i] = int_color[i]^isource[i];
        if(int_color[i] > 255)
            int_color[i] = int_color[i]%255;
        icolor[i] = float(int_color[i])/255;
    }
    icolor.a = 1.0;
    return icolor;
}

float pingPong(float x, float length) {
    float modVal = mod(x, length * 2.0);
    return modVal <= length ? modVal : length * 2.0 - modVal;
}

vec4 blur(sampler2D image, vec2 uv, vec2 resolution) {
    vec2 texelSize = 1.0 / resolution;
    vec4 result = vec4(0.0);
    float kernel[100];
    float kernelVals[100] = float[](0.5,1.0,1.5,2.0,2.5,2.5,2.0,1.5,1.0,0.5,
                                    1.0,2.0,2.5,3.0,3.5,3.5,3.0,2.5,2.0,1.0,
                                    1.5,2.5,3.0,3.5,4.0,4.0,3.5,3.0,2.5,1.5,
                                    2.0,3.0,3.5,4.0,4.5,4.5,4.0,3.5,3.0,2.0,
                                    2.5,3.5,4.0,4.5,5.0,5.0,4.5,4.0,3.5,2.5,
                                    2.5,3.5,4.0,4.5,5.0,5.0,4.5,4.0,3.5,2.5,
                                    2.0,3.0,3.5,4.0,4.5,4.5,4.0,3.5,3.0,2.0,
                                    1.5,2.5,3.0,3.5,4.0,4.0,3.5,3.0,2.5,1.5,
                                    1.0,2.0,2.5,3.0,3.5,3.5,3.0,2.5,2.0,1.0,
                                    0.5,1.0,1.5,2.0,2.5,2.5,2.0,1.5,1.0,0.5);
    for (int i = 0; i < 100; i++) kernel[i] = kernelVals[i];
    float kernelSum = 842.0;
    for (int x = -5; x <= 4; ++x) {
        for (int y = -5; y <= 4; ++y) {
            vec2 offset = vec2(float(x), float(y)) * texelSize;
            result += texture(image, uv + offset) * kernel[(y + 5) * 10 + (x + 5)];
        }
    }
    return result / kernelSum;
}

void main(void) {
    vec2 m = (iMouse.z > 0.5 ? iMouse.xy : 0.5 * iResolution) / iResolution;
    vec2 ar = vec2(iResolution.x / iResolution.y, 1.0);
    float d = length((tc - m) * ar);
    float focus = 1.0 - smoothstep(0.15, 0.45, d);
    vec4 base = texture(samp, tc);
    vec4 tcolor = blur(samp, tc, iResolution);
    float time_t = pingPong(time_f, 10.0) + 2.0;
    vec4 fx = xor_RGB(tcolor, tcolor * time_t);
    color = mix(base, fx, focus);
}


================================================================================
[270] xor_sine_swirl.glsl
3D program: FAILED
2D program: FAILED

Compiler output:
[stderr] Error on Fragment compile
[stderr] Shader: ERROR: 0:27: '*' : wrong operand types - no operation '*' exists that takes a left-hand operand of type 'in highp 4-component vector of float' and a right operand of type 'const int' (or there is no acceptable conversion)
[stderr] ERROR: 0:29: '*' : wrong operand types - no operation '*' exists that takes a left-hand operand of type 'const int' and a right operand of type 'highp float' (or there is no acceptable conversion)
[stderr] ERROR: 0:33: '/' : wrong operand types - no operation '/' exists that takes a left-hand operand of type 'highp float' and a right operand of type 'const int' (or there is no acceptable conversion)
[stderr] Error on Fragment compile
[stderr] Shader: ERROR: 0:27: '*' : wrong operand types - no operation '*' exists that takes a left-hand operand of type 'in highp 4-component vector of float' and a right operand of type 'const int' (or there is no acceptable conversion)
[stderr] ERROR: 0:29: '*' : wrong operand types - no operation '*' exists that takes a left-hand operand of type 'const int' and a right operand of type 'highp float' (or there is no acceptable conversion)
[stderr] ERROR: 0:33: '/' : wrong operand types - no operation '/' exists that takes a left-hand operand of type 'highp float' and a right operand of type 'const int' (or there is no acceptable conversion)

Converted GLSL source:
#version 300 es
precision highp float;
precision highp int;
out vec4 color;
in vec2 TexCoord;
#define tc TexCoord

uniform sampler2D samp;
uniform float time_f;
uniform vec2 iResolution;

vec3 rainbow(float t) {
    float hue = mod(t, 1.0) * 6.0;
    float c = 1.0;
    float x = 1.0 - abs(mod(hue, 2.0) - 1.0);
    vec3 rgb = (hue < 1.0) ? vec3(c, x, 0.0) :
               (hue < 2.0) ? vec3(x, c, 0.0) :
               (hue < 3.0) ? vec3(0.0, c, x) :
               (hue < 4.0) ? vec3(0.0, x, c) :
               (hue < 5.0) ? vec3(x, 0.0, c) :
                             vec3(c, 0.0, x);
    return rgb;
}

vec4 xor_RGB(vec4 icolor, vec4 source) {
    ivec3 int_color;
    ivec4 isource = ivec4(source * 255);
    for(int i = 0; i < 3; ++i) {
        int_color[i] = int(255 * icolor[i]);
        int_color[i] = int_color[i]^isource[i];
        if(int_color[i] > 255)
            int_color[i] = int_color[i]%255;
        icolor[i] = float(int_color[i])/255;
    }
    icolor.a = 1.0;
return icolor;
}


void main(void) {
    vec2 center = vec2(0.5, 0.5);
    vec2 dir = tc - center;
    float dist = length(dir);
    float angle = atan(dir.y, dir.x);
    float frequency = 1.0;
    float amplitude = 3.0;
    float spiralTime = sin(time_f * frequency) * amplitude;
    float scale = 1.0;
    float gradient_pos = mod(dist * scale + (angle + spiralTime) / (2.0 * 3.14159), 1.0);
    vec3 color_gradient = rainbow(gradient_pos);
    vec4 ctx = texture(samp, tc);
    float time_t = mod(time_f, 10.0) + 2.0;
    color = xor_RGB(ctx, vec4(color_gradient, 1.0));
}



================================================================================
[271] xorsheet.glsl
3D program: FAILED
2D program: FAILED

Compiler output:
[stderr] Error on Fragment compile
[stderr] Shader: ERROR: 0:25: '*' : wrong operand types - no operation '*' exists that takes a left-hand operand of type 'in highp 4-component vector of float' and a right operand of type 'const int' (or there is no acceptable conversion)
[stderr] ERROR: 0:27: '*' : wrong operand types - no operation '*' exists that takes a left-hand operand of type 'in highp 4-component vector of float' and a right operand of type 'const int' (or there is no acceptable conversion)
[stderr] ERROR: 0:36: '/' : wrong operand types - no operation '/' exists that takes a left-hand operand of type 'highp float' and a right operand of type 'const int' (or there is no acceptable conversion)
[stderr] ERROR: 0:47: '/' : wrong operand types - no operation '/' exists that takes a left-hand operand of type 'highp float' and a right operand of type 'const int' (or there is no acceptable conversion)
[stderr] ERROR: 0:47: '/' : wrong operand types - no operation '/' exists that takes a left-hand operand of type 'highp float' and a right operand of type 'const int' (or there is no acceptable conversion)
[stderr] ERROR: 0:48: '/' : wrong operand types - no operation '/' exists that takes a left-hand operand of type 'highp float' and a right operand of type 'const int' (or there is no acceptable conversion)
[stderr] ERROR: 0:48: '/' : wrong operand types - no operation '/' exists that takes a left-hand operand of type 'highp float' and a right operand of type 'const int' (or there is no acceptable conversion)
[stderr] ERROR: 0:49: '/' : wrong operand types - no operation '/' exists that takes a left-hand operand of type 'highp float' and a right operand of type 'const int' (or there is no acceptable conversion)
[stderr] ERROR: 0:49: '/' : wrong operand types - no operation '/' exists that takes a left-hand operand of type 'highp float' and a right operand of type 'const int' (or there is no acceptable conversion)
[stderr] ERROR: 0:52: '/' : wrong operand types - no operation '/' exists that takes a left-hand operand of type 'highp 2-component vector of float' and a right operand of type 'const int' (or there is no acceptable conversion)
[stderr] Error on Fragment compile
[stderr] Shader: ERROR: 0:25: '*' : wrong operand types - no operation '*' exists that takes a left-hand operand of type 'in highp 4-component vector of float' and a right operand of type 'const int' (or there is no acceptable conversion)
[stderr] ERROR: 0:27: '*' : wrong operand types - no operation '*' exists that takes a left-hand operand of type 'in highp 4-component vector of float' and a right operand of type 'const int' (or there is no acceptable conversion)
[stderr] ERROR: 0:36: '/' : wrong operand types - no operation '/' exists that takes a left-hand operand of type 'highp float' and a right operand of type 'const int' (or there is no acceptable conversion)
[stderr] ERROR: 0:47: '/' : wrong operand types - no operation '/' exists that takes a left-hand operand of type 'highp float' and a right operand of type 'const int' (or there is no acceptable conversion)
[stderr] ERROR: 0:47: '/' : wrong operand types - no operation '/' exists that takes a left-hand operand of type 'highp float' and a right operand of type 'const int' (or there is no acceptable conversion)
[stderr] ERROR: 0:48: '/' : wrong operand types - no operation '/' exists that takes a left-hand operand of type 'highp float' and a right operand of type 'const int' (or there is no acceptable conversion)
[stderr] ERROR: 0:48: '/' : wrong operand types - no operation '/' exists that takes a left-hand operand of type 'highp float' and a right operand of type 'const int' (or there is no acceptable conversion)
[stderr] ERROR: 0:49: '/' : wrong operand types - no operation '/' exists that takes a left-hand operand of type 'highp float' and a right operand of type 'const int' (or there is no acceptable conversion)
[stderr] ERROR: 0:49: '/' : wrong operand types - no operation '/' exists that takes a left-hand operand of type 'highp float' and a right operand of type 'const int' (or there is no acceptable conversion)
[stderr] ERROR: 0:52: '/' : wrong operand types - no operation '/' exists that takes a left-hand operand of type 'highp 2-component vector of float' and a right operand of type 'const int' (or there is no acceptable conversion)

Converted GLSL source:
#version 300 es
precision highp float;
precision highp int;
in vec2 TexCoord;
#define tc TexCoord
out vec4 color;
uniform float alpha_r;
uniform float alpha_g;
uniform float alpha_b;
uniform float alpha;
uniform vec4 optx;
uniform vec4 random_var;
uniform float alpha_value;
uniform mat4 mv_matrix;
uniform mat4 proj_matrix;
uniform sampler2D samp;
uniform float value_alpha_r, value_alpha_g, value_alpha_b;
uniform float index_value;
uniform float time_f;

uniform float restore_black;

vec4 color_blend(vec4 color) {
    vec4 color2 = color;
    ivec4 color_source = ivec4(color * 255);
    color = color*alpha;
    ivec4 colori = ivec4(color * 255);
    for(int i = 0; i < 3; ++i) {
        if(colori[i] >= 255)
            colori[i] = colori[i]%255;
        
        if(color_source[i] >= 255)
            color_source[i] = color_source[i]%255;
        
        colori[i] = colori[i] ^ color_source[i];
        color[i] = float(colori[i])/255;
    }
    
    for(int i = 0; i < 3; ++i)
        if(color[i] < 0.2) color[i] = color2[i];
    return color;
}

void main(void)
{
    color = texture(samp, tc);
    vec2 cord1 = vec2(tc[0]/2, tc[0]/2);
    vec2 cord2 = vec2(tc[0]/4, tc[0]/4);
    vec2 cord3 = vec2(tc[0]/8, tc[0]/8);
    vec4 col1 = texture(samp, cord1);
    vec4 col2 = texture(samp, cord2);
    vec2 p = gl_FragCoord.xy / 32;
    vec2 d = fract(p);
    color[1] = (color[1]+col1[1])*(d[0]+d[1]);
    color[2] = (color[2]+col2[2])*(d[0]+d[1]);
    
    color = color_blend(color);
}



================================================================================
[272] xorsheet_2.glsl
3D program: FAILED
2D program: FAILED

Compiler output:
[stderr] Error on Fragment compile
[stderr] Shader: ERROR: 0:26: '*' : wrong operand types - no operation '*' exists that takes a left-hand operand of type 'const int' and a right operand of type 'highp float' (or there is no acceptable conversion)
[stderr] ERROR: 0:30: '/' : wrong operand types - no operation '/' exists that takes a left-hand operand of type 'highp float' and a right operand of type 'const int' (or there is no acceptable conversion)
[stderr] ERROR: 0:39: '*' : wrong operand types - no operation '*' exists that takes a left-hand operand of type 'out highp 4-component vector of float' and a right operand of type 'const int' (or there is no acceptable conversion)
[stderr] ERROR: 0:40: '/' : wrong operand types - no operation '/' exists that takes a left-hand operand of type 'highp 2-component vector of float' and a right operand of type 'const int' (or there is no acceptable conversion)
[stderr] ERROR: 0:43: '[' : array indexes for fragment outputs must be constant integral expressions
[stderr] ERROR: 0:43: '[' : array indexes for fragment outputs must be constant integral expressions
[stderr] Error on Fragment compile
[stderr] Shader: ERROR: 0:26: '*' : wrong operand types - no operation '*' exists that takes a left-hand operand of type 'const int' and a right operand of type 'highp float' (or there is no acceptable conversion)
[stderr] ERROR: 0:30: '/' : wrong operand types - no operation '/' exists that takes a left-hand operand of type 'highp float' and a right operand of type 'const int' (or there is no acceptable conversion)
[stderr] ERROR: 0:39: '*' : wrong operand types - no operation '*' exists that takes a left-hand operand of type 'out highp 4-component vector of float' and a right operand of type 'const int' (or there is no acceptable conversion)
[stderr] ERROR: 0:40: '/' : wrong operand types - no operation '/' exists that takes a left-hand operand of type 'highp 2-component vector of float' and a right operand of type 'const int' (or there is no acceptable conversion)
[stderr] ERROR: 0:43: '[' : array indexes for fragment outputs must be constant integral expressions
[stderr] ERROR: 0:43: '[' : array indexes for fragment outputs must be constant integral expressions

Converted GLSL source:
#version 300 es
precision highp float;
precision highp int;
in vec2 TexCoord;
#define tc TexCoord
out vec4 color;
uniform float alpha_r;
uniform float alpha_g;
uniform float alpha_b;
uniform float alpha;
uniform vec4 optx;
uniform vec4 random_var;
uniform float alpha_value;
uniform mat4 mv_matrix;
uniform mat4 proj_matrix;
uniform sampler2D samp;
uniform float value_alpha_r, value_alpha_g, value_alpha_b;
uniform float index_value;
uniform float time_f;

uniform float restore_black;

vec4 xor_RGB(vec4 icolor, ivec4 isource) {
    ivec3 int_color;
    for(int i = 0; i < 3; ++i) {
        int_color[i] = int(255 * icolor[i]);
        int_color[i] = int_color[i]^isource[i];
        if(int_color[i] > 255)
            int_color[i] = int_color[i]%255;
        icolor[i] = float(int_color[i])/255;
    }
    icolor.a = 1.0;
return icolor;
}

void main(void)
{
    color = texture(samp, tc);
    ivec4 source = ivec4(color * 255);
    vec2 start = gl_FragCoord.xy / 64;
    vec2 val = fract(start);
    for(int i = 0; i < 3; ++i) {
        color[i] += color[i]*(val[0]+val[1]);
    }
    color = xor_RGB(color, source);
}



================================================================================
[273] xorstrobe.glsl
3D program: FAILED
2D program: FAILED

Compiler output:
[stderr] Error on Fragment compile
[stderr] Shader: ERROR: 0:29: '[' : array indexes for fragment outputs must be constant integral expressions
[stderr] ERROR: 0:29: '*' : wrong operand types - no operation '*' exists that takes a left-hand operand of type 'const int' and a right operand of type 'highp float' (or there is no acceptable conversion)
[stderr] ERROR: 0:32: '*' : wrong operand types - no operation '*' exists that takes a left-hand operand of type 'highp int' and a right operand of type 'uniform highp float' (or there is no acceptable conversion)
[stderr] ERROR: 0:32: 'assign' : cannot convert from 'highp int' to 'highp float'
[stderr] ERROR: 0:33: '*' : wrong operand types - no operation '*' exists that takes a left-hand operand of type 'highp int' and a right operand of type 'uniform highp float' (or there is no acceptable conversion)
[stderr] ERROR: 0:33: 'assign' : cannot convert from 'highp int' to 'highp float'
[stderr] ERROR: 0:34: '*' : wrong operand types - no operation '*' exists that takes a left-hand operand of type 'highp int' and a right operand of type 'uniform highp float' (or there is no acceptable conversion)
[stderr] ERROR: 0:34: 'assign' : cannot convert from 'highp int' to 'highp float'
[stderr] ERROR: 0:40: '[' : array indexes for fragment outputs must be constant integral expressions
[stderr] ERROR: 0:40: '*' : wrong operand types - no operation '*' exists that takes a left-hand operand of type 'const int' and a right operand of type 'highp float' (or there is no acceptable conversion)
[stderr] ERROR: 0:44: '[' : array indexes for fragment outputs must be constant integral expressions
[stderr] ERROR: 0:44: '/' : wrong operand types - no operation '/' exists that takes a left-hand operand of type 'highp float' and a right operand of type 'const int' (or there is no acceptable conversion)
[stderr] Error on Fragment compile
[stderr] Shader: ERROR: 0:29: '[' : array indexes for fragment outputs must be constant integral expressions
[stderr] ERROR: 0:29: '*' : wrong operand types - no operation '*' exists that takes a left-hand operand of type 'const int' and a right operand of type 'highp float' (or there is no acceptable conversion)
[stderr] ERROR: 0:32: '*' : wrong operand types - no operation '*' exists that takes a left-hand operand of type 'highp int' and a right operand of type 'uniform highp float' (or there is no acceptable conversion)
[stderr] ERROR: 0:32: 'assign' : cannot convert from 'highp int' to 'highp float'
[stderr] ERROR: 0:33: '*' : wrong operand types - no operation '*' exists that takes a left-hand operand of type 'highp int' and a right operand of type 'uniform highp float' (or there is no acceptable conversion)
[stderr] ERROR: 0:33: 'assign' : cannot convert from 'highp int' to 'highp float'
[stderr] ERROR: 0:34: '*' : wrong operand types - no operation '*' exists that takes a left-hand operand of type 'highp int' and a right operand of type 'uniform highp float' (or there is no acceptable conversion)
[stderr] ERROR: 0:34: 'assign' : cannot convert from 'highp int' to 'highp float'
[stderr] ERROR: 0:40: '[' : array indexes for fragment outputs must be constant integral expressions
[stderr] ERROR: 0:40: '*' : wrong operand types - no operation '*' exists that takes a left-hand operand of type 'const int' and a right operand of type 'highp float' (or there is no acceptable conversion)
[stderr] ERROR: 0:44: '[' : array indexes for fragment outputs must be constant integral expressions
[stderr] ERROR: 0:44: '/' : wrong operand types - no operation '/' exists that takes a left-hand operand of type 'highp float' and a right operand of type 'const int' (or there is no acceptable conversion)

Converted GLSL source:
#version 300 es
precision highp float;
precision highp int;
in vec2 TexCoord;
#define tc TexCoord
out vec4 color;
uniform float alpha_r;
uniform float alpha_g;
uniform float alpha_b;
uniform float alpha;
uniform vec4 optx;
uniform vec4 random_var;
uniform float alpha_value;

uniform mat4 mv_matrix;
uniform mat4 proj_matrix;
uniform sampler2D samp;
uniform float value_alpha_r, value_alpha_g, value_alpha_b;
uniform float index_value;
uniform float time_f;

uniform float restore_black;

void main(void)
{
    color = texture(samp, tc);
    ivec3 source;
    for(int i = 0; i < 3; ++i) {
        source[i] = int(255 * color[i]);
    }
    vec3 colorval;
    colorval[0] = (source[0] * alpha_r)/255;
    colorval[1] = (source[1] * alpha_g)/255;
    colorval[2] = (source[2] * alpha_b)/255;
    color[0] = colorval[0] * alpha_r;
    color[1] = colorval[1] * alpha_g;
    color[2] = colorval[2] * alpha_b;
    ivec3 int_color;
    for(int i = 0; i < 3; ++i) {
        int_color[i] = int(255 * color[i]);
        int_color[i] = int(tc[0])^int_color[i]^source[i];
        if(int_color[i] > 255)
            int_color[i] = int_color[i]%255;
        color[i] = float(int_color[i])/255;
    }
}


